applied_lat_ms,applied_t,cmd_vx,cmd_yaw,conf,event,frame_age,frame_count,fw_ts,pitch,px,py,pz,roll,size,size_bucket,streak,t,t_proc,torn_frames,tracking,wall,x,x_bin,x_soft,yaw
41.696041997056454,11.604137749993242,0.0,0.0,0.9953893423080444,,0.037227499997243285,169,14891,0.0,-1.8782685910073704e-13,-2.4546579436494735e-14,0.8440297245979309,0.0,0.375,1,1,11.60409045900451,11.599669916962739,0,0,1789187141.368337,-0.444444477558136,2,-0.47192201018333435,0.0
32.19087503384799,11.661485708958935,0.0,0.0,0.9950284361839294,,0.030783208028879017,170,14940,0.0,-2.0914665127807347e-13,-2.6332190957876686e-14,0.8421246409416199,0.0,0.375,1,2,11.66147066699341,11.660078166984022,0,0,1789187141.425714,-0.444444477558136,2,-0.47202548384666443,0.0
12.227500032167882,11.709620083973277,0.2,26.66666865348816,0.9957301020622253,,0.011062458041124046,171,14990,0.0,-2.3370303088576794e-13,-2.838467037368647e-14,0.8400549292564392,0.0,0.375,1,3,11.70960770896636,11.70845516701229,0,1,1789187141.473851,-0.444444477558136,2,-0.4664958119392395,0.0
19.66379099758342,11.784305333974771,0.0,26.66666865348816,0.999638557434082,,0.01803891599411145,172,15040,-0.019128402695059776,6.214580139385362e-07,-1.5279560949821303e-09,0.8381126523017883,0.0,0.625,2,4,11.784293124976102,11.782680624979548,0,1,1789187141.548536,-0.444444477558136,2,-0.46112996339797974,0.0
22.297375020571053,11.854705541976728,0.2,26.66666865348816,0.9938697814941406,,0.02102387504419312,173,15140,-2.696746587753296,0.00036486241151578724,-4.4926412101631286e-07,0.8349499702453613,-0.004519048612564802,0.375,1,5,11.854695374961011,11.853432125004474,0,1,1789187141.6189382,-0.444444477558136,2,-0.4587225914001465,0.06361233443021774
26.45175001816824,11.928461999981664,0.0,26.66666865348816,0.9984419941902161,,0.024954249965958297,174,15190,-2.2526357173919678,0.0014411628944799304,2.2955050553719047e-06,0.8333805799484253,-0.02170477993786335,0.625,2,6,11.92844824999338,11.92696462495951,0,1,1789187141.6926908,-0.444444477558136,2,-0.45691293478012085,0.24591171741485596
5.132040998432785,11.975645041966345,0.2,26.66666865348816,0.9829398393630981,,0.0038323330227285624,175,15241,-0.7781780362129211,0.002822762355208397,1.1298155186523218e-05,0.8321599364280701,0.011381096206605434,0.375,1,7,11.975631874985993,11.974345416994765,0,1,1789187141.7398741,-0.444444477558136,2,-0.43717727065086365,0.5560606718063354
7.4700829572975636,12.044114833988715,0.0,26.66666865348816,0.9986829161643982,,0.006162582954857498,176,15290,-1.593613862991333,0.004786000121384859,2.1750303858425468e-05,0.8307619690895081,0.06411746144294739,0.625,2,8,12.0441027089837,12.042807374964468,0,1,1789187141.808345,-0.444444477558136,2,-0.4381117522716522,1.2096977233886719
11.25104195671156,12.113697083957959,0.2,26.66666865348816,0.9971936941146851,,0.0101491249515675,177,15393,-2.1135640144348145,0.008653593249619007,3.2819756597746164e-05,0.8284645676612854,0.035872932523489,0.375,1,9,12.113682999974117,12.11259524995694,0,1,1789187141.8779252,-0.444444477558136,2,-0.42458629608154297,3.08259654045105
15.793166996445507,12.183623041957617,0.0,26.66666865348816,0.9923081398010254,,0.014831541979219764,178,15441,-1.0170313119888306,0.010612627491354942,5.895504364161752e-05,0.8276585936546326,0.054720599204301834,0.625,2,10,12.18361124995863,12.182661458966322,0,1,1789187141.947853,-0.444444477558136,2,-0.40629613399505615,4.065872669219971
21.93858299870044,12.257217334001325,0.0,26.66666865348816,0.9916806817054749,,0.019899957987945527,179,15540,-1.6318777799606323,0.01588882878422737,0.0001506856788182631,0.8261787295341492,-0.04650372266769409,0.625,2,11,12.25719258398749,12.255178916966543,0,1,1789187142.021436,-0.444444477558136,2,-0.3746749460697174,6.740730285644531
1.5663749654777348,12.305316958983894,0.0,13.333333432674408,0.9864606857299805,,5.875015631318092e-06,180,15591,-1.591093897819519,0.018455496057868004,0.00025067690876312554,0.8255564570426941,-0.03640618547797203,0.625,2,12,12.305304249981418,12.303756584005896,0,1,1789187142.069546,-0.2222222238779068,3,-0.2956394553184509,8.014067649841309
6.059083039872348,12.375762709008995,0.2,13.333333432674408,0.9991313815116882,,0.0049121659831143916,181,15640,1.0646191835403442,0.021537963300943375,0.0004291959048714489,0.8250356316566467,-0.01589404232800007,0.375,1,13,12.375751084007788,12.374615874956362,0,1,1789187142.139992,-0.2222222238779068,3,-0.26580435037612915,9.16059398651123
11.019833036698401,12.446706999966409,0.2,13.333333432674408,0.996177077293396,,0.009887958003673702,182,15692,2.227908134460449,0.02366027794778347,0.0005286544328555465,0.8245953321456909,-0.12220443040132523,0.375,1,14,12.446693125006277,12.445575166959316,0,1,1789187142.210934,-0.2222222238779068,3,-0.235520601272583,9.993431091308594
17.344416002742946,12.519362958963029,0.0,13.333333432674408,0.9968817234039307,,0.016106666007544845,183,15791,-2.2559075355529785,0.02736940234899521,0.0006961821927689016,0.8238595128059387,-0.23197820782661438,0.625,2,15,12.519351541996002,12.518125250004232,0,1,1789187142.283592,-0.2222222238779068,3,-0.2195846289396286,11.521429061889648
23.39008398121223,12.592005916987546,0.0,13.333333432674408,0.9890930652618408,,0.022401208989322186,184,15841,-3.0347964763641357,0.03003295138478279,0.0010280981659889221,0.823605477809906,-0.09362417459487915,0.625,2,16,12.59199304197682,12.59101708396338,0,1,1789187142.356234,-0.2222222238779068,3,-0.21922917664051056,12.08316707611084
3.0911670182831585,12.640189833997283,0.2,13.333333432674408,0.9941086769104004,,0.0019640420214273036,185,15891,-1.6531628370285034,0.03295135870575905,0.0014290629187598825,0.8234188556671143,-0.038416411727666855,0.375,1,17,12.640176749962848,12.639062792004552,0,1,1789187142.404417,-0.2222222238779068,3,-0.2178555428981781,12.428875923156738
8.74150003073737,12.711522249970585,0.2,13.333333432674408,0.9972984194755554,,0.0073962919996120036,186,15990,1.0350905656814575,0.04055210202932358,0.002497636014595628,0.8231779336929321,-0.1269562989473343,0.375,1,18,12.711512624984607,12.710177083965391,0,1,1789187142.475753,-0.2222222238779068,3,-0.20588859915733337,13.418522834777832
14.935709012206644,12.783852666965686,0.0,13.333333432674408,0.9969655871391296,,0.013763124996330589,187,16040,-1.4107588529586792,0.043592486530542374,0.002902714302763343,0.823134183883667,-0.15342555940151215,0.625,2,19,12.783840541960672,12.782680124975741,0,1,1789187142.548081,-0.2222222238779068,3,-0.20950230956077576,13.97911548614502
24.727166048251092,12.85991479200311,0.0,13.333333432674408,0.974994421005249,,0.022568291053175926,188,16140,-1.9287571907043457,0.05081341043114662,0.004102480597794056,0.8230658769607544,-0.055314481258392334,0.625,2,20,12.859903374977876,12.85775600001216,0,1,1789187142.6241438,-0.2222222238779068,3,-0.17711636424064636,15.280945777893066
8.501124975737184,12.91070074995514,0.0,13.333333432674408,0.9989758729934692,,0.0074759169947355986,189,16191,0.9329023361206055,0.055502671748399734,0.00498333852738142,0.8230319023132324,-0.05065003037452698,0.625,2,21,12.910692458972335,12.90967558400007,0,1,1789187142.674933,-0.2222222238779068,3,-0.17287209630012512,15.998417854309082
9.723750001285225,12.980132500000764,0.2,0.0,0.9946631193161011,,0.008636250044219196,190,16240,1.9583206176757812,0.05957399308681488,0.005742928478866816,0.8229959011077881,-0.1693919152021408,0.375,1,22,12.980117583996616,12.979045042011421,0,1,1789187142.7443578,0.0,4,-0.09537345170974731,16.659292221069336
17.14479102520272,13.053563874971587,0.2,0.0,0.9918562173843384,,0.016084125032648444,191,16340,0.3821944296360016,0.06516612321138382,0.006772615946829319,0.822978138923645,-0.26158463954925537,0.375,1,23,13.053552083962131,13.052503334009089,0,1,1789187142.817792,0.0,4,-0.031219208613038063,17.81740951538086
19.893250020686537,13.122237959003542,0.0,0.0,0.9549033045768738,,0.01855158299440518,192,16391,-0.7886164784431458,0.06811679899692535,0.0074098980985581875,0.8229861259460449,-0.18861758708953857,0.625,2,24,13.122226999956183,13.120896374981385,0,1,1789187142.886467,0.0,4,-0.01667536422610283,18.41504669189453
4.871124983765185,13.173506999970414,0.2,0.0,0.9827576279640198,,0.0036292499862611294,193,16441,-2.0788934230804443,0.07152942568063736,0.008209431543946266,0.8229967951774597,-0.13169747591018677,0.375,1,25,13.173494249989744,13.17226516699884,0,1,1789187142.937734,0.0,4,-0.01655874028801918,18.912504196166992
7.166416966356337,13.242552542011254,0.0,0.0,0.9724201560020447,,0.005612791981548071,194,16491,-1.6581223011016846,0.07567939162254333,0.009253943338990211,0.822992205619812,-0.10283411294221878,0.625,2,26,13.242539624974597,13.240998958994169,0,1,1789187143.00678,0.0,4,-0.029343683272600174,19.321714401245117
13.536208018194884,13.317336833977606,0.0,0.0,0.975735068321228,,0.012197333038784564,195,16590,-0.6292862892150879,0.08371230959892273,0.011358729563653469,0.8229101896286011,-0.1308363825082779,0.625,2,27,13.317325624986552,13.31599804200232,0,1,1789187143.081565,0.0,4,-0.041340421885252,19.716642379760742
22.176291968207806,13.39194162498461,0.0,0.0,0.9683427214622498,,0.021110374946147203,196,16641,-1.106918215751648,0.08832123130559921,0.012602822855114937,0.822802722454071,-0.14481371641159058,0.625,2,28,13.391929459001403,13.390875791956205,0,1,1789187143.156169,0.0,4,-0.03167106583714485,19.810935974121094
6.360416009556502,13.442171291972045,0.0,0.0,0.9867246747016907,,0.005186916037928313,197,16690,0.7665219902992249,0.09274410456418991,0.013850018382072449,0.8226727843284607,-0.14791032671928406,0.625,2,29,13.442159833968617,13.440997875004541,0,1,1789187143.206399,0.0,4,-0.029127022251486778,19.866090774536133
14.682083972729743,13.516722749976907,0.2,0.0,0.9823830127716064,,0.013305999978911132,198,16791,1.7856786251068115,0.10040536522865295,0.016100607812404633,0.8223668932914734,-0.10329786688089371,0.375,1,30,13.516712999960873,13.515346749976743,0,1,1789187143.280952,0.0,4,-0.03278939798474312,19.835063934326172
24.59008398000151,13.593448041996453,0.0,0.0,0.9972290396690369,,0.022901999996975064,199,16840,1.0542230606079102,0.10261502116918564,0.016706516966223717,0.8222706913948059,-0.10470129549503326,0.625,2,31,13.593425291997846,13.59175999998115,0,1,1789187143.357664,0.0,4,-0.02373947575688362,19.82392120361328
22.742292028851807,13.659789583995007,0.0,0.0,0.9317108392715454,,0.020620625000447035,200,16941,-1.4198487997055054,0.10792351514101028,0.01827303133904934,0.8220216035842896,-0.07467551529407501,0.625,2,32,13.659779083973262,13.657667999970727,0,1,1789187143.424018,0.0,4,-0.021780094131827354,19.837982177734375
8.102291030809283,13.711146041983739,0.0,0.0,0.9914593696594238,,0.0067700830404646695,201,16991,-1.0401211977005005,0.11120881885290146,0.01926027238368988,0.8218756914138794,-0.043080445379018784,0.625,2,33,13.711132416967303,13.709813916997518,0,1,1789187143.4753711,0.0,4,-0.019139360636472702,19.928382873535156
14.973832992836833,13.7837146249949,0.2,0.0,0.9751036763191223,,0.01353504101280123,202,17040,0.997233510017395,0.11496714502573013,0.02042156085371971,0.8217037320137024,-0.04140536114573479,0.375,1,34,13.783702791959513,13.782276000012644,0,1,1789187143.547942,0.0,4,-0.0244351327419281,20.045778274536133
23.42629199847579,13.858319666993339,0.2,0.0,0.9985620379447937,,0.022177625040058047,203,17141,0.38518279790878296,0.12101716548204422,0.022368507459759712,0.8213115930557251,-0.07550787925720215,0.375,1,35,13.858311499992851,13.857071042002644,0,1,1789187143.62255,0.0,4,-0.006308635696768761,20.249067306518555
2.603542001452297,13.904691624979023,0.0,0.0,0.9792208671569824,,0.001191583985928446,204,17141,0.38518279790878296,0.12101716548204422,0.022368507459759712,0.8213115930557251,-0.07550787925720215,0.625,2,36,13.90467916696798,13.90327970898943,0,1,1789187143.6689181,0.0,4,0.008548458106815815,20.249067306518555
5.1199159934185445,13.975618583965115,0.0,0.0,0.9860929846763611,,0.003830874979030341,205,17240,-2.513733148574829,0.1263638436794281,0.02410130202770233,0.8209240436553955,-0.028518592938780785,0.625,2,37,13.975605416984763,13.974329708958976,0,1,1789187143.739844,0.0,4,0.002176673850044608,20.297388076782227
6.145832943730056,14.041923834010959,0.0,0.0,0.9992403984069824,,0.004927790956571698,206,17291,-0.40941211581230164,0.13011537492275238,0.025360599160194397,0.820692777633667,-0.03370678052306175,0.625,2,38,14.041911166976206,14.040705874969717,0,1,1789187143.80615,0.0,4,-0.00369002902880311,20.25313377380371
16.902375034987926,14.117099458992016,0.0,0.0,0.9994921684265137,,0.015904667030554265,207,17341,1.7825373411178589,0.13393224775791168,0.026679521426558495,0.820439338684082,-0.04553830623626709,0.625,2,39,14.117086624959484,14.116101833991706,0,1,1789187143.881325,0.0,4,0.012948472984135151,20.224166870117188
18.569624982774258,14.185091458959505,0.0,0.0,0.9991180300712585,,0.01734354195650667,208,17440,0.596084475517273,0.13906800746917725,0.02852008305490017,0.8199434876441956,-0.027776220813393593,0.625,2,40,14.185080833965912,14.183865416969638,0,1,1789187143.949319,0.0,4,0.034239012748003006,20.143821716308594
23.67154200328514,14.259029584005475,0.0,0.0,0.9982442855834961,,0.02230358397355303,209,17490,1.009487271308899,0.14134301245212555,0.02933596447110176,0.8196901679039001,-0.020007813349366188,0.625,2,41,14.259019583987538,14.257661708979867,0,1,1789187144.0232582,0.0,4,0.024929016828536987,20.112918853759766
2.2313750232569873,14.306065291981213,0.0,0.0,0.9973480701446533,,0.0011778749758377671,210,17540,1.75535249710083,0.14327499270439148,0.030045052990317345,0.8194620013237,-0.011402184143662453,0.625,2,42,14.306050958984997,14.305011833959725,0,1,1789187144.070289,0.0,4,0.021748363971710205,20.09148597717285
9.838999947533011,14.379588584008161,0.0,0.0,0.9976438879966736,,0.008649041992612183,211,17641,0.693200409412384,0.14594176411628723,0.031047461554408073,0.8190516829490662,0.00020775204757228494,0.625,2,43,14.379577916988637,14.378398792003281,0,1,1789187144.143816,0.0,4,0.044826310127973557,20.117019653320312
14.533416950143874,14.450196249992587,0.0,0.0,0.9868440628051758,,0.013657041999977082,212,17690,0.4973912835121155,0.14719027280807495,0.03150995075702667,0.8188489079475403,0.00586052518337965,0.625,2,44,14.45018187497044,14.449319917010143,0,1,1789187144.21442,0.0,4,0.058479323983192444,20.14853286743164
25.22975002648309,14.526822124957107,0.0,0.0,0.9906927943229675,,0.023386750021018088,213,17790,0.7415009140968323,0.14982563257217407,0.03250065818428993,0.8184376358985901,0.008009955286979675,0.625,2,45,14.526811291987542,14.524979209003504,0,1,1789187144.291049,0.0,4,0.07776976376771927,20.21604347229004
3.712790959980339,14.572685624996666,0.0,-13.333333432674408,0.965785026550293,,0.0019115000031888485,214,17840,0.4378162920475006,0.15089111030101776,0.03290293365716934,0.8182825446128845,0.007140645757317543,0.625,2,46,14.572674124967307,14.570884459011722,0,1,1789187144.336912,0.2222222238779068,5,0.09559668600559235,20.231441497802734
5.012499983422458,14.641548999992665,0.0,-13.333333432674408,0.9750131964683533,,0.0037423750036396086,215,17891,0.2504079341888428,0.1521555483341217,0.03339141607284546,0.8180565237998962,0.0059855785220861435,0.625,2,47,14.64153558399994,14.640278959006537,0,1,1789187144.4057732,0.2222222238779068,5,0.09250351786613464,20.23775863647461
15.49512502970174,14.716468249971513,0.0,-13.333333432674408,0.9831774830818176,,0.014327125041745603,216,17940,0.39439553022384644,0.1531241238117218,0.033763810992240906,0.8179015517234802,0.004534888546913862,0.625,2,48,14.716455416986719,14.715300292009488,0,1,1789187144.480693,0.2222222238779068,5,0.12903745472431183,20.208154678344727
22.194458986632526,14.788767624995671,0.0,-13.333333432674408,0.988068163394928,,0.021060333994682878,217,18040,0.3366895318031311,0.15502914786338806,0.03453860804438591,0.8175301551818848,0.004255619365721941,0.625,2,49,14.78875574999256,14.787633583997376,0,1,1789187144.552993,0.2222222238779068,5,0.1250598281621933,20.012069702148438
25.81849996931851,14.85852808400523,0.0,-13.333333432674408,0.9872482419013977,,0.02496808400610462,218,18091,0.2500659227371216,0.15586215257644653,0.034893281757831573,0.8173428773880005,0.00790463574230671,0.625,2,50,14.858515749976505,14.857677833992057,0,1,1789187144.622753,0.2222222238779068,5,0.12422873079776764,19.75525665283203
6.564958021044731,14.90810291696107,0.0,-13.333333432674408,0.9757129549980164,,0.005069333012215793,219,18140,0.3139951229095459,0.1565607786178589,0.03519921377301216,0.8171650767326355,0.012634489685297012,0.625,2,51,14.9080879589892,14.906607416982297,0,1,1789187144.6723258,0.2222222238779068,5,0.13610096275806427,19.37364959716797
5.571165995206684,14.97612545901211,0.0,-13.333333432674408,0.9685571789741516,,0.004071125003974885,220,18240,0.2954584062099457,0.1575925499200821,0.03567364066839218,0.8168390393257141,0.018456218764185905,0.625,2,52,14.976107958995271,14.974625458999071,0,1,1789187144.740345,0.2222222238779068,5,0.10880492627620697,18.45008659362793
5.034375004470348,15.039890874992125,0.0,-13.333333432674408,0.9813550114631653,,0.003705791023094207,221,18291,0.20160731673240662,0.15807421505451202,0.035906173288822174,0.8166499137878418,0.021251536905765533,0.625,2,53,15.039878833980765,15.038562375004403,0,1,1789187144.804116,0.2222222238779068,5,0.11869852989912033,17.793987274169922
3.6125840269960463,15.10319462500047,0.0,0.0,0.9885680675506592,,0.0024221669882535934,222,18340,0.18855488300323486,0.1585143357515335,0.036123767495155334,0.816447377204895,0.02362065389752388,0.625,2,54,15.103182916995138,15.102004291955382,0,1,1789187144.86742,0.0,4,0.05839285999536514,17.073652267456055
6.686916982289404,15.172691374958958,0.0,0.0,0.9981775283813477,,0.005290166998747736,223,18441,0.176252543926239,0.1592562347650528,0.036501649767160416,0.8160530924797058,0.024865340441465378,0.625,2,55,15.172681791998912,15.171294667001348,0,1,1789187144.936918,0.0,4,0.06274974346160889,15.814862251281738
10.058999992907047,15.24568716698559,0.0,0.0,0.9996464252471924,,0.008913917001336813,224,18490,0.13660085201263428,0.1595374494791031,0.03664875775575638,0.8158965110778809,0.0235294196754694,0.625,2,56,15.245670542004518,15.244542166998144,0,1,1789187145.009907,0.0,4,0.05200473219156265,15.387760162353516
14.397583028767258,15.31756920897169,0.0,0.0,0.9998382329940796,,0.013101375021506101,225,18541,0.11251050978899002,0.1598072052001953,0.03679701313376427,0.8157105445861816,0.023255467414855957,0.625,2,57,15.317556458991021,15.31627304200083,0,1,1789187145.081793,0.0,4,0.06267967820167542,14.962159156799316
18.369624973274767,15.387412083975505,0.0,0.0,0.9990793466567993,,0.017313499993178993,226,18641,0.11402267962694168,0.16031302511692047,0.03708921745419502,0.8153170943260193,0.021038701757788658,0.625,2,58,15.38740012497874,15.386356125003658,0,1,1789187145.151637,0.0,4,0.06595639139413834,14.455008506774902
3.7851670058444142,15.438748791988473,0.0,0.0,0.9965272545814514,,0.0024718749918974936,227,18690,0.09203995019197464,0.16053800284862518,0.03723036125302315,0.8151230812072754,0.020210398361086845,0.625,2,59,15.438737833988853,15.437435666972306,0,1,1789187145.2029738,0.0,4,0.0787944346666336,14.397808074951172
8.75041598919779,15.509715749998577,0.0,-13.333333432674408,0.9931060671806335,,0.007408957986626774,228,18741,0.07453496754169464,0.16073191165924072,0.03736041486263275,0.8149346113204956,0.02008688822388649,0.625,2,60,15.509705459000543,15.508374416967854,0,1,1789187145.273942,0.2222222238779068,5,0.1258782595396042,14.435785293579102
14.756707998458296,15.582950999960303,0.0,-13.333333432674408,0.9946070313453674,,0.013643042009789497,229,18840,0.0730658769607544,0.1610480695962906,0.03759157657623291,0.8145864605903625,0.0191943421959877,0.625,2,61,15.582940958964173,15.58183745900169,0,1,1789187145.347177,0.2222222238779068,5,0.12420934438705444,14.601449966430664
9.761042019817978,15.646942499966826,0.0,-13.333333432674408,0.9982234835624695,,0.008624167006928474,230,18891,0.06734059005975723,0.16120289266109467,0.0377197191119194,0.8143834471702576,0.01911788433790207,0.625,2,62,15.646931416995358,15.645805666979868,0,1,1789187145.411167,0.2222222238779068,5,0.1575865000486374,14.661446571350098
17.79758295742795,15.720955583965406,0.0,-13.333333432674408,0.9978677034378052,,0.016103207948617637,231,18940,0.05375656113028526,0.16132594645023346,0.037832535803318024,0.8141977787017822,0.019158486276865005,0.625,2,63,15.720945041975938,15.71926129196072,0,1,1789187145.4851809,0.2222222238779068,5,0.1551527976989746,14.620925903320312
14.419375045690686,15.783628167002462,0.0,-13.333333432674408,0.9968379735946655,,0.013432125037070364,232,19040,0.0457804873585701,0.16154658794403076,0.03805960714817047,0.8138179183006287,0.01959395222365856,0.625,2,64,15.783615749969613,15.782640999997966,0,1,1789187145.547851,0.2222222238779068,5,0.15174061059951782,14.088322639465332
20.91150003252551,15.856426999962423,0.0,-13.333333432674408,0.9983848333358765,,0.01825108303455636,233,19091,0.043665528297424316,0.1616460084915161,0.03817437216639519,0.8136283755302429,0.022442057728767395,0.625,2,65,15.856416499998886,15.853766624990385,0,1,1789187145.620652,0.2222222238779068,5,0.14812321960926056,13.579273223876953
2.3936249781399965,15.904696292011067,0.0,-13.333333432674408,0.995693564414978,,0.0011898329830728471,234,19140,0.03684578835964203,0.16172607243061066,0.03827447444200516,0.8134567141532898,0.023112623021006584,0.625,2,66,15.904683041968383,15.903492541983724,0,1,1789187145.6689181,0.2222222238779068,5,0.13679087162017822,13.030980110168457
10.252250009216368,15.980269041960128,0.0,0.0,0.9970357418060303,,0.008213958004489541,235,19241,0.029816769063472748,0.16188466548919678,0.0384935699403286,0.813051700592041,0.023878110572695732,0.625,2,67,15.98025870899437,15.978230791981332,0,1,1789187145.744494,0.0,4,0.09812752157449722,11.651928901672363
14.480207988526672,16.0503715419909,0.0,0.0,0.9903572201728821,,0.013612374954391271,236,19290,0.028507770970463753,0.16194964945316315,0.038588326424360275,0.8128951191902161,0.024162670597434044,0.625,2,68,16.05035933398176,16.049503791960888,0,1,1789187145.814595,0.0,4,0.05483225733041763,11.098514556884766
24.582500045653433,16.126350666978396,0.0,0.0,0.9934709072113037,,0.02255295804934576,237,19390,0.02029319480061531,0.16208836436271667,0.03880968317389488,0.8125015497207642,0.02447807788848877,0.625,2,69,16.126339999958873,16.12432116700802,0,1,1789187145.8905752,0.0,4,0.062123775482177734,9.860987663269043
8.737874974031001,16.176444459008053,0.0,0.0,0.9939697980880737,,0.006605332950130105,238,19440,0.019776804372668266,0.16214704513549805,0.03890527784824371,0.8123396039009094,0.024741649627685547,0.625,2,70,16.1764354169718,16.174312041956,0,1,1789187145.94067,0.0,4,0.05915507674217224,9.503173828125
15.409374958835542,16.250317792000715,0.0,0.0,0.9963525533676147,,0.014392207958735526,239,19491,0.0196700282394886,0.16221241652965546,0.039011891931295395,0.812157928943634,0.025736702606081963,0.625,2,71,16.250307417009026,16.249300666968338,0,1,1789187146.014542,0.0,4,0.06823980808258057,9.263288497924805
18.84395902743563,16.322691041976213,0.0,0.0,0.9981339573860168,,0.01732770900707692,240,19540,0.01964016817510128,0.16226617991924286,0.03909939527511597,0.8120111227035522,0.02575949765741825,0.625,2,72,16.32267820899142,16.321174833981786,0,1,1789187146.086913,0.0,4,0.07718466967344284,9.196845054626465
4.529500030912459,16.37438424996799,0.0,-13.333333432674408,0.9965380430221558,,0.00286325003253296,241,19590,0.01934981346130371,0.16232441365718842,0.039193641394376755,0.8118495941162109,0.025377117097377777,0.625,2,73,16.37436312501086,16.37271804199554,0,1,1789187146.138598,0.2222222238779068,5,0.11853399127721786,9.257641792297363
9.503040986601263,16.44534916698467,0.0,-13.333333432674408,0.9985643029212952,,0.00800949998665601,242,19690,0.01730642281472683,0.16244250535964966,0.03937802091240883,0.8115462064743042,0.02511497400701046,0.625,2,74,16.44533716700971,16.44385570898885,0,1,1789187146.209572,0.2222222238779068,5,0.1291200965642929,9.510733604431152
14.453416981268674,16.516295333974995,0.0,-13.333333432674408,0.9981775283813477,,0.013241667009424418,243,19741,0.017341572791337967,0.1624973714351654,0.039459388703107834,0.8114189505577087,0.024231934919953346,0.625,2,75,16.516282791970298,16.515083667007275,0,1,1789187146.280517,0.2222222238779068,5,0.15248829126358032,9.59130573272705
22.082249983213842,16.59135837497888,0.0,-13.333333432674408,0.9978652596473694,,0.02104341599624604,244,19840,0.016625266522169113,0.16262024641036987,0.039631400257349014,0.8111464977264404,0.021272150799632072,0.625,2,76,16.591347874957137,16.59031962498557,0,1,1789187146.355582,0.2222222238779068,5,0.1597752422094345,9.432065963745117
23.421542020514607,16.659779209003318,0.0,-13.333333432674408,0.998335063457489,,0.022334209003020078,245,19892,0.0161290280520916,0.16268570721149445,0.039718568325042725,0.811021089553833,0.020961597561836243,0.625,2,77,16.659768041979987,16.658691958989948,0,1,1789187146.424002,0.2222222238779068,5,0.15600278973579407,9.120298385620117
2.2307499893940985,16.704440083994996,0.0,-13.333333432674408,0.9993091821670532,,0.0011930839973501861,246,19941,0.015940096229314804,0.16275162994861603,0.03980289772152901,0.8108977675437927,0.021105622872710228,0.625,2,78,16.70442845899379,16.703402458981145,0,1,1789187146.468663,0.2222222238779068,5,0.15459609031677246,8.605645179748535
2.2814590483903885,16.771677874960005,0.0,-13.333333432674408,0.9992175102233887,,0.001187209039926529,247,19993,0.01571188122034073,0.16281916201114655,0.039886195212602615,0.810780942440033,0.020134422928094864,0.625,2,79,16.7716659589787,16.770583709003404,0,1,1789187146.5358999,0.2222222238779068,5,0.12041843682527542,7.9720282554626465
6.8696250091306865,16.842557208961807,0.0,-13.333333432674408,0.9993890523910522,,0.005282833008095622,248,20090,0.01799873821437359,0.16295982897281647,0.040053822100162506,0.8105353116989136,0.019310781732201576,0.625,2,80,16.842544791987166,16.840970499964897,0,1,1789187146.6067789,0.2222222238779068,5,0.13188013434410095,6.616361141204834
10.684625012800097,16.91266833397094,0.0,-13.333333432674408,0.9979752898216248,,0.008319583022966981,249,20142,0.017305554822087288,0.16302508115768433,0.040131378918886185,0.8104217052459717,0.017248714342713356,0.625,2,81,16.91265625000233,16.910303374985233,0,1,1789187146.6768901,0.2222222238779068,5,0.11994098871946335,6.147474765777588
17.11791701382026,16.986271500005387,0.0,-13.333333432674408,0.9984908103942871,,0.015089250053279102,250,20241,0.014612363651394844,0.16317231953144073,0.04030974954366684,0.8101464509963989,0.013808750547468662,0.625,2,82,16.98626166698523,16.98424287501257,0,1,1789187146.750496,0.2222222238779068,5,0.10672201961278915,5.220175266265869
23.31620902987197,17.058709208969958,0.0,0.0,0.9996235370635986,,0.022251583985053003,251,20292,0.01570623181760311,0.16324861347675323,0.040404316037893295,0.8100152611732483,0.016933808103203773,0.625,2,83,17.05869904201245,17.057644708955195,0,1,1789187146.822933,0.0,4,0.09094356745481491,4.854598522186279
7.216208032332361,17.10935654200148,0.0,0.0,0.9992625117301941,,0.0054837079951539636,252,20342,0.017573250457644463,0.163328155875206,0.04050377383828163,0.809877872467041,0.020242879167199135,0.625,2,84,17.109342624957208,17.107624124968424,0,1,1789187146.873576,0.0,4,0.09676085412502289,4.389891147613525
11.76841597771272,17.180889541981742,0.0,0.0,0.998200535774231,,0.010103875014465302,253,20441,0.016883574426174164,0.16345883905887604,0.04066695272922516,0.8096538186073303,0.01938207820057869,0.625,2,85,17.180878333980218,17.179225208994467,0,1,1789187146.945112,0.0,4,0.08560635894536972,3.5417258739471436
20.77274996554479,17.255913625005633,0.0,0.0,0.9973714351654053,,0.018547457992099226,254,20490,0.01658608764410019,0.16352605819702148,0.04075174033641815,0.8095330595970154,0.02128714509308338,0.625,2,86,17.255905792000704,17.25368837499991,0,1,1789187147.020139,0.0,4,0.06963630765676498,3.0817697048187256
4.631625022739172,17.307234374980908,0.0,0.0,0.9987813830375671,,0.0033330830046907067,255,20542,0.016574515029788017,0.16359007358551025,0.040832966566085815,0.8094114661216736,0.022646185010671616,0.625,2,87,17.30722329200944,17.30593587498879,0,1,1789187147.071457,0.0,4,0.061617009341716766,2.6385936737060547
7.811166055034846,17.3765456249821,0.0,0.0,0.9985806941986084,,0.004913416050840169,256,20590,0.01595568284392357,0.16364352405071259,0.040900763124227524,0.8093046545982361,0.02171146124601364,0.625,2,88,17.376534292008728,17.37364800000796,0,1,1789187147.1407669,0.0,4,0.056661155074834824,2.3283722400665283
14.518583018798381,17.45016487495741,0.0,0.0,0.9987214207649231,,0.013642125006299466,257,20691,0.015327750705182552,0.16375090181827545,0.04103775694966316,0.8090698719024658,0.020664561539888382,0.625,2,89,17.450154999969527,17.44928845897084,0,1,1789187147.214388,0.0,4,0.06358202546834946,1.8593251705169678
22.97770796576515,17.525237458990887,0.0,0.0,0.9983885288238525,,0.022047000005841255,258,20740,0.015191296115517616,0.16380061209201813,0.041101422160863876,0.8089479207992554,0.020378023386001587,0.625,2,90,17.52522508398397,17.524306792009156,0,1,1789187147.289458,0.0,4,0.08057884126901627,1.7620007991790771
7.276916992850602,17.576133624999784,0.0,0.0,0.9991762042045593,,0.006135042000096291,259,20791,0.01432671956717968,0.16384097933769226,0.0411534309387207,0.8088449239730835,0.020216429606080055,0.625,2,91,17.576123208971694,17.574991791974753,0,1,1789187147.340356,0.0,4,0.09094423800706863,1.764607310295105
2.8303330182097852,17.638246958958916,0.0,-13.333333432674408,0.9968481659889221,,0.0016554170288145542,260,20891,0.009436431340873241,0.16392067074775696,0.041253939270973206,0.8086245059967041,0.017006928101181984,0.625,2,92,17.638235833961517,17.637072084005922,0,1,1789187147.4024692,0.2222222238779068,5,0.14164231717586517,1.8726965188980103
3.182374988682568,17.70564800000284,0.0,-13.333333432674408,0.9985243678092957,,0.0021188329556025565,261,20940,0.009456604719161987,0.16395777463912964,0.04129897803068161,0.8085187077522278,0.013759649358689785,0.625,2,93,17.705632083991077,17.704584541963413,0,1,1789187147.4698648,0.2222222238779068,5,0.1504048854112625,1.9479920864105225
6.23900000937283,17.77505920897238,0.0,-13.333333432674408,0.9992353916168213,,0.004931250005029142,262,20990,0.008773709647357464,0.16399022936820984,0.04133844003081322,0.808426558971405,0.011866148561239243,0.625,2,94,17.775047249975614,17.77375154197216,0,1,1789187147.53928,0.2222222238779068,5,0.16387642920017242,1.9804482460021973
14.599999994970858,17.850130833976436,0.0,-13.333333432674408,0.9996010661125183,,0.013623541977722198,263,21090,0.006705340929329395,0.16405552625656128,0.041417866945266724,0.808242678642273,0.01173572987318039,0.625,2,95,17.850121333962306,17.849154458963312,0,1,1789187147.614354,0.2222222238779068,5,0.1758832484483719,1.819080114364624
15.9857920370996,17.91837058396777,0.0,-13.333333432674408,0.9997010827064514,,0.014845166995655745,264,21140,0.0055404179729521275,0.16409045457839966,0.041458260267972946,0.8081479668617249,0.011284984648227692,0.625,2,96,17.918358374969102,17.917230083956383,0,1,1789187147.682591,0.2222222238779068,5,0.17478342354297638,1.5279241800308228
21.765207988210022,17.990507667011116,0.0,-13.333333432674408,0.9996383190155029,,0.020723708032164723,265,21241,0.004372055176645517,0.16416029632091522,0.041535817086696625,0.8079700469970703,0.007957996800541878,0.625,2,97,17.990498833998572,17.989466250000987,0,1,1789187147.754731,0.2222222238779068,5,0.16410788893699646,0.5901151299476624
22.83041598275304,18.058646416990086,0.0,-13.333333432674408,0.9989715814590454,,0.021798624948132783,266,21290,0.003579610027372837,0.16418993473052979,0.04156806319952011,0.8078988194465637,0.007259973790496588,0.625,2,98,18.05863570899237,18.05761470895959,0,1,1789187147.8228679,0.2222222238779068,5,0.1353434920310974,0.1436629444360733
7.010000001173466,18.10892904200591,0.0,-13.333333432674408,0.9993166923522949,,0.005706499970983714,267,21340,0.002231468679383397,0.16422714293003082,0.0416068360209465,0.8078061938285828,0.006162713747471571,0.625,2,99,18.108918124984484,18.107625624979846,0,1,1789187147.8731499,0.2222222238779068,5,0.1283009797334671,-0.4211041033267975
14.45370796136558,18.18358241696842,0.0,0.0,0.9980493783950806,,0.01348866696935147,268,21391,0.000906617206055671,0.16426880657672882,0.04164773225784302,0.8077029585838318,0.006521640345454216,0.625,2,100,18.183571708970703,18.18261745898053,0,1,1789187147.9478028,0.0,4,0.09693536907434464,-1.0742900371551514
23.541125003248453,18.258982917002868,0.0,0.0,0.9991685152053833,,0.022204582986887544,269,21494,0.0054098633117973804,0.16435423493385315,0.04172472283244133,0.807505190372467,0.008175809867680073,0.625,2,101,18.25897199998144,18.257646541984286,0,1,1789187148.023204,0.0,4,0.05700557678937912,-2.216604232788086
3.753500001039356,18.30599591700593,0.0,0.0,0.9981970191001892,,0.002443416975438595,270,21541,0.0063541242852807045,0.1643894463777542,0.041754744946956635,0.8074303865432739,0.007700236048549414,0.625,2,102,18.305986333987676,18.304685916984454,0,1,1789187148.070218,0.0,4,0.04779176041483879,-2.5714128017425537
12.992416974157095,18.381983541999944,0.0,0.0,0.9982840418815613,,0.01033083297079429,271,21592,0.005533976014703512,0.1644350290298462,0.04179191216826439,0.8073331117630005,0.009416412562131882,0.625,2,103,18.38197200000286,18.379321999964304,0,1,1789187148.146204,0.0,4,0.06002195179462433,-3.048173666000366
17.47487497050315,18.4527881249669,0.0,0.0,0.9979967474937439,,0.01482199999736622,272,21691,0.00529668852686882,0.16451521217823029,0.04185169190168381,0.8071719408035278,0.00926367286592722,0.625,2,104,18.452776333957445,18.45013533398742,0,1,1789187148.217008,0.0,4,0.06763537973165512,-3.652374029159546
18.19479197729379,18.520883374963887,0.0,0.0,0.9981904625892639,,0.016088791948277503,273,21740,0.007374823093414307,0.16455520689487457,0.04187832027673721,0.8070909380912781,0.00932418741285801,0.625,2,105,18.520873292000033,18.518777416960802,0,1,1789187148.285105,0.0,4,0.07044221460819244,-3.824883222579956
26.089749997481704,18.594625625002664,0.0,0.0,0.9991963505744934,,0.022419249988161027,274,21841,0.007243705447763205,0.1646244376897812,0.041919268667697906,0.8069405555725098,0.009453313425183296,0.625,2,106,18.594616458984092,18.590955166961066,0,1,1789187148.358848,0.0,4,0.0756852924823761,-3.988987445831299
4.37354197492823,18.639996749989223,0.0,-13.333333432674408,0.9983059167861938,,0.003089916950557381,275,21841,0.007243705447763205,0.1646244376897812,0.041919268667697906,0.8069405555725098,0.009453313425183296,0.625,2,107,18.639984708977863,18.638713208958507,0,1,1789187148.404216,0.2222222238779068,5,0.10521524399518967,-3.988987445831299
1.5078340074978769,18.703620042011607,0.0,-13.333333432674408,0.9991952776908875,,0.00019729201449081302,276,21940,0.0071844966150820255,0.16469240188598633,0.04195018485188484,0.8067827820777893,0.005754479207098484,0.625,2,108,18.70360858400818,18.702309541986324,0,1,1789187148.46784,0.2222222238779068,5,0.13440735638141632,-3.9859330654144287
2.728541032411158,18.771892916993238,0.0,-13.333333432674408,0.9990695118904114,,0.0011911250185221434,277,21990,0.0071837869472801685,0.16471855342388153,0.04196044057607651,0.8067189455032349,0.0030702294316142797,0.625,2,109,18.77188145898981,18.770355583983473,0,1,1789187148.536112,0.2222222238779068,5,0.1384192258119583,-3.9962875843048096
2.3766669910401106,18.837614416959696,0.0,-13.333333432674408,0.9988068342208862,,0.0011910829925909638,278,22040,0.004742894321680069,0.16474726796150208,0.04197102412581444,0.8066476583480835,0.002106265863403678,0.625,2,110,18.837603458960075,18.836428874987178,0,1,1789187148.601834,0.2222222238779068,5,0.14414221048355103,-4.057394981384277
5.369208985939622,18.907928749977145,0.0,-13.333333432674408,0.998380184173584,,0.004033583973068744,279,22143,0.004540958441793919,0.16480624675750732,0.04199047386646271,0.8065018653869629,0.0021694989409297705,0.625,2,111,18.90791804197943,18.90659320895793,0,1,1789187148.672149,0.2222222238779068,5,0.14964434504508972,-4.500356197357178
13.024749991018325,18.981615124968812,0.0,-13.333333432674408,0.997000515460968,,0.01124787499429658,280,22191,0.0030225145164877176,0.16482990980148315,0.04199656844139099,0.8064435720443726,0.0023693533148616552,0.625,2,112,18.981582583975978,18.97983829199802,0,1,1789187148.745815,0.2222222238779068,5,0.14762140810489655,-4.763103008270264
13.641541008837521,19.04966095898999,0.0,-13.333333432674408,0.99801105260849,,0.012518666044343263,281,22291,0.0017533018253743649,0.16489197313785553,0.04200673848390579,0.8062819242477417,0.002994096139445901,0.625,2,113,19.049652458983473,19.048538125003688,0,1,1789187148.8138828,0.2222222238779068,5,0.13905763626098633,-5.890709400177002
15.720291994512081,19.11722729197936,0.0,0.0,0.9976929426193237,,0.014241707976907492,282,22341,0.0011644774349406362,0.16492125391960144,0.042008522897958755,0.8062111139297485,0.002228841418400407,0.625,2,114,19.1172172499937,19.115748749987688,0,1,1789187148.881448,0.0,4,0.08662517368793488,-6.447706699371338
22.972374979872257,19.19149604201084,0.0,0.0,0.9981235861778259,,0.021745084028225392,283,22391,9.206917457049713e-05,0.16495783627033234,0.04200921580195427,0.8061248660087585,-0.0007630138425156474,0.625,2,115,19.19147941697156,19.19026883400511,0,1,1789187148.95571,0.0,4,0.06652418524026871,-7.0956315994262695
5.996708001475781,19.242136084008962,0.0,0.0,0.9972617626190186,,0.004808415949810296,284,22441,0.0022576635237783194,0.16499367356300354,0.042009491473436356,0.8060489892959595,-0.0009472566307522357,0.625,2,116,19.242121874995064,19.24094787496142,0,1,1789187149.006352,0.0,4,0.05944885313510895,-7.687942981719971
6.538957997690886,19.308004624966998,0.0,0.0,0.9992328882217407,,0.005238707992248237,285,22540,0.00607511168345809,0.1650635153055191,0.04200977087020874,0.805923581123352,-0.0006123260245658457,0.625,2,117,19.307993416965473,19.30670449999161,0,1,1789187149.072223,0.0,4,0.04600538685917854,-8.5592679977417
9.90212504984811,19.378475249977782,0.0,0.0,0.9994401335716248,,0.008765917038545012,286,22591,0.005671396851539612,0.16510123014450073,0.04200969636440277,0.8058526515960693,-0.00041948750731535256,0.625,2,118,19.378461791959126,19.377339166996535,0,1,1789187149.142692,0.0,4,0.05434688925743103,-8.935586929321289
9.614375012461096,19.445751874998678,0.0,0.0,0.998807430267334,,0.008364957990124822,287,22640,0.0053522600792348385,0.16513380408287048,0.04200925678014755,0.8057886362075806,-0.00014683176414109766,0.625,2,119,19.445740708964877,19.444502541969996,0,1,1789187149.209971,0.0,4,0.0687669888138771,-9.119102478027344
6.9115409860387444,19.50876391696511,0.0,0.0,0.9903246164321899,,0.005760249972809106,288,22740,0.005224955268204212,0.16520382463932037,0.04200628399848938,0.8056449890136719,7.587471918668598e-05,0.625,2,120,19.508749499975238,19.507612708956003,0,1,1789187149.27298,0.0,4,0.0747426226735115,-9.358319282531738
6.349709001369774,19.575332749984227,0.0,-13.333333432674408,0.9866287708282471,,0.005288459011353552,289,22790,0.005475023295730352,0.1652296930551529,0.042003192007541656,0.8055871725082397,0.00017553656653035432,0.625,2,121,19.57531949999975,19.574271583987866,0,1,1789187149.3395488,0.2222222238779068,5,0.11069261282682419,-9.327959060668945
23.497332993429154,19.659258959,0.0,-13.333333432674408,0.9953324198722839,,0.022150499979034066,290,22891,0.006913542747497559,0.16528436541557312,0.0419943667948246,0.8054617643356323,-0.002129122382029891,0.625,2,122,19.65924745897064,19.65791220898973,0,1,1789187149.423477,0.2222222238779068,5,0.10260393470525742,-9.224832534790039
3.5804579965770245,19.7054149589967,0.0,-13.333333432674408,0.9955347776412964,,0.002428749983664602,291,22891,0.006913542747497559,0.16528436541557312,0.0419943667948246,0.8054617643356323,-0.002129122382029891,0.625,2,123,19.705403750005644,19.704263416992035,0,1,1789187149.469633,0.2222222238779068,5,0.13279160857200623,-9.224832534790039
4.56533400574699,19.77384516695747,0.0,-13.333333432674408,0.996709942817688,,0.003414000035263598,292,22990,0.005890705622732639,0.16532830893993378,0.041985005140304565,0.8053485751152039,-0.003662214847281575,0.625,2,124,19.77383166697109,19.77269387501292,0,1,1789187149.5380611,0.2222222238779068,5,0.14782579243183136,-9.279105186462402
2.206625009421259,19.83787658397341,0.0,-13.333333432674408,0.9960274696350098,,0.0011972500360570848,293,23041,0.00299298414029181,0.1653505116701126,0.04198041558265686,0.8052878975868225,-0.0035589535254985094,0.625,2,125,19.837865541980136,19.836867375008296,0,1,1789187149.6020951,0.2222222238779068,5,0.1498309224843979,-9.487430572509766
11.033832968678325,19.913335041957907,0.0,-13.333333432674408,0.9945263266563416,,0.009866375010460615,294,23141,0.002936654957011342,0.165388286113739,0.04197078198194504,0.8051828145980835,-0.0030617041047662497,0.625,2,126,19.913324083958287,19.912167667003814,0,1,1789187149.677553,0.2222222238779068,5,0.12796449661254883,-10.286065101623535
14.486957981716841,19.983211249986198,0.0,0.0,0.9839488863945007,,0.013601957994978875,295,23191,0.0010846673976629972,0.1654067188501358,0.04196413233876228,0.8051272034645081,-0.0024235472083091736,0.625,2,127,19.98319887497928,19.98232641699724,0,1,1789187149.7474282,0.0,4,0.0765489935874939,-10.81550407409668
22.2677499987185,20.058059750008397,0.0,0.0,0.983231782913208,,0.0210466249845922,296,23240,0.0008359798230230808,0.16542570292949677,0.041956208646297455,0.8050629496574402,-0.0010820520110428333,0.625,2,128,20.05804954195628,20.056838708987925,0,1,1789187149.8222778,0.0,4,0.07101580500602722,-11.4541597366333
2.4411669583059847,20.105001666990574,0.0,0.0,0.9984298348426819,,0.001188332971651107,297,23291,0.0004564236442092806,0.16544480621814728,0.04194590076804161,0.8049980998039246,-0.00010766347259050235,0.625,2,129,20.104989041981753,20.103748874971643,0,1,1789187149.869218,0.0,4,0.040888711810112,-12.085504531860352
6.384375039488077,20.174903417006135,0.0,0.0,0.9987238049507141,,0.0050847920356318355,298,23390,-0.00045631511602550745,0.1654825508594513,0.04192095994949341,0.8048796057701111,-0.002217530971392989,0.625,2,130,20.174890083959326,20.173603917006403,0,1,1789187149.939119,0.0,4,0.0383291095495224,-13.036721229553223
6.0873329639434814,20.241916792001575,0.0,0.0,0.9962982535362244,,0.004733457986731082,299,23443,-0.0009266515262424946,0.16550660133361816,0.04190519452095032,0.8048105835914612,-0.0050627985037863255,0.625,2,131,20.241901083965786,20.24056304199621,0,1,1789187150.00613,0.0,4,0.045103393495082855,-13.389145851135254
8.71291698422283,20.310870874964166,0.0,0.0,0.9984071850776672,,0.007451082987245172,300,23490,0.0010987618006765842,0.16552548110485077,0.041893187910318375,0.8047664165496826,-0.005655204877257347,0.625,2,132,20.310855333984364,20.309609124960843,0,1,1789187150.075084,0.0,4,0.036730408668518066,-13.521709442138672
9.997999994084239,20.379148083971813,0.0,0.0,0.9985030889511108,,0.008928208029828966,301,23591,0.0026467684656381607,0.16557122766971588,0.04186737537384033,0.8046664595603943,-0.005482071544975042,0.625,2,133,20.379136291972827,20.378078375011683,0,1,1789187150.1433651,0.0,4,0.038433242589235306,-13.737175941467285
12.145541957579553,20.447579166968353,0.0,0.0,0.9979604482650757,,0.011154832958709449,302,23640,0.002625377383083105,0.16559109091758728,0.041856568306684494,0.8046249151229858,-0.0053432658314704895,0.625,2,134,20.447567208961118,20.446588624967262,0,1,1789187150.211796,0.0,4,0.03669069707393646,-13.694181442260742
20.15324996318668,20.52309862500988,0.2,0.0,0.9835206866264343,,0.01879983296385035,303,23740,0.0026575131341814995,0.16563311219215393,0.04183351248502731,0.8045409321784973,-0.004403417464345694,0.375,1,135,20.523088124988135,20.521745416976046,0,1,1789187150.287316,0.0,4,0.05966466665267944,-13.571916580200195
4.699832992628217,20.57383954199031,0.2,0.0,0.9622622728347778,,0.003358916030265391,304,23790,-0.10437360405921936,0.16565464437007904,0.041819751262664795,0.8045027256011963,-0.004404499661177397,0.375,1,136,20.573820999998134,20.572498749999795,0,1,1789187150.338049,0.0,4,0.0681694895029068,-13.558823585510254
7.257459044922143,20.642663625010755,0.0,0.0,0.9926215410232544,,0.0060320000047795475,305,23840,-1.4907596111297607,0.16575069725513458,0.0417848639190197,0.8044598698616028,-0.004620808642357588,0.625,2,137,20.64265166700352,20.641438249964267,0,1,1789187150.40688,0.0,4,0.09553941339254379,-13.576873779296875
11.230790987610817,20.713644041970838,0.0,-13.333333432674408,0.9977256655693054,,0.009995332977268845,306,23890,-3.5544426441192627,0.16631224751472473,0.04165017232298851,0.8043971657752991,-0.008065229281783104,0.625,2,138,20.71363262500381,20.71240866696462,0,1,1789187150.4778602,0.2222222238779068,5,0.14323870837688446,-13.651154518127441
15.58054197812453,20.784391166991554,0.0,-13.333333432674408,0.992456316947937,,0.014400332991499454,307,23990,-1.1644786596298218,0.16972413659095764,0.04090053215622902,0.804175078868866,-0.02386154606938362,0.625,2,139,20.784381208999548,20.783210999972653,0,1,1789187150.548609,0.2222222238779068,5,0.0967584103345871,-13.861085891723633
14.578333997633308,20.850202208966948,0.0,-13.333333432674408,0.9957605004310608,,0.013627959007862955,308,24041,0.9675397872924805,0.171982079744339,0.040381211787462234,0.8040347695350647,-0.0077371010556817055,0.625,2,140,20.850188084004913,20.849251959007233,0,1,1789187150.614416,0.2222222238779068,5,0.16657134890556335,-13.970969200134277
20.399208995513618,20.922621959005482,0.0,-13.333333432674408,0.9606114029884338,,0.01913575001526624,309,24144,-0.1776123344898224,0.17473526298999786,0.03972895070910454,0.8038097620010376,0.030228285118937492,0.625,2,141,20.92261204199167,20.921358624997083,0,1,1789187150.686839,0.2222222238779068,5,0.13191978633403778,-14.237308502197266
2.4272919981740415,20.971688791993074,0.0,-13.333333432674408,0.995608389377594,,0.001094917010050267,310,24190,0.4334697425365448,0.17550289630889893,0.03954663500189781,0.8037587404251099,0.02023419179022312,0.625,2,142,20.97167866700329,20.970356458972674,0,1,1789187150.7359061,0.2222222238779068,5,0.16297848522663116,-14.427023887634277
7.11904198396951,21.04245174996322,0.0,-13.333333432674408,0.9969402551651001,,0.005983582988847047,311,24240,1.3088487386703491,0.1764964908361435,0.03929455950856209,0.8037049770355225,0.0001299772848142311,0.625,2,143,21.04243916698033,21.041316374961752,0,1,1789187150.806666,0.2222222238779068,5,0.14257173240184784,-14.705620765686035
13.954540947452188,21.11663916701218,0.0,0.0,0.9963706731796265,,0.012362165958620608,312,24291,0.9384471774101257,0.17708106338977814,0.03914237767457962,0.8036612868309021,0.009590083733201027,0.625,2,144,21.11662887496641,21.115046874969266,0,1,1789187150.880856,0.0,4,0.08956383913755417,-15.088205337524414
23.47016701241955,21.192110167001374,0.0,0.0,0.9655051231384277,,0.022313292021863163,313,24391,0.219560906291008,0.17809250950813293,0.03889436274766922,0.8035863041877747,0.02183743752539158,0.625,2,145,21.192078666994348,21.190953583980445,0,1,1789187150.956308,0.0,4,0.1010267436504364,-16.04376792907715
6.379000027664006,21.242609124979936,0.0,0.0,0.9852471351623535,,0.005489583010785282,314,24441,0.5441662073135376,0.17874960601329803,0.03872913867235184,0.8035541772842407,-0.0003230363945476711,0.625,2,146,21.24259791697841,21.241719749988988,0,1,1789187151.006825,0.0,4,0.07336080819368362,-16.5651798248291
14.526708982884884,21.316918166994583,0.2,0.0,0.9947330951690674,,0.01359654194675386,315,24490,0.48187437653541565,0.17932924628257751,0.03858722001314163,0.8035304546356201,0.001751443836838007,0.375,1,147,21.316908959008288,21.31598816695623,0,1,1789187151.0811362,0.0,4,0.03751304745674133,-17.00230598449707
23.844624985940754,21.393087667005602,0.2,0.0,0.9934046864509583,,0.022714374994393438,316,24590,-0.04315834492444992,0.18054813146591187,0.0383002795279026,0.8034852743148804,0.012983943335711956,0.375,1,148,21.393076749984175,21.39195745898178,0,1,1789187151.157303,0.0,4,0.09109470248222351,-17.91874885559082
4.306124988943338,21.439849208982196,0.0,0.0,0.997319757938385,,0.0030150419916026294,317,24640,-1.1483714580535889,0.1812935471534729,0.03810793161392212,0.8034611940383911,-0.0015673370799049735,0.625,2,149,21.43983670900343,21.43855820898898,0,1,1789187151.204063,0.0,4,0.0571303516626358,-18.199907302856445
10.336333012674004,21.51245962496614,0.2,0.0,0.9819687008857727,,0.00864766602171585,318,24691,-2.997220993041992,0.1822539120912552,0.03785192221403122,0.8034316897392273,-0.016183989122509956,0.375,1,150,21.512447999964934,21.510771000001114,0,1,1789187151.276674,0.0,4,0.06677399575710297,-18.309078216552734
13.76866694772616,21.582775124988984,0.2,-13.333333432674408,0.983858048915863,,0.012378749961499125,319,24791,-0.5502175092697144,0.18694882094860077,0.03652767837047577,0.8032603859901428,0.016672415658831596,0.375,1,151,21.582765791972633,21.58138524997048,0,1,1789187151.346992,0.2222222238779068,5,0.12057117372751236,-18.276050567626953
9.068458050023764,21.644478708971292,0.0,-13.333333432674408,0.9861477017402649,,0.007631667016539723,320,24841,-0.6894962191581726,0.18932947516441345,0.0358014814555645,0.803129255771637,0.0006407629698514938,0.625,2,152,21.644467083970085,21.64304195897421,0,1,1789187151.408693,0.2222222238779068,5,0.13245271146297455,-18.152366638183594
9.207708004396409,21.711878083995543,0.0,-13.333333432674408,0.980782151222229,,0.00794525002129376,321,24891,-3.40075945854187,0.19174741208553314,0.03506235033273697,0.8029724359512329,0.010266419500112534,0.625,2,153,21.7118644999573,21.710615666990634,0,1,1789187151.476091,0.2222222238779068,5,0.15088582038879395,-18.013591766357422
14.457666024100035,21.783103583962657,0.2,-13.333333432674408,0.9324620962142944,,0.013381124997977167,322,24990,-0.09448429197072983,0.19785332679748535,0.03324109688401222,0.8025952577590942,0.0636872872710228,0.375,1,154,21.783093291975092,21.782027083972935,0,1,1789187151.547319,0.2222222238779068,5,0.11745438724756241,-17.978870391845703
14.163042011205107,21.85061575000873,0.0,-13.333333432674408,0.9952661991119385,,0.012788374966476113,323,25041,2.2480859756469727,0.20104318857192993,0.03223104402422905,0.8023962378501892,-0.02924979291856289,0.625,2,155,21.85060462501133,21.849241166957654,0,1,1789187151.6148312,0.2222222238779068,5,0.1352861076593399,-18.193449020385742
22.118500026408583,21.924765584000852,0.0,-13.333333432674408,0.9714227914810181,,0.02084750001085922,324,25091,0.432380348443985,0.20336255431175232,0.03148810938000679,0.8022326231002808,-0.019313665106892586,0.625,2,156,21.924752499966417,21.923494666989427,0,1,1789187151.688979,0.2222222238779068,5,0.11689608544111252,-18.595834732055664
6.8662919802591205,21.975317458971404,0.0,-13.333333432674408,0.9889503121376038,,0.005666374985594302,325,25140,-2.195577621459961,0.20580263435840607,0.03074408695101738,0.8020837903022766,0.040702302008867264,0.625,2,157,21.975300666992553,21.974117624980863,0,1,1789187151.7395258,0.2222222238779068,5,0.11619902402162552,-19.161277770996094
14.070709003135562,22.05021024995949,0.2,0.0,0.9356368780136108,,0.012846166966482997,326,25240,2.387209892272949,0.21143406629562378,0.029081745073199272,0.8017452955245972,-0.03211871534585953,0.375,1,158,22.05019820900634,22.0489857919747,0,1,1789187151.814424,0.0,4,0.05547977611422539,-20.30198860168457
20.627040998078883,22.122620166977867,0.2,0.0,0.9582290053367615,,0.019534541002940387,327,25291,1.9840110540390015,0.21364657580852509,0.028431998565793037,0.8015614748001099,0.10668805986642838,0.375,1,159,22.12261033395771,22.121527749986853,0,1,1789187151.886836,0.0,4,0.034724436700344086,-20.838411331176758
3.0732500017620623,22.171944250003435,0.2,0.0,0.7773029208183289,,0.001751916017383337,328,25341,-0.5081966519355774,0.2156284898519516,0.02786480262875557,0.8013917803764343,0.19891175627708435,0.375,1,160,22.171932958997786,22.17062300001271,0,1,1789187151.936158,0.0,4,0.02998315542936325,-21.42979621887207
6.142167025245726,22.24155608395813,0.2,0.0,0.9062515497207642,,0.004920792009215802,329,25441,-2.4910786151885986,0.2213219404220581,0.026018649339675903,0.8012328743934631,-0.03903597220778465,0.375,1,161,22.241544708958827,22.240334833972156,0,1,1789187152.00577,0.0,4,0.0269768126308918,-22.451499938964844
14.210833993274719,22.316628667002078,0.0,0.0,0.9454224109649658,,0.012669667019508779,330,25490,-2.2786307334899902,0.22449566423892975,0.024967748671770096,0.8012273907661438,-0.018700167536735535,0.625,2,162,22.31661791697843,22.315087541996036,0,1,1789187152.080843,0.0,4,0.019892007112503052,-22.682071685791016
14.965917041990906,22.383971749979537,0.0,0.0,0.980072021484375,,0.013606959022581577,331,25591,-2.419783115386963,0.23447081446647644,0.02152024582028389,0.8013591766357422,0.07315578311681747,0.625,2,163,22.383961666957475,22.38261283398606,0,1,1789187152.148187,0.0,4,0.006095242220908403,-23.080312728881836
18.074124993290752,22.453957249992527,0.2,0.0,0.9784026145935059,,0.016863583005033433,332,25641,-0.6014732122421265,0.23846833407878876,0.020134812220931053,0.8014161586761475,0.0553758330643177,0.375,1,164,22.45394291699631,22.452746791997924,0,1,1789187152.218168,0.0,4,0.026369009166955948,-23.152307510375977
2.8013749979436398,22.50473470898578,0.2,0.0,0.9813887476921082,,0.0011910420143976808,333,25691,2.0228779315948486,0.24403265118598938,0.018103063106536865,0.8015410900115967,0.07529168576002121,0.375,1,165,22.504723499994725,22.503124459006358,0,1,1789187152.268948,0.0,4,-8.828687714412808e-05,-23.13636589050293
6.0077920206822455,22.575130124983843,0.0,0.0,0.9790640473365784,,0.005113708029966801,334,25744,1.1255515813827515,0.24823306500911713,0.016558321192860603,0.801680862903595,0.11058919876813889,0.625,2,166,22.575117792002857,22.574236124986783,0,1,1789187152.339342,0.0,4,0.013518979772925377,-23.09524917602539
6.490542029496282,22.64208600000711,0.2,0.0,0.871721088886261,,0.004952708026394248,335,25841,-2.371938467025757,0.25469642877578735,0.014251261949539185,0.8019328713417053,0.10300968587398529,0.375,1,167,22.642073458991945,22.640548249997664,0,1,1789187152.4062989,0.0,4,0.027600008994340897,-23.020790100097656
7.84424995072186,22.710029874986503,0.2,0.0,0.9757313132286072,,0.0063896249630488455,336,25890,0.5736827850341797,0.25959599018096924,0.012452616356313229,0.8020238280296326,0.07339514046907425,0.375,1,168,22.71001720899949,22.70857537497068,0,1,1789187152.474242,0.0,4,0.012182948179543018,-23.02288818359375
9.57254198146984,22.77910783397965,0.0,0.0,0.9144219756126404,,0.008259083959273994,337,25941,1.3359349966049194,0.26439014077186584,0.01061988528817892,0.8020420670509338,0.05708226189017296,0.625,2,169,22.779095500009134,22.77779445896158,0,1,1789187152.5433202,0.0,4,0.037876419723033905,-23.056053161621094
14.2937499913387,22.850093749992084,0.0,0.0,0.9600836634635925,,0.013452166982460767,338,26041,-3.41823410987854,0.27194517850875854,0.007819922640919685,0.8019750118255615,0.06162798032164574,0.625,2,170,22.85008249996463,22.849252333980985,0,1,1789187152.6143072,0.0,4,0.026230638846755028,-23.184246063232422
23.020458000246435,22.925244709011167,0.2,0.0,0.9686405062675476,,0.022086917015258223,339,26093,0.10755794495344162,0.27838218212127686,0.00541742192581296,0.8018395304679871,0.03269475698471069,0.375,1,171,22.92523291701218,22.924311209004372,0,1,1789187152.689457,0.0,4,0.006442740093916655,-23.294963836669922
2.639416023157537,22.971586416999344,0.2,0.0,0.9826844334602356,,0.0012003750307485461,340,26141,2.8332715034484863,0.28256675601005554,0.003825571620836854,0.8017600178718567,0.04391581565141678,0.375,1,172,22.97157504200004,22.97014745901106,0,1,1789187152.735799,0.0,4,0.016585126519203186,-23.355131149291992
2.4507499765604734,23.037749999959487,0.2,0.0,0.9390121698379517,,0.0011879579978995025,341,26190,2.282608985900879,0.2869187295436859,0.00212105386890471,0.8016416430473328,0.08949524909257889,0.375,1,173,23.037735666963272,23.036487374978606,0,1,1789187152.80196,0.0,4,0.025366999208927155,-23.399639129638672
3.0557080172002316,23.10617641697172,0.2,0.0,0.7737183570861816,,0.001759458042215556,342,26291,-2.4961659908294678,0.2942022383213043,-0.0006965161883272231,0.801588773727417,0.04980048909783363,0.375,1,174,23.10616487497464,23.10488025000086,0,1,1789187152.870389,0.0,4,0.028533391654491425,-23.404991149902344
8.171542023774236,23.177297208982054,0.0,0.0,0.9514777064323425,,0.007400125032290816,343,26345,-1.4134249687194824,0.298809289932251,-0.002474432112649083,0.8016007542610168,0.025254830718040466,0.625,2,175,23.177284833975136,23.176525874994695,0,1,1789187152.941509,0.0,4,0.029542621225118637,-23.332876205444336
8.771875000093132,23.244035959010944,0.2,0.0,0.8516597151756287,,0.007393667008727789,344,26442,-1.5679829120635986,0.3084259629249573,-0.006270521320402622,0.801704466342926,0.05247721076011658,0.375,1,176,23.24402216699673,23.242657833965495,0,1,1789187153.008246,0.0,4,0.009705646894872189,-23.231348037719727
11.22154196491465,23.31239779200405,0.2,0.0,0.9655866026878357,,0.00988187495386228,345,26490,-0.25398629903793335,0.3135237991809845,-0.008284317329525948,0.8017753958702087,0.05332164466381073,0.375,1,177,23.31238645897247,23.311058249964844,0,1,1789187153.07661,0.0,4,0.004648522473871708,-23.20511245727539
13.475125015247613,23.38040462497156,0.0,0.0,0.9745946526527405,,0.012265999976079911,346,26541,0.7121220231056213,0.31854063272476196,-0.010307379998266697,0.8018476963043213,0.03670092299580574,0.625,2,178,23.38038950000191,23.379195541958325,0,1,1789187153.144613,0.0,4,0.016205815598368645,-23.195907592773438
21.17795799858868,23.453928834002,0.2,0.0,0.9852323532104492,,0.019823540991637856,347,26640,-2.257049322128296,0.32696059346199036,-0.01370958425104618,0.8020020127296448,0.03296153247356415,0.375,1,179,23.453918874962255,23.452574499999173,0,1,1789187153.218142,0.0,4,0.026150744408369064,-23.20817756652832
25.29658400453627,23.52523754199501,0.2,0.0,0.9722254276275635,,0.024594959046225995,348,26690,-0.48617345094680786,0.33194997906684875,-0.015682531520724297,0.80206698179245,0.02961711958050728,0.375,1,180,23.5252256669919,23.524535959004425,0,1,1789187153.289449,0.0,4,0.002659352496266365,-23.240835189819336
7.66537495655939,23.57473008398665,0.0,0.0,0.9793146848678589,,0.006157541996799409,349,26740,1.9523630142211914,0.33725714683532715,-0.01785345934331417,0.8021032810211182,0.02514469251036644,0.625,2,181,23.574718624993693,23.573222292005084,0,1,1789187153.338942,0.0,4,0.006321627181023359,-23.279953002929688
3.88045801082626,23.639608458965085,0.0,0.0,0.9894706010818481,,0.001084082992747426,350,26791,-0.1411760449409485,0.3417699635028839,-0.019733916968107224,0.8020998239517212,0.029012171551585197,0.625,2,182,23.63959612499457,23.636812249955256,0,1,1789187153.403819,0.0,4,0.019319891929626465,-23.310773849487305
2.626792003866285,23.705509416991845,0.0,0.0,0.9896253943443298,,0.001188750029541552,351,26891,0.0619954913854599,0.3510149121284485,-0.02343015745282173,0.8019891381263733,0.011257043108344078,0.625,2,183,23.705496084003244,23.704071416985244,0,1,1789187153.469719,0.0,4,0.015867182984948158,-23.324251174926758
8.400959020946175,23.7768917499925,0.2,0.0,0.9861970543861389,,0.0057895000209100544,352,26940,3.102242946624756,0.35535743832588196,-0.025194283574819565,0.8018995523452759,0.0061781383119523525,0.375,1,184,23.77687970898114,23.77428037498612,0,1,1789187153.5411031,0.0,4,0.03101189248263836,-23.320470809936523
14.460084028542042,23.8500599169638,0.0,0.0,0.9890633225440979,,0.013635167037136853,353,27040,0.5101980566978455,0.3626684546470642,-0.028259390965104103,0.8016912937164307,0.026324449107050896,0.625,2,185,23.85005041700788,23.849235041998327,0,1,1789187153.614273,0.0,4,0.03295578807592392,-23.256589889526367
15.562208951450884,23.91778512496967,0.0,0.0,0.9587039947509766,,0.013612958951853216,354,27091,-1.405812382698059,0.36598655581474304,-0.029590606689453125,0.8016986846923828,0.012897331267595291,0.625,2,186,23.917773916968144,23.915835958963726,0,1,1789187153.681996,0.0,4,0.07198131829500198,-23.231307983398438
19.858207961078733,23.98872008395847,0.0,0.0,0.984664261341095,,0.018923082971014082,355,27140,-0.7648699879646301,0.3692508637905121,-0.030860625207424164,0.8017387390136719,-0.004362322390079498,0.625,2,187,23.988707999989856,23.98778504197253,0,1,1789187153.752931,0.0,4,0.035176586359739304,-23.21632957458496
19.463041971903294,24.05561487498926,0.0,0.0,0.9955529570579529,,0.018409957992844284,356,27240,2.043612480163574,0.37720999121665955,-0.034073349088430405,0.801928699016571,0.008210601285099983,0.625,2,188,24.055601291998755,24.054561875003856,0,1,1789187153.8198242,0.0,4,0.043174147605895996,-23.197044372558594
4.7139169764705,24.106784708972555,0.0,0.0,0.9923783540725708,,0.0035700839944183826,357,27291,0.9534839391708374,0.3802681565284729,-0.0353226475417614,0.8020244240760803,0.02150377258658409,0.625,2,189,24.106774874962866,24.105640958994627,0,1,1789187153.870997,0.0,4,0.03781033679842949,-23.204439163208008
7.233874988742173,24.177035500004422,0.0,0.0,0.9901242852210999,,0.006156041985377669,358,27343,0.6908423900604248,0.382906973361969,-0.03638776019215584,0.8021256923675537,0.015543884597718716,0.625,2,190,24.17702229198767,24.17595770896878,0,1,1789187153.941244,0.0,4,0.04177597910165787,-23.21720314025879
8.72262503253296,24.244253334007226,0.0,0.0,0.9951840043067932,,0.007025625032838434,359,27441,1.7416733503341675,0.388089120388031,-0.038512010127305984,0.8024046421051025,0.0007918275659903884,0.625,2,191,24.244240749976598,24.242556417011656,0,1,1789187154.0084631,0.0,4,0.04202406480908394,-23.24760627746582
6.583207985386252,24.309711958980188,0.0,0.0,0.9939917922019958,,0.00535433302866295,360,27490,1.0568344593048096,0.39009222388267517,-0.03933841362595558,0.802545428276062,0.009100822731852531,0.625,2,192,24.30969887500396,24.308483125001658,0,1,1789187154.073921,0.0,4,0.037421565502882004,-23.254758834838867
9.416708024218678,24.37803324998822,0.0,0.0,0.9932782053947449,,0.007978083041962236,361,27541,0.6370925307273865,0.39169803261756897,-0.039983026683330536,0.8026694059371948,0.010664691217243671,0.625,2,193,24.378020750009455,24.376594792003743,0,1,1789187154.1422431,0.0,4,0.0359579361975193,-23.245471954345703
11.355208000168204,24.447729084000457,0.0,0.0,0.9914647936820984,,0.009886500018183142,362,27640,1.0004692077636719,0.3952140212059021,-0.041403479874134064,0.8030234575271606,-0.005818425677716732,0.625,2,194,24.44771837501321,24.446260416996665,0,1,1789187154.21194,0.0,4,0.04757910221815109,-23.23521614074707
9.519208048004657,24.51115849998314,0.0,0.0,0.9930769205093384,,0.008577166008763015,363,27691,0.7490844130516052,0.3968459665775299,-0.04206007719039917,0.8031948804855347,-0.002526340074837208,0.625,2,195,24.511145166994538,24.51021649996983,0,1,1789187154.275367,0.0,4,0.04102928563952446,-23.223302841186523
9.344167017843574,24.579565458989237,0.0,0.0,0.989678144454956,,0.008431249996647239,364,27740,0.46909353137016296,0.3981330394744873,-0.0425737090408802,0.8033488392829895,0.004203064367175102,0.625,2,196,24.579555083997548,24.578652624972165,0,1,1789187154.343776,0.0,4,0.04973684996366501,-23.210901260375977
15.502874972298741,24.649442875001114,0.0,0.0,0.9913372993469238,,0.01433525001630187,365,27840,0.5966631174087524,0.4007422924041748,-0.04361357539892197,0.803674578666687,0.002410048618912697,0.625,2,197,24.649430291960016,24.64827545901062,0,1,1789187154.413652,0.0,4,0.04629693180322647,-23.186912536621094
19.724082958418876,24.721478958963417,0.0,0.0,0.9885684251785278,,0.01854637498036027,366,27891,0.5310054421424866,0.40193289518356323,-0.044091153889894485,0.8038259148597717,0.001132332719862461,0.625,2,198,24.72146549995523,24.720301333989482,0,1,1789187154.485687,0.0,4,0.053507812321186066,-23.180025100708008
21.60179102793336,24.792377792007755,0.0,0.0,0.9825307726860046,,0.020176665973849595,367,27940,0.36253222823143005,0.40295615792274475,-0.04449952021241188,0.8039628863334656,0.002489799400791526,0.625,2,199,24.792363166983705,24.790952749957796,0,1,1789187154.556584,0.0,4,0.0563080795109272,-23.177616119384766
3.5014169989153743,24.839981041965075,0.0,0.0,0.9839222431182861,,0.002435041998978704,368,27990,0.3373549282550812,0.4037415087223053,-0.04480845108628273,0.8040555119514465,0.005053267348557711,0.625,2,200,24.839967417006847,24.838914833962917,0,1,1789187154.604189,0.0,4,0.04936707019805908,-23.177614212036133
8.915791986510158,24.91147541697137,0.0,0.0,0.9842780232429504,,0.007644791970960796,369,28093,0.3916419446468353,0.4053574204444885,-0.04544591158628464,0.8042343854904175,0.006792539265006781,0.625,2,201,24.911461125011556,24.910204458981752,0,1,1789187154.675682,0.0,4,0.03478456288576126,-23.1776180267334
12.702458014246076,24.983427833998576,0.0,0.0,0.9786125421524048,,0.011297332996036857,370,28141,0.2966701090335846,0.4060179591178894,-0.04570624232292175,0.8042998313903809,0.004461442586034536,0.625,2,202,24.983414416958112,24.98202291695634,0,1,1789187154.747635,0.0,4,0.039785824716091156,-23.177614212036133
19.25200002733618,25.055622749961913,0.0,0.0,0.9776433110237122,,0.017317417019512504,371,28241,0.25118210911750793,0.4072132408618927,-0.046169281005859375,0.80438232421875,0.003654494183138013,0.625,2,203,25.055612833995838,25.05368820898002,0,1,1789187154.819834,0.0,4,0.03778858110308647,-23.177608489990234
3.2875839970074594,25.10568549996242,0.0,0.0,0.9756805896759033,,0.0010326250339858234,372,28290,0.24824310839176178,0.40767648816108704,-0.046343013644218445,0.8044042587280273,0.003709403332322836,0.625,2,204,25.105674458958674,25.103430624993052,0,1,1789187154.869895,0.0,4,0.035745106637477875,-23.167383193969727
4.584958020132035,25.17537245899439,0.0,0.0,0.9685770869255066,,0.003425917006097734,373,28340,0.19979076087474823,0.4081687331199646,-0.04652634635567665,0.8044046759605408,0.0037093879655003548,0.625,2,205,25.175359624961857,25.174213583988603,0,1,1789187154.93958,0.0,4,0.037912312895059586,-23.16737937927246
13.929957989603281,25.250404333986808,0.0,0.0,0.9700183272361755,,0.012448415975086391,374,28440,0.15322944521903992,0.4089677333831787,-0.046812720596790314,0.804381787776947,0.005000502336770296,0.625,2,206,25.250395542010665,25.248922874976415,0,1,1789187155.014616,0.0,4,0.03310108929872513,-23.151472091674805
21.132459049113095,25.323693291982636,0.0,0.0,0.9716078042984009,,0.019771709048654884,375,28491,0.1546160727739334,0.4093470573425293,-0.04694530367851257,0.8043533563613892,0.004978115204721689,0.625,2,207,25.32368408399634,25.32233258400811,0,1,1789187155.087904,0.0,4,0.029222944751381874,-23.14836311340332
4.608666989952326,25.37536770896986,0.0,0.0,0.9712408185005188,,0.0029512500041164458,376,28541,0.1386108100414276,0.40967655181884766,-0.04705917090177536,0.8043122887611389,0.005453577730804682,0.625,2,208,25.37535508396104,25.37371037498815,0,1,1789187155.139575,0.0,4,0.02893698960542679,-23.143598556518555
13.754499959759414,25.450469542003702,0.2,0.0,0.9756355285644531,,0.0123797080013901,377,28590,0.11241839826107025,0.4099707007408142,-0.0471595898270607,0.8042595982551575,0.006299218628555536,0.375,1,209,25.45045766700059,25.449094792013057,0,1,1789187155.214678,0.0,4,0.02551206387579441,-23.14061737060547
18.049790989607573,25.520803833962418,0.2,0.0,0.9727977514266968,,0.0159569579991512,378,28690,0.0009861907456070185,0.4105028212070465,-0.047343142330646515,0.8041245937347412,0.0067781563848257065,0.375,1,210,25.520778458972927,25.51871116698021,0,1,1789187155.285001,0.0,4,0.029187237843871117,-23.134862899780273
21.10941696446389,25.58997441700194,0.2,0.0,0.9660484194755554,,0.019807832955848426,379,28740,-1.462812066078186,0.4108424186706543,-0.04747171327471733,0.8040326833724976,0.007196428719907999,0.375,1,211,25.589960999961477,25.58867287496105,0,1,1789187155.354181,0.0,4,0.019702620804309845,-23.121423721313477
10.450667003169656,25.647896999958903,0.0,0.0,0.9843079447746277,,0.009163166978396475,380,28791,-3.521223306655884,0.41159865260124207,-0.04775075986981392,0.8039169907569885,0.007343642879277468,0.625,2,212,25.64788491697982,25.64660954196006,0,1,1789187155.4121048,0.0,4,0.060269545763731,-23.118106842041016
7.9098750138655305,25.71048129198607,0.2,0.0,0.9417179822921753,,0.00697695801500231,381,28890,-3.0708272457122803,0.4162265360355377,-0.04953489825129509,0.8035407662391663,0.0073796347714960575,0.375,1,213,25.71046958398074,25.709548541984987,0,1,1789187155.474689,0.0,4,0.02648695558309555,-23.115705490112305
16.314374981448054,25.783434749988373,0.0,0.0,0.8580772876739502,,0.015415291010867804,382,28941,-1.2750520706176758,0.41937190294265747,-0.050781987607479095,0.8033520579338074,0.0165315642952919,0.625,2,214,25.783420708961785,25.782535750011448,0,1,1789187155.54764,0.0,4,0.020746001973748207,-23.116044998168945
22.005416976753622,25.85832279198803,0.2,0.0,0.8510301113128662,,0.021231124992482364,383,29040,-2.084599733352661,0.42503872513771057,-0.0531160831451416,0.8030502200126648,0.03609051555395126,0.375,1,215,25.858313791977707,25.857548541971482,0,1,1789187155.622533,0.0,4,0.020008038729429245,-23.095272064208984
3.184375003911555,25.90654437500052,0.2,0.0,0.9214842319488525,,0.0024361670366488397,384,29040,-2.084599733352661,0.42503872513771057,-0.0531160831451416,0.8030502200126648,0.03609051555395126,0.375,1,216,25.90653499995824,25.905796209000982,0,1,1789187155.670754,0.0,4,0.007858850993216038,-23.095272064208984
9.569667046889663,25.979235209000763,0.0,0.0,0.8839111924171448,,0.008277792017906904,385,29142,0.24797700345516205,0.4312140643596649,-0.05562766268849373,0.8027139902114868,0.014150235801935196,0.625,2,217,25.979222874972038,25.977943416975904,0,1,1789187155.7434418,0.0,4,0.023238524794578552,-23.076629638671875
14.567499980330467,26.05025408399524,0.2,0.0,0.9366776943206787,,0.013598707970231771,386,29190,-0.9158764481544495,0.43338778614997864,-0.0565362349152565,0.8025684356689453,0.014020740054547787,0.375,1,218,26.050240041979123,26.04928541695699,0,1,1789187155.8144588,0.0,4,0.019521770998835564,-23.068931579589844
14.325791969895363,26.1172464590054,0.2,0.0,0.9383934736251831,,0.01294066698756069,387,29291,-0.08161570876836777,0.44038715958595276,-0.05935147404670715,0.8020966053009033,0.009331917390227318,0.375,1,219,26.11723475001054,26.115861458994914,0,1,1789187155.881454,0.0,4,0.01910228095948696,-23.05719566345215
18.268875021021813,26.18710512499092,0.0,0.0,0.9591721892356873,,0.01734483300242573,388,29340,0.9033361077308655,0.4430156350135803,-0.06043386831879616,0.8018898963928223,0.0049063656479120255,0.625,2,220,26.18708649999462,26.186181249970105,0,1,1789187155.951305,0.0,4,0.01450717356055975,-23.06730079650879
23.21433403994888,26.259296041971538,0.0,0.0,0.9707678556442261,,0.021465042023919523,389,29441,-3.0963022708892822,0.449921190738678,-0.06327274441719055,0.8013303279876709,0.011268466711044312,0.625,2,221,26.259287208958995,26.25754679198144,0,1,1789187156.023506,0.0,4,0.004855671897530556,-23.079763412475586
7.013541995547712,26.3093536249944,0.0,0.0,0.8411042094230652,,0.004463584045879543,390,29491,-0.02817283757030964,0.4542071223258972,-0.06497511267662048,0.8010395765304565,0.008946443907916546,0.625,2,222,26.30934375000652,26.306803709012456,0,1,1789187156.0735621,0.0,4,0.010772132314741611,-23.076494216918945
7.155624974984676,26.375554792000912,0.0,0.0,0.9956963062286377,,0.0049099159659817815,391,29541,2.814225435256958,0.458202600479126,-0.06662891805171967,0.8007705807685852,0.008001714013516903,0.625,2,223,26.375541124958545,26.373309124959633,0,1,1789187156.13976,0.0,4,0.0030252684373408556,-23.079708099365234
12.866124976426363,26.44713408401003,0.0,0.0,0.915091872215271,,0.011134458996821195,392,29590,1.9455007314682007,0.4612581729888916,-0.06794821470975876,0.8005231618881226,0.015577541664242744,0.625,2,224,26.4471245839959,26.44540245900862,0,1,1789187156.211343,0.0,4,0.004603639245033264,-23.079492568969727
18.399749998934567,26.519039499980863,0.0,0.0,0.9398990869522095,,0.016946249990724027,393,29692,1.0299112796783447,0.4658558964729309,-0.06989923864603043,0.8002318143844604,0.005211448296904564,0.625,2,225,26.519028749957215,26.517586041998584,0,1,1789187156.283247,0.0,4,0.01045387051999569,-23.06715202331543
25.27529204962775,26.592914874956477,0.0,0.0,0.9558242559432983,,0.023963042011018842,394,29740,2.0870139598846436,0.4678930938243866,-0.0707511380314827,0.8001635074615479,-0.011899313889443874,0.625,2,226,26.592904583958443,26.59160270896973,0,1,1789187156.3571231,0.0,4,0.003961158916354179,-23.06441307067871
5.986208037938923,26.641910667007323,0.0,0.0,0.8652358055114746,,0.00493412499781698,395,29790,1.8560436964035034,0.46981996297836304,-0.07158644497394562,0.8001331090927124,-0.014601700007915497,0.625,2,227,26.64190087496536,26.640858666971326,0,1,1789187156.4061189,0.0,4,0.013576248660683632,-23.051965713500977
15.358417003881186,26.718251374957617,0.0,0.0,0.9427273869514465,,0.014009334030561149,396,29890,0.422970712184906,0.47292158007621765,-0.07289815694093704,0.8002161979675293,-0.006977932062000036,0.625,2,228,26.718240624992177,26.71690233401023,0,1,1789187156.4824588,0.0,4,-0.0017646969063207507,-23.047212600708008
18.446375033818185,26.78725187497912,0.0,0.0,0.8917074799537659,,0.01650712499395013,397,29940,0.9339269399642944,0.4747168719768524,-0.07363463193178177,0.8003017902374268,-0.0158863328397274,0.625,2,229,26.78722212498542,26.785312916967086,0,1,1789187156.5514429,0.0,4,-0.0005581374280154705,-23.03759002685547
18.542041012551636,26.854658791969996,0.0,0.0,0.8905802965164185,,0.017384750011842698,398,29990,0.9884641766548157,0.47620877623558044,-0.07426232099533081,0.8003987669944763,-0.019111167639493942,0.625,2,230,26.854649166984018,26.85350158397341,0,1,1789187156.618867,0.0,4,-0.011183018796145916,-23.03757667541504
3.4635000047273934,26.905668874969706,0.0,0.0,0.8098474740982056,,0.0007404579664580524,399,30040,0.5369751453399658,0.4775394797325134,-0.07482979446649551,0.8005242943763733,-0.012939687818288803,0.625,2,231,26.905658792005852,26.902945874957368,0,1,1789187156.6698759,0.0,4,-0.010551359504461288,-23.037708282470703
7.422209018841386,26.97691304195905,0.0,0.0,0.9136055111885071,,0.006126458989456296,400,30140,0.4737829864025116,0.48015502095222473,-0.07594487071037292,0.8008690476417542,-0.00228121574036777,0.625,2,232,26.97690191696165,26.975617333955597,0,1,1789187156.741119,0.0,4,-0.010926002636551857,-23.021770477294922
10.424666979815811,27.04591070895549,0.0,0.0,0.9680054187774658,,0.008633500023279339,401,30190,0.6394786834716797,0.4813273251056671,-0.07646255195140839,0.8010690808296204,-0.006355467718094587,0.625,2,233,27.045897584001068,27.044119625003077,0,1,1789187156.810115,0.0,4,-0.009649708867073059,-23.01565933227539
14.24554199911654,27.117069375002757,0.0,0.0,0.975324809551239,,0.013026292028371245,402,30290,0.2521882951259613,0.48305565118789673,-0.07725171744823456,0.8014470338821411,-0.007381932809948921,0.625,2,234,27.117058041971177,27.115850166999735,0,1,1789187156.881275,0.0,4,-0.0034296317026019096,-23.023935317993164
23.042582964990288,27.192117458966095,0.0,0.0,0.9864771366119385,,0.021785082994028926,403,30340,0.3025621473789215,0.4838341176509857,-0.0776083841919899,0.8016301989555359,-0.005936185829341412,0.625,2,235,27.192103999957908,27.190860041999258,0,1,1789187156.956321,0.0,4,-0.009288755245506763,-23.028488159179688
5.481000000145286,27.241060499974992,0.0,0.0,0.9792271256446838,,0.002703750040382147,404,30390,0.3994586765766144,0.4845191538333893,-0.07792910188436508,0.8018134236335754,-0.005917103495448828,0.625,2,236,27.24104820896173,27.238283334008884,0,1,1789187157.005265,0.0,4,-0.003641630755737424,-23.031532287597656
14.32158297393471,27.317268333979882,0.0,0.0,0.9925554394721985,,0.012400165956933051,405,30490,0.20070011913776398,0.4856131076812744,-0.07846333831548691,0.8021644949913025,-0.010380647145211697,0.625,2,237,27.317257999966387,27.315346999967005,0,1,1789187157.081475,0.0,4,-0.00010943826055154204,-23.03287124633789
19.4223330472596,27.38846674998058,0.0,0.0,0.992473840713501,,0.01847837504465133,406,30541,0.18117858469486237,0.48609212040901184,-0.07869897037744522,0.802324652671814,-0.01158850360661745,0.625,2,238,27.388453666993883,27.387522834003903,0,1,1789187157.1526709,0.0,4,-0.010455004870891571,-23.032875061035156
2.259375003632158,27.437128749967087,0.0,0.0,0.9824383854866028,,0.0011753750150091946,407,30591,0.21919551491737366,0.48648351430892944,-0.07889217138290405,0.8024500608444214,-0.011596809141337872,0.625,2,239,27.43711624998832,27.43604483397212,0,1,1789187157.201333,0.0,4,-0.023053757846355438,-23.03052520751953
8.21791699854657,27.508568583987653,0.0,0.0,0.8254035115242004,,0.00716591696254909,408,30641,0.20203962922096252,0.4868835508823395,-0.07909456640481949,0.8025858402252197,-0.011614292860031128,0.625,2,240,27.508555000007618,27.50751666695578,0,1,1789187157.272772,0.0,4,-0.022342834621667862,-23.025907516479492
13.692374981474131,27.581265666987747,0.0,0.0,0.8007135391235352,,0.012347750016488135,409,30741,0.10126565396785736,0.48747989535331726,-0.0794031098484993,0.8027860522270203,-0.011609070934355259,0.625,2,241,27.581250624964014,27.579921249998733,0,1,1789187157.3454669,0.0,4,-0.032701484858989716,-23.005008697509766
7.237000041641295,27.6419594999752,0.0,0.0,0.9169861674308777,,0.006306750001385808,410,30791,0.11219489574432373,0.48773297667503357,-0.0795360654592514,0.8028620481491089,-0.009304570965468884,0.625,2,242,27.641947291966062,27.641029458958656,0,1,1789187157.406164,0.0,4,-0.037677422165870667,-22.981578826904297
5.5498749716207385,27.708963333978318,0.0,0.0,0.9810963273048401,,0.004306791990529746,411,30841,0.11474865674972534,0.48796913027763367,-0.07966438680887222,0.8029249310493469,-0.009317672811448574,0.625,2,243,27.708949541964103,27.70772033400135,0,1,1789187157.473166,0.0,4,-0.0524333193898201,-22.979290008544922
9.02224995661527,27.778275083983317,0.0,0.0,0.9975199103355408,,0.007396875007543713,412,30941,0.05389329418540001,0.48833364248275757,-0.07987624406814575,0.8029989004135132,-0.009315821342170238,0.625,2,244,27.778263708984014,27.776649834006093,0,1,1789187157.5424798,0.0,4,-0.05319429561495781,-22.981054306030273
14.701665961183608,27.850322292011697,0.0,0.0,0.990279495716095,,0.013569124974310398,413,30992,0.052034903317689896,0.48848769068717957,-0.079971082508564,0.8030121326446533,-0.00810225959867239,0.625,2,245,27.85030937497504,27.84918983397074,0,1,1789187157.614526,0.0,4,-0.06862654536962509,-22.98538589477539
20.856624993029982,27.92360749997897,0.0,0.0,0.981208324432373,,0.01982562500052154,414,31091,0.047961100935935974,0.48871949315071106,-0.08012990653514862,0.8030186295509338,-0.008091023191809654,0.625,2,246,27.923596124979667,27.922576583980117,0,1,1789187157.687812,0.0,4,-0.07530166208744049,-22.9965877532959
2.278790983837098,27.971159624983557,0.0,13.333333432674408,0.9650920629501343,,0.0011927910381928086,415,31141,0.02923407219350338,0.48881667852401733,-0.08020825684070587,0.8030059337615967,-0.008088883943855762,0.625,2,247,27.97114691697061,27.97007375000976,0,1,1789187157.735363,-0.2222222238779068,3,-0.10683247447013855,-22.9997615814209
5.015833012294024,28.041084833967034,0.0,13.333333432674408,0.9264457821846008,,0.0036697080358862877,416,31190,0.019954605028033257,0.4888884723186493,-0.08027315139770508,0.8029841780662537,-0.008088718168437481,0.625,2,248,28.041071042011026,28.039738874998875,0,1,1789187157.805287,-0.2222222238779068,3,-0.14447864890098572,-23.00010871887207
8.410207985434681,28.110514124971814,0.0,13.333333432674408,0.6686771512031555,,0.007407999946735799,417,31290,0.019639862701296806,0.48901692032814026,-0.08041185885667801,0.8028921484947205,-0.008104199543595314,0.625,2,0,28.11050216696458,28.109511958959047,0,1,1789187157.874718,-0.2222222238779068,3,-0.15599770843982697,-22.954967498779297
9.996625012718141,28.179350499995053,0.0,13.333333432674408,0.8486045598983765,,0.00839645799715072,418,31341,0.014352151192724705,0.48906081914901733,-0.08047842979431152,0.8028326034545898,-0.009812197647988796,0.625,2,1,28.179341083974577,28.17775041697314,0,1,1789187157.943557,-0.2222222238779068,3,-0.16283965110778809,-22.843839645385742
9.281750011723489,28.24492129200371,0.0,13.333333432674408,0.8516167998313904,,0.00815362500725314,419,31390,0.005368405487388372,0.48908838629722595,-0.0805332139134407,0.8027794361114502,-0.012527437880635262,0.625,2,2,28.244908791966736,28.243793208966963,0,1,1789187158.0091252,-0.2222222238779068,3,-0.17185522615909576,-22.66559600830078
12.937792052980512,28.31595333397854,0.0,13.333333432674408,0.8565565943717957,,0.011927542043849826,420,31490,-0.0011187262134626508,0.4891341030597687,-0.08065066486597061,0.8026435971260071,-0.013327852822840214,0.625,2,3,28.315940250002313,28.31494329200359,0,1,1789187158.0801558,-0.2222222238779068,3,-0.17260120809078217,-21.895980834960938
17.30866701109335,28.386365416983608,0.0,13.333333432674408,0.8663662075996399,,0.016429167008027434,421,31541,-0.0023522672709077597,0.4891459047794342,-0.08070792257785797,0.8025725483894348,-0.013314156793057919,0.625,2,4,28.386353500012774,28.385485959006473,0,1,1789187158.150569,-0.2222222238779068,3,-0.16767801344394684,-21.336210250854492
1.503584033343941,28.437564291991293,0.0,13.333333432674408,0.9545129537582397,,0.00032395904418081045,422,31590,-0.0075088320299983025,0.4891522526741028,-0.08076263964176178,0.8024945259094238,-0.013195238076150417,0.625,2,5,28.437548124988098,28.43638483399991,0,1,1789187158.201764,-0.2222222238779068,3,-0.1223200336098671,-20.68767738342285
5.410292011220008,28.50796612497652,0.0,13.333333432674408,0.9832342863082886,,0.00424158398527652,423,31641,-0.011302021332085133,0.4891541600227356,-0.08081621676683426,0.802410364151001,-0.01507954765111208,0.625,2,6,28.50795137498062,28.50679770897841,0,1,1789187158.272167,-0.2222222238779068,3,-0.15372690558433533,-20.0048770904541
8.581166970543563,28.57796783396043,0.0,13.333333432674408,0.9918795228004456,,0.007337374961934984,424,31740,-0.012844382785260677,0.4891476631164551,-0.08091150224208832,0.8022447228431702,-0.015513955615460873,0.625,2,7,28.57795599999372,28.576724124955945,0,1,1789187158.342171,-0.2222222238779068,3,-0.11032906174659729,-18.772796630859375
13.021665974520147,28.64891233399976,0.0,0.0,0.9950217008590698,,0.01195420796284452,425,31791,-0.016111385077238083,0.48914188146591187,-0.08095763623714447,0.8021546602249146,-0.01535519678145647,0.625,2,8,28.64890029199887,28.647844916966278,0,1,1789187158.4131148,0.0,4,-0.07018958777189255,-18.2026309967041
21.165457961615175,28.7238049589796,0.0,0.0,0.9953939914703369,,0.020055542001500726,426,31893,-0.017410511150956154,0.4891320765018463,-0.08104395121335983,0.8019826412200928,-0.015071870759129524,0.625,2,9,28.72379545896547,28.722695083997678,0,1,1789187158.48801,0.0,4,-0.057780586183071136,-17.258041381835938
5.138291046023369,28.774454416998196,0.0,0.0,0.9961018562316895,,0.004013083002064377,427,31941,-0.018960144370794296,0.48912113904953003,-0.08107563108205795,0.8019211888313293,-0.0149783194065094,0.625,2,10,28.77444370900048,28.773329291958362,0,1,1789187158.5386581,0.0,4,-0.060612358152866364,-16.958600997924805
3.404458984732628,28.83940962498309,0.0,0.0,0.9972254037857056,,0.002159791998565197,428,31990,-0.019177652895450592,0.48911869525909424,-0.08111350983381271,0.8018409013748169,-0.01400905754417181,0.625,2,11,28.839396958996076,28.838165041990578,0,1,1789187158.603612,0.0,4,-0.07538658380508423,-16.569889068603516
3.409708966501057,28.906326333992183,0.0,0.0,0.9970679879188538,,0.002314499986823648,429,32040,-0.020781075581908226,0.4891097843647003,-0.08114238828420639,0.8017814755439758,-0.012064909562468529,0.625,2,12,28.906314499967266,28.905231249984354,0,1,1789187158.6705291,0.0,4,-0.07551444321870804,-16.32314682006836
5.876000039279461,28.974962542008143,0.0,13.333333432674408,0.9974712133407593,,0.004637459001969546,430,32142,-0.020861120894551277,0.48910751938819885,-0.08120957016944885,0.8016484975814819,-0.010799890384078026,0.625,2,13,28.974946125003044,28.973724083974957,0,1,1789187158.739161,-0.2222222238779068,3,-0.1285129189491272,-15.863767623901367
3.8094590418040752,29.040355500008445,0.0,13.333333432674408,0.9943104982376099,,0.0026324590435251594,431,32191,-0.020884593948721886,0.4891062378883362,-0.08124087750911713,0.8015974164009094,-0.010771211236715317,0.625,2,14,29.040342291991692,29.03917858400382,0,1,1789187158.804557,-0.2222222238779068,3,-0.15702129900455475,-15.739133834838867
3.57354199513793,29.106207208998967,0.0,13.333333432674408,0.9791918992996216,,0.002443208999466151,432,32240,-0.02089674584567547,0.48910441994667053,-0.08126630634069443,0.8015621304512024,-0.010054629296064377,0.625,2,15,29.106196541979443,29.10507695900742,0,1,1789187158.870411,-0.2222222238779068,3,-0.15998172760009766,-15.673747062683105
5.336457979865372,29.17456700000912,0.0,13.333333432674408,0.9834979176521301,,0.004219666006974876,433,32340,-0.017749769613146782,0.4891067147254944,-0.08132530748844147,0.8014978766441345,-0.009998968802392483,0.625,2,16,29.174556791957002,29.173450250003953,0,1,1789187158.938771,-0.2222222238779068,3,-0.16705283522605896,-15.517253875732422
10.01087500480935,29.246055624971632,0.0,13.333333432674408,0.9944707155227661,,0.008628375013358891,434,32390,-0.017785733565688133,0.4891115427017212,-0.08136191964149475,0.8014687895774841,-0.009837322868406773,0.625,2,17,29.24604245898081,29.244673208973836,0,1,1789187159.010257,-0.2222222238779068,3,-0.17291443049907684,-15.30978012084961
18.79854197613895,29.321635833999608,0.0,13.333333432674408,0.9944067001342773,,0.017344666994176805,435,32440,-0.017843130975961685,0.48911720514297485,-0.08139908313751221,0.8014460802078247,-0.009233856573700905,0.625,2,18,29.321625874959864,29.320182083989494,0,1,1789187159.08584,-0.2222222238779068,3,-0.17250582575798035,-14.957148551940918
22.847582993563265,29.39192958397325,0.0,13.333333432674408,0.9947808384895325,,0.02213466598186642,436,32540,-0.01801135390996933,0.4891219139099121,-0.08147576451301575,0.8014121055603027,-0.0089012635871768,0.625,2,19,29.39191937498981,29.39121674996568,0,1,1789187159.1561332,-0.2222222238779068,3,-0.1832350194454193,-13.894216537475586
5.214457982219756,29.441422624979168,0.0,13.333333432674408,0.9952759742736816,,0.003627208003308624,437,32590,-0.01792740263044834,0.489120215177536,-0.08151917904615402,0.8013896942138672,-0.008563768118619919,0.625,2,20,29.441408999962732,29.439835541998036,0,1,1789187159.2056231,-0.2222222238779068,3,-0.1700538545846939,-13.228131294250488
9.558958990965039,29.511869709007442,0.0,13.333333432674408,0.9996852874755859,,0.00863829196896404,438,32643,-0.018033763393759727,0.4891185164451599,-0.08156172186136246,0.8013638257980347,-0.01056413073092699,0.625,2,21,29.511856541968882,29.51094916695729,0,1,1789187159.2760699,-0.2222222238779068,3,-0.11524108052253723,-12.575448989868164
13.848375005181879,29.58314070897177,0.0,0.0,0.9996366500854492,,0.012578458001371473,439,32743,-0.018331050872802734,0.4891168177127838,-0.08165442198514938,0.801299512386322,-0.013462905772030354,0.625,2,22,29.583128792000934,29.581870916998014,0,1,1789187159.347342,0.0,4,-0.09566710144281387,-11.238539695739746
6.8539580097422,29.642889208975248,0.0,0.0,0.9994757771492004,,0.004789416037965566,440,32791,-0.017836447805166245,0.48911094665527344,-0.08169610053300858,0.8012698292732239,-0.013029547408223152,0.625,2,23,29.642877833975945,29.640824750007596,0,1,1789187159.407091,0.0,4,-0.09618043154478073,-10.785903930664062
11.275500000920147,29.71688575000735,0.0,0.0,0.9993945360183716,,0.010003667033743113,441,32844,-0.015413145534694195,0.48910951614379883,-0.08175040036439896,0.8012294769287109,-0.011783660389482975,0.625,2,24,29.71687199996086,29.715613959007896,0,1,1789187159.481086,0.0,4,-0.09505683183670044,-10.351472854614258
19.682332989759743,29.791929583996534,0.0,0.0,0.999263346195221,,0.01859841594705358,442,32941,-0.01497905794531107,0.48909279704093933,-0.08183512836694717,0.8011882305145264,-0.01339067704975605,0.625,2,25,29.791919166978914,29.790845749957953,0,1,1789187159.556132,0.0,4,-0.07440171390771866,-9.800871849060059
17.562000022735447,29.857301916985307,0.0,0.0,0.9996781349182129,,0.016081208013929427,443,32991,-0.018082544207572937,0.4890806972980499,-0.08187861740589142,0.8011699318885803,-0.01380861271172762,0.625,2,26,29.857288958970457,29.855821167002432,0,1,1789187159.621502,0.0,4,-0.07671059668064117,-9.638623237609863
17.943458049558103,29.924976166978013,0.0,0.0,0.9998611211776733,,0.017122875025961548,444,33040,-0.020191997289657593,0.4890719950199127,-0.08192018419504166,0.8011531829833984,-0.014329042285680771,0.625,2,27,29.924962749995757,29.924155708984472,0,1,1789187159.6891751,0.0,4,-0.07579554617404938,-9.458992958068848
1.9990000291727483,29.97616012499202,-0.2,13.333333432674408,0.9973509311676025,,0.0008396670455113053,445,33091,-0.019249344244599342,0.4890625774860382,-0.08195553719997406,0.8011384606361389,-0.014023363590240479,0.875,3,28,29.97614533395972,29.975000959006138,0,1,1789187159.7403579,-0.2222222238779068,3,-0.11433251202106476,-9.39011287689209
8.935958030633628,30.050126583955716,-0.2,13.333333432674408,0.9933416247367859,,0.007963000040035695,446,33190,0.04540155827999115,0.48905107378959656,-0.08202823251485825,0.8011113405227661,-0.014222762547433376,0.875,3,29,30.05011533398647,30.04915366700152,0,1,1789187159.814328,-0.2222222238779068,3,-0.11533629894256592,-9.17509937286377
16.779290977865458,30.12521695898613,0.0,13.333333432674408,0.9954106211662292,,0.01573450001887977,447,33240,1.339965581893921,0.48898735642433167,-0.08204983174800873,0.8010914921760559,-0.017814049497246742,0.625,2,30,30.125205166987143,30.124172209005337,0,1,1789187159.889418,-0.2222222238779068,3,-0.12427346408367157,-9.092185974121094
24.414459010586143,30.199904916982632,-0.2,13.333333432674408,0.9459415674209595,,0.023710125009529293,448,33341,4.051708221435547,0.4872104227542877,-0.08186165243387222,0.8009753823280334,-0.0032557318918406963,0.875,3,31,30.199894084013067,30.199200749979354,0,1,1789187159.964106,-0.2222222238779068,3,-0.1193290576338768,-8.86439037322998
8.249958045780659,30.250754709006287,-0.2,13.333333432674408,0.9940072298049927,,0.007376458030194044,449,33390,1.7448132038116455,0.484884113073349,-0.08152977377176285,0.8008643388748169,-0.01539477426558733,0.875,3,32,30.250743999960832,30.249881291994825,0,1,1789187160.014956,-0.2222222238779068,3,-0.14589688181877136,-8.66075611114502
16.637207998428494,30.325667791999876,0.0,13.333333432674408,0.9975549578666687,,0.015148542006500065,450,33443,-0.026109427213668823,0.4824100136756897,-0.081114761531353,0.8007376790046692,-0.0599503293633461,0.625,2,33,30.32565562496893,30.324179209012073,0,1,1789187160.089868,-0.2222222238779068,3,-0.16540749371051788,-8.348793983459473
23.44062499469146,30.399430333985947,0.0,13.333333432674408,0.9698264598846436,,0.0222903749672696,451,33541,3.932583808898926,0.477471262216568,-0.0802253782749176,0.8003892302513123,-0.017495905980467796,0.625,2,34,30.399413166975137,30.39828016696265,0,1,1789187160.163625,-0.2222222238779068,3,-0.14250053465366364,-7.351846218109131
25.142166996374726,30.46790366701316,-0.2,13.333333432674408,0.9985382556915283,,0.02385925000999123,452,33591,1.0924551486968994,0.474624902009964,-0.07973998039960861,0.8001886606216431,-0.031134318560361862,0.875,3,35,30.467890625004657,30.4666207919945,0,1,1789187160.2321029,-0.2222222238779068,3,-0.16355547308921814,-6.846861839294434
6.370541988871992,30.51593504199991,0.0,13.333333432674408,0.9978888630867004,,0.004910624993499368,453,33640,-1.8201104402542114,0.4723180830478668,-0.0793011486530304,0.800021767616272,-0.034464772790670395,0.625,2,36,30.515924334002193,30.51447516697226,0,1,1789187160.2801359,-0.2222222238779068,3,-0.1169125959277153,-6.4203948974609375
9.811167023144662,30.585954584006686,0.0,0.0,0.9993038177490234,,0.00862675003008917,454,33741,0.970982015132904,0.46813538670539856,-0.07834064215421677,0.7995797395706177,0.11477913707494736,0.625,2,37,30.58594349998748,30.58477029198548,0,1,1789187160.350155,0.0,4,-0.08484672755002975,-5.143321990966797
15.846916008740664,30.658911291975528,0.0,0.0,0.9998207688331604,,0.014777540985960513,455,33791,0.9716481566429138,0.4663313925266266,-0.07799416035413742,0.7993863821029663,0.06352090835571289,0.625,2,38,30.65890058397781,30.657841999956872,0,1,1789187160.423112,0.0,4,-0.06973198056221008,-4.627363681793213
24.66012502554804,30.73439545900328,0.0,0.0,0.9993544220924377,,0.023454791982658207,456,33891,-2.253467321395874,0.46203869581222534,-0.07722952216863632,0.7989986538887024,0.10398084670305252,0.625,2,39,30.734383834002074,30.733190208964515,0,1,1789187160.498595,0.0,4,-0.05312643200159073,-3.694396734237671
5.347291997168213,30.78162537497701,0.0,0.0,0.9999047517776489,,0.0036669590044766665,457,33941,-0.44269561767578125,0.46067672967910767,-0.07690724730491638,0.7988348603248596,0.15954099595546722,0.625,2,40,30.781616124964785,30.77994508401025,0,1,1789187160.545828,0.0,4,-0.061784178018569946,-3.2808873653411865
6.96854101261124,30.849914541991893,0.0,0.0,0.9999343156814575,,0.005844875006005168,458,33990,0.22346201539039612,0.45953088998794556,-0.07669063657522202,0.7987383604049683,0.13148224353790283,0.625,2,41,30.84990516700782,30.84879095898941,0,1,1789187160.6141162,0.0,4,-0.06165168061852455,-3.069277763366699
10.842584015335888,30.920616291987244,0.0,0.0,0.9995349645614624,,0.009770584001671523,459,34041,-0.7990160584449768,0.4578010141849518,-0.07642889022827148,0.7986781597137451,0.07135004550218582,0.625,2,42,30.920604999992065,30.91954433399951,0,1,1789187160.684816,0.0,4,-0.05589795485138893,-2.830573081970215
20.096625026781112,30.996424000011757,0.0,0.0,0.9999514818191528,,0.01729791599791497,460,34141,-0.57184237241745,0.4548678398132324,-0.07595591247081757,0.7987379431724548,0.0984778180718422,0.625,2,43,30.996410458988976,30.993625374976546,0,1,1789187160.760622,0.0,4,-0.0475514754652977,-2.5592806339263916
4.934708005748689,31.047795041988138,0.0,0.0,0.9998873472213745,,0.0034298329846933484,461,34190,-0.012876524589955807,0.4537311792373657,-0.07577644288539886,0.7987830638885498,0.09636528044939041,0.625,2,44,31.04778391699074,31.046290249971207,0,1,1789187160.8119948,0.0,4,-0.08108926564455032,-2.507676124572754
7.9543329775333405,31.117809833958745,0.0,0.0,0.9990180730819702,,0.005956957989837974,462,34241,-0.3349161148071289,0.45236334204673767,-0.07559489458799362,0.798917829990387,0.06603394448757172,0.625,2,45,31.117797083978076,31.115812541975174,0,1,1789187160.882008,0.0,4,-0.09966578334569931,-2.4678115844726562
15.26200002990663,31.19176495895954,0.0,13.333333432674408,0.9991182684898376,,0.013600917009171098,463,34341,-0.6202952861785889,0.45003584027290344,-0.07529652118682861,0.7992150783538818,0.0468716025352478,0.625,2,46,31.191755959007423,31.190103916975204,0,1,1789187160.955967,-0.2222222238779068,3,-0.14399175345897675,-2.469454765319824
19.4560419768095,31.262292708968744,0.0,13.333333432674408,0.9990310668945312,,0.01731012499658391,464,34390,-0.19877706468105316,0.4490634500980377,-0.0751645490527153,0.7993989586830139,0.05179012194275856,0.625,2,47,31.262278500013053,31.260146874992643,0,1,1789187161.026489,-0.2222222238779068,3,-0.15925022959709167,-2.4880995750427246
23.849041026551276,31.333672625012696,0.0,13.333333432674408,0.9995623230934143,,0.02264887501951307,465,34491,-0.46419692039489746,0.4473305642604828,-0.07496532797813416,0.7997841835021973,0.03214551508426666,0.625,2,48,31.333661958982702,31.332472583977506,0,1,1789187161.0978718,-0.2222222238779068,3,-0.16400188207626343,-2.404385566711426
5.058749986346811,31.38134770898614,0.0,13.333333432674408,0.9995324611663818,,0.0036645419895648956,466,34540,-0.4423666000366211,0.4465040862560272,-0.07487774640321732,0.8000335693359375,0.023160666227340698,0.625,2,49,31.381337374972645,31.379953583993483,0,1,1789187161.145548,-0.2222222238779068,3,-0.17966097593307495,-2.2430145740509033
8.61683301627636,31.45160054200096,0.0,13.333333432674408,0.9998476505279541,,0.007397208013571799,467,34590,-0.2696927487850189,0.44591766595840454,-0.07481112331151962,0.8001930117607117,0.02660593017935753,0.625,2,50,31.451590834010858,31.45038100000238,0,1,1789187161.215801,-0.2222222238779068,3,-0.18804001808166504,-2.0454442501068115
15.821000037249178,31.525326083996333,0.0,13.333333432674408,0.9998311996459961,,0.014102499990258366,468,34640,-0.17782488465309143,0.44531258940696716,-0.07474996149539948,0.8004083633422852,0.031874384731054306,0.625,2,51,31.52531487500528,31.52360774995759,0,1,1789187161.289525,-0.2222222238779068,3,-0.1856897920370102,-1.7550132274627686
15.358207980170846,31.591919333965052,0.0,13.333333432674408,0.9996435642242432,,0.01424458296969533,469,34740,-0.30118507146835327,0.44420263171195984,-0.07465810328722,0.8008150458335876,0.019854243844747543,0.625,2,52,31.591908958973363,31.5908057919587,0,1,1789187161.3561192,-0.2222222238779068,3,-0.18191753327846527,-0.86185222864151
8.666999987326562,31.65203366696369,0.0,13.333333432674408,0.9994161128997803,,0.007399750000331551,470,34791,-0.20053091645240784,0.44372037053108215,-0.07462131232023239,0.8010048270225525,0.01825813390314579,0.625,2,53,31.652020833978895,31.650766583974473,0,1,1789187161.416231,-0.2222222238779068,3,-0.17818127572536469,-0.36907652020454407
15.657999960239977,31.725427166966256,-0.2,13.333333432674408,0.9981867671012878,,0.01436999998986721,471,34840,-0.12540656328201294,0.4432941675186157,-0.07459249347448349,0.8011865615844727,0.01960735023021698,0.875,3,54,31.725415333989076,31.724139250000007,0,1,1789187161.489625,-0.2222222238779068,3,-0.16241370141506195,0.2595501244068146
22.017791983671486,31.798625124967657,0.0,13.333333432674408,0.9996979236602783,,0.021042374952230603,472,34940,-0.07682839781045914,0.4425889551639557,-0.07455549389123917,0.8014488220214844,0.020333556458353996,0.625,2,55,31.79860837495653,31.797649749962147,0,1,1789187161.562818,-0.2222222238779068,3,-0.16035506129264832,1.2323627471923828
2.5935409939847887,31.84587991697481,0.0,13.333333432674408,0.9991377592086792,,0.0012811250053346157,473,34991,1.5621713399887085,0.4421306848526001,-0.07454609125852585,0.8015779852867126,0.01112587470561266,0.625,2,56,31.84586604195647,31.844567583990283,0,1,1789187161.610076,-0.2222222238779068,3,-0.13429802656173706,1.8192877769470215
6.661583029199392,31.91621579200728,0.0,13.333333432674408,0.9965512752532959,,0.005350332998204976,474,35041,2.7929422855377197,0.44112569093704224,-0.07455967366695404,0.8016415238380432,-0.017550749704241753,0.625,2,57,31.916201333981007,31.91490462498041,0,1,1789187161.6804109,-0.2222222238779068,3,-0.1375669538974762,2.393500328063965
6.986833002883941,31.983323958993424,0.0,0.0,0.9995334148406982,,0.0059100420330651104,475,35143,-1.1180460453033447,0.43756169080734253,-0.07458924502134323,0.8015971183776855,-0.02950473502278328,0.625,2,58,31.983314084005542,31.982247209001798,0,1,1789187161.747524,0.0,4,-0.09521966427564621,3.354249954223633
13.548041984904557,32.05646237498149,0.0,0.0,0.9998681545257568,,0.01235954201547429,476,35191,-0.800019383430481,0.43668603897094727,-0.07455094903707504,0.8015658855438232,0.00937717966735363,0.625,2,59,32.056448208983056,32.05527395900572,0,1,1789187161.820658,0.0,4,-0.0860719159245491,3.707742929458618
20.056249981280416,32.12992599996505,0.0,0.0,0.9997331500053406,,0.01865645800717175,477,35241,0.2616271674633026,0.43584272265434265,-0.0745055228471756,0.8015064597129822,0.0599791556596756,0.625,2,60,32.12991258397233,32.1285262919846,0,1,1789187161.894122,0.0,4,-0.0814034715294838,4.205049991607666
24.01929098414257,32.200529583962634,0.0,0.0,0.999549925327301,,0.02266591601073742,478,35341,-0.9972020387649536,0.43432357907295227,-0.07449755817651749,0.8014291524887085,0.03902137279510498,0.625,2,61,32.20052049995866,32.19917637499748,0,1,1789187161.96473,0.0,4,-0.06663504987955093,5.15755558013916
2.521999995224178,32.24582000001101,0.0,0.0,0.9999047517776489,,0.0011749999830499291,479,35390,-0.8047528266906738,0.43382370471954346,-0.07449375838041306,0.8014039397239685,0.04813039302825928,0.625,2,62,32.24580779200187,32.24447304196656,0,1,1789187162.010017,0.0,4,-0.06667061895132065,5.498262405395508
5.453583027701825,32.31501679198118,0.0,0.0,0.9997181296348572,,0.004141291021369398,480,35440,-0.20086003839969635,0.43352010846138,-0.07448563724756241,0.8013863563537598,0.05903211608529091,0.625,2,63,32.31500441697426,32.3137046250049,0,1,1789187162.0792131,0.0,4,-0.08514992147684097,5.743607044219971
7.934458029922098,32.383761167002376,0.0,0.0,0.999886155128479,,0.006922958011273295,481,35540,-0.41736146807670593,0.432556688785553,-0.07451416552066803,0.8013574481010437,0.022593608126044273,0.625,2,64,32.383749083965085,32.38274974998785,0,1,1789187162.147958,0.0,4,-0.07435420155525208,6.138923168182373
16.825250000692904,32.45885904197348,0.0,0.0,0.9995868802070618,,0.015426458034198731,482,35591,-0.4380280077457428,0.43200400471687317,-0.07453262805938721,0.8013490438461304,0.012733261100947857,0.625,2,65,32.45884350000415,32.45746041700477,0,1,1789187162.223053,0.0,4,-0.08976728469133377,6.141278266906738
20.862792036496103,32.52957387495553,-0.2,0.0,0.9950388073921204,,0.019806875032372773,483,35640,-0.1381072849035263,0.43158450722694397,-0.07453930377960205,0.801347017288208,0.016652753576636314,0.875,3,66,32.52956279198406,32.528518125007395,0,1,1789187162.293771,0.0,4,-0.10260681807994843,6.1465349197387695
4.863000009208918,32.58056674996624,-0.2,13.333333432674408,0.9982731342315674,,0.0036789579899050295,484,35692,-0.011101177893579006,0.4311363101005554,-0.07454747706651688,0.801345944404602,0.02184424176812172,0.875,3,67,32.58055324997986,32.579382749972865,0,1,1789187162.344762,-0.2222222238779068,3,-0.12584945559501648,6.15745210647583
7.122833980247378,32.64978716697078,-0.2,13.333333432674408,0.9716421961784363,,0.006141000019852072,485,35790,1.5086253881454468,0.43007969856262207,-0.07459624856710434,0.8013375997543335,0.006343240849673748,0.875,3,68,32.649774458957836,32.648805500008166,0,1,1789187162.4139829,-0.2222222238779068,3,-0.15350638329982758,6.153891086578369
14.95620800415054,32.72476533398731,0.0,13.333333432674408,0.997795581817627,,0.013606624968815595,486,35840,3.6797287464141846,0.4290238916873932,-0.07467469573020935,0.8013133406639099,0.008146187290549278,0.625,2,69,32.72475587500958,32.723415833956096,0,1,1789187162.488964,-0.2222222238779068,3,-0.1795586794614792,6.188650608062744
20.986082963645458,32.79753645899473,0.0,13.333333432674408,0.9962798953056335,,0.01980883296346292,487,35941,2.809431314468384,0.4234606921672821,-0.07517039775848389,0.8011415004730225,-0.004550550132989883,0.625,2,70,32.79752558399923,32.79635924997274,0,1,1789187162.561734,-0.2222222238779068,3,-0.18858419358730316,6.4709906578063965
3.01349995424971,32.84626149997348,0.0,13.333333432674408,0.9995433688163757,,0.0017005409463308752,488,35991,0.8798351287841797,0.42006033658981323,-0.07546541839838028,0.8010714650154114,-0.029194168746471405,0.625,2,71,32.84624933399027,32.844948624959216,0,1,1789187162.6104572,-0.2222222238779068,3,-0.1697426587343216,6.755143165588379
2.980582998134196,32.91284458397422,0.0,13.333333432674408,0.9949866533279419,,0.0017832079902291298,489,36040,-0.5139575004577637,0.4174492657184601,-0.0756724625825882,0.801045298576355,-0.021876700222492218,0.625,2,72,32.91283383400878,32.91164729197044,0,1,1789187162.677042,-0.2222222238779068,3,-0.13946230709552765,7.041195392608643
6.958124984521419,32.9833041249658,0.0,13.333333432674408,0.9946298599243164,,0.006107916997279972,490,36094,-0.9711780548095703,0.41407495737075806,-0.07593177258968353,0.8010534644126892,0.043163977563381195,0.625,2,73,32.98329083400313,32.982454083976336,0,1,1789187162.747499,-0.2222222238779068,3,-0.1233007088303566,7.618495941162109
11.581500002648681,33.05480154196266,0.0,13.333333432674408,0.9972490668296814,,0.009883582999464124,491,36190,-1.1460683345794678,0.41111814975738525,-0.07610883563756943,0.8011762499809265,0.07805625349283218,0.625,2,74,33.05479004199151,33.05310366698541,0,1,1789187162.818998,-0.2222222238779068,3,-0.12275702506303787,8.633628845214844
18.97262502461672,33.12899249995826,0.0,0.0,0.9985733032226562,,0.017137749993707985,492,36240,-1.397905945777893,0.40995997190475464,-0.07618588209152222,0.8012295365333557,0.07884033024311066,0.625,2,75,33.12898195895832,33.12715770897921,0,1,1789187162.89319,0.0,4,-0.10824601352214813,9.133753776550293
4.058457969222218,33.18066283396911,0.0,0.0,0.9995169639587402,,0.002410790999419987,493,36291,-1.1938834190368652,0.40873876214027405,-0.07627128064632416,0.8012738823890686,0.09749969840049744,0.625,2,76,33.180647416971624,33.17901525000343,0,1,1789187162.944855,0.0,4,-0.09121624380350113,9.746941566467285
10.258666996378452,33.253297208982985,0.0,0.0,0.9989483952522278,,0.008611291996203363,494,36394,-0.578792929649353,0.4067336916923523,-0.07642912864685059,0.80129474401474,0.08224289119243622,0.625,2,77,33.25328562495997,33.251649916986935,0,1,1789187163.017493,0.0,4,-0.06619401276111603,10.747045516967773
12.261666997801512,33.32215416699182,0.0,0.0,0.9989983439445496,,0.011120917042717338,495,36441,-0.5896610617637634,0.40576034784317017,-0.07652188837528229,0.8012935519218445,0.05622117221355438,0.625,2,78,33.3221437499742,33.321013542008586,0,1,1789187163.0863512,0.0,4,-0.05443599075078964,11.108833312988281
23.248416953720152,33.399346916994546,0.0,0.0,0.9970390796661377,,0.02105441695312038,496,36541,-0.336356520652771,0.40363121032714844,-0.07671933621168137,0.8012899160385132,0.046886999160051346,0.625,2,79,33.39933545899112,33.39715295896167,0,1,1789187163.163543,0.0,4,-0.037846215069293976,11.795344352722168
6.527375022415072,33.44893879198935,0.0,0.0,0.9970790147781372,,0.0012007090263068676,497,36594,-0.2623869776725769,0.40253928303718567,-0.07681744545698166,0.8012880086898804,0.041814032942056656,0.625,2,80,33.448929584003054,33.443612208997365,0,1,1789187163.213137,0.0,4,-0.03811316192150116,11.998955726623535
7.952791987918317,33.51656712498516,0.0,0.0,0.9980236291885376,,0.00716666696825996,498,36640,-0.32212358713150024,0.4016436040401459,-0.07690128684043884,0.8012915849685669,0.032183825969696045,0.625,2,81,33.51655808399664,33.515781083959155,0,1,1789187163.2807648,0.0,4,-0.06444410234689713,12.12225341796875
16.897041990887374,33.592349124955945,0.0,0.0,0.9967967867851257,,0.015338875004090369,499,36740,-0.31173285841941833,0.4000968635082245,-0.07704010605812073,0.8013132810592651,0.030704477801918983,0.625,2,82,33.59233933396172,33.59079099999508,0,1,1789187163.3565462,0.0,4,-0.09122982621192932,12.146738052368164
12.835124973207712,33.655372167006135,0.0,0.0,0.9918951392173767,,0.011109040991868824,500,36790,-0.2571808993816376,0.3994446396827698,-0.07709386199712753,0.8013233542442322,0.03558598831295967,0.625,2,83,33.655360999982804,33.65364612499252,0,1,1789187163.419568,0.0,4,-0.09143722802400589,12.116776466369629
13.377875031437725,33.72285129199736,-0.2,13.333333432674408,0.9911190867424011,,0.012380583037156612,501,36841,-0.26221558451652527,0.3988688290119171,-0.07714109867811203,0.8013264536857605,0.035130321979522705,0.875,3,84,33.722838958958164,33.721854167000856,0,1,1789187163.487046,-0.2222222238779068,3,-0.11545272916555405,12.076622009277344
22.778832993935794,33.79897787497612,0.0,13.333333432674408,0.9908393025398254,,0.021465750003699213,502,36941,0.3212980031967163,0.39802366495132446,-0.07720938324928284,0.8013171553611755,0.022085832431912422,0.625,2,85,33.79896841698792,33.79766483401181,0,1,1789187163.563175,-0.2222222238779068,3,-0.13146644830703735,12.049781799316406
2.960124984383583,33.84615383396158,0.0,13.333333432674408,0.9954555034637451,,0.0014508750173263252,503,36992,2.3040106296539307,0.3974922001361847,-0.07727394253015518,0.8013004064559937,0.022340932860970497,0.625,2,86,33.846143874980044,33.84464466699865,0,1,1789187163.6103501,-0.2222222238779068,3,-0.16944164037704468,12.121186256408691
12.322166003286839,33.92226583400043,0.0,13.333333432674408,0.9932044744491577,,0.010650040989276022,504,37041,2.461085319519043,0.3963398337364197,-0.07745141535997391,0.8012349605560303,0.02717774547636509,0.625,2,87,33.922240583982784,33.92059399996651,0,1,1789187163.6864471,-0.2222222238779068,3,-0.1595698744058609,12.275405883789062
13.039124954957515,33.989491749962326,0.0,13.333333432674408,0.9782165288925171,,0.012024416006170213,505,37090,0.49242472648620605,0.3949914872646332,-0.07767590880393982,0.8011630177497864,0.011164022609591484,0.625,2,88,33.98947924998356,33.98847712500719,0,1,1789187163.753686,-0.2222222238779068,3,-0.1555866003036499,12.413702964782715
21.042208012659103,34.06425745895831,0.0,13.333333432674408,0.9620647430419922,,0.019921250001061708,506,37191,-0.4223088324069977,0.39231348037719727,-0.0781308263540268,0.8009369969367981,0.01879125088453293,0.625,2,89,34.06424383400008,34.06313654198311,0,1,1789187163.82845,-0.2222222238779068,3,-0.14343735575675964,13.168200492858887
3.2774589490145445,34.11346020898782,0.0,13.333333432674408,0.978257954120636,,0.0024263339582830667,507,37240,0.34742867946624756,0.3917185664176941,-0.07819602638483047,0.8008472919464111,0.05240492895245552,0.625,2,90,34.11344950000057,34.112609208968934,0,1,1789187163.877655,-0.2222222238779068,3,-0.1458706557750702,13.60596752166748
6.903707981109619,34.183561709010974,0.0,13.333333432674408,0.9905755519866943,,0.005784165987279266,508,37290,-0.33544278144836426,0.3911069929599762,-0.0782783031463623,0.8007780313491821,0.03578147292137146,0.625,2,91,34.18354954198003,34.18244224996306,0,1,1789187163.947755,-0.2222222238779068,3,-0.11205438524484634,14.106861114501953
15.792541962582618,34.25920337496791,0.0,0.0,0.990007758140564,,0.014086166978813708,509,37391,-0.7772663831710815,0.3903529942035675,-0.07837327569723129,0.8006888628005981,0.038617778569459915,0.625,2,92,34.25919445900945,34.25749716698192,0,1,1789187164.0233998,0.0,4,-0.08742289990186691,15.164619445800781
20.81654197536409,34.33092541695805,0.0,0.0,0.9977012276649475,,0.01971083297394216,510,37440,-0.05161728709936142,0.39024022221565247,-0.07835551351308823,0.8006539344787598,0.06698853522539139,0.625,2,93,34.33091299998341,34.32981974998256,0,1,1789187164.095119,0.0,4,-0.05146704241633415,15.747055053710938
24.298208008985966,34.40033604198834,0.0,0.0,0.9849370121955872,,0.023115916992537677,511,37540,-0.3897096812725067,0.3897908329963684,-0.07840868830680847,0.800597608089447,0.008372457697987556,0.625,2,94,34.40032641700236,34.399153833976015,0,1,1789187164.164532,0.0,4,-0.042548954486846924,16.829477310180664
4.573167010676116,34.44666612497531,0.0,0.0,0.9885846972465515,,0.003671625046990812,512,37591,-0.29895445704460144,0.3895651400089264,-0.078436478972435,0.8005779981613159,0.013232368044555187,0.625,2,95,34.446655833977275,34.44576466700528,0,1,1789187164.210861,0.0,4,-0.04159150645136833,17.28626251220703
12.782708974555135,34.5213104999857,0.0,0.0,0.9885867238044739,,0.011186458985321224,513,37640,0.0090596042573452,0.3893952965736389,-0.07844788581132889,0.8005634546279907,0.028814826160669327,0.625,2,96,34.521297791972756,34.51971433399012,0,1,1789187164.285503,0.0,4,-0.03304210677742958,17.501205444335938
17.045167041942477,34.59179799997946,0.0,0.0,0.9923990368843079,,0.016051125014200807,514,37740,-0.1435171514749527,0.3890201151371002,-0.07849203795194626,0.8005785942077637,0.003586434992030263,0.625,2,97,34.59178374998737,34.59080399997765,0,1,1789187164.355989,0.0,4,-0.04352869838476181,17.809215545654297
24.15899996412918,34.6653077089577,0.0,0.0,0.9946898221969604,,0.022301874996628612,515,37791,-0.17964445054531097,0.3888733386993408,-0.07851579040288925,0.8005916476249695,0.00031239716918207705,0.625,2,98,34.665295624989085,34.66345074999845,0,1,1789187164.4295008,0.0,4,-0.05390797182917595,17.833642959594727
4.311125027015805,34.712176458968315,0.0,0.0,0.9945046305656433,,0.002737166010774672,516,37841,-0.028519170358777046,0.3887957036495209,-0.07851848751306534,0.800619900226593,0.010107401758432388,0.625,2,99,34.71216420899145,34.71060262498213,0,1,1789187164.4763699,0.0,4,-0.05305982008576393,17.795536041259766
2.2847079671919346,34.77721658395603,0.0,0.0,0.9956733584403992,,0.0003002079902216792,517,37890,0.03593363240361214,0.3887653648853302,-0.07851213961839676,0.8006530404090881,0.018949517980217934,0.625,2,100,34.77720666700043,34.77523216698319,0,1,1789187164.541412,0.0,4,-0.06018129363656044,17.754554748535156
7.978125009685755,34.84994516696315,0.0,0.0,0.9712836742401123,,0.007132625032681972,518,37990,-0.10064895451068878,0.3887607455253601,-0.07851214706897736,0.8007161021232605,0.004534376785159111,0.625,2,101,34.84993433399359,34.84909974999027,0,1,1789187164.6141388,0.0,4,-0.07909591495990753,17.732107162475586
14.78645799215883,34.923596458975226,0.0,0.0,0.8644187450408936,,0.012369750009384006,519,38040,-0.04163196310400963,0.38883206248283386,-0.0784994512796402,0.8007560968399048,0.001652774983085692,0.625,2,102,34.92358483397402,34.921179833996575,0,1,1789187164.687789,0.0,4,-0.09934992343187332,17.76978302001953
20.760416984558105,34.996561167004984,0.0,13.333333432674408,0.8864862322807312,,0.018587541999295354,520,38141,0.007517316844314337,0.38904595375061035,-0.07845565676689148,0.8008456826210022,0.005874759517610073,0.625,2,103,34.996551124961115,34.994388333987445,0,1,1789187164.760756,-0.2222222238779068,3,-0.11468769609928131,17.901020050048828
5.352125037461519,35.048452249960974,0.0,13.333333432674408,0.951126217842102,,0.003485332999844104,521,38190,-0.023082228377461433,0.38914936780929565,-0.07843936234712601,0.8008761405944824,0.004369745030999184,0.625,2,104,35.04844062495977,35.04658554197522,0,1,1789187164.8126452,-0.2222222238779068,3,-0.1204880028963089,17.962074279785156
14.409792027436197,35.124197917000856,0.0,13.333333432674408,0.9778901934623718,,0.01303245802409947,522,38240,-0.00788608007133007,0.38930225372314453,-0.07841429859399796,0.8009145855903625,-0.002248091157525778,0.625,2,105,35.124186166969594,35.1228207499953,0,1,1789187164.888391,-0.2222222238779068,3,-0.1433391124010086,18.08698272705078
23.28679198399186,35.19989608397009,0.0,13.333333432674408,0.989966630935669,,0.022501499974168837,523,38343,0.043917033821344376,0.3896292448043823,-0.07835711538791656,0.800981342792511,-0.005086849443614483,0.625,2,106,35.19988541700877,35.19911087496439,0,1,1789187164.96409,-0.2222222238779068,3,-0.1400499790906906,18.307085037231445
23.183208017144352,35.26668187498581,0.0,13.333333432674408,0.9877150654792786,,0.02228341600857675,524,38391,0.02701273187994957,0.38981732726097107,-0.07832332700490952,0.8010164499282837,-0.0036871088668704033,0.625,2,107,35.26667037495645,35.26578212500317,0,1,1789187165.030875,-0.2222222238779068,3,-0.1327199935913086,18.567508697509766
6.1427910113707185,35.316336416988634,0.0,13.333333432674408,0.9678023457527161,,0.003664374991785735,525,38443,0.024403952062129974,0.39000147581100464,-0.0782938003540039,0.8010464906692505,-0.004181696102023125,0.625,2,108,35.31632433400955,35.31385808397317,0,1,1789187165.0805278,-0.2222222238779068,3,-0.13157743215560913,18.815025329589844
6.125624990090728,35.38356412498979,0.0,0.0,0.9560853838920593,,0.004909124982077628,526,38491,0.03757332265377045,0.39016562700271606,-0.07826799899339676,0.8010692596435547,-0.0046862224116921425,0.625,2,109,35.383552166982554,35.38234770897543,0,1,1789187165.147756,0.0,4,-0.08998044580221176,19.08155059814453
13.38958297856152,35.45704287500121,0.2,0.0,0.989821195602417,,0.012315333005972207,527,38590,0.04205199331045151,0.3905757665634155,-0.07820414751768112,0.8011117577552795,-0.009689955972135067,0.375,1,110,35.457032083999366,35.455968750000466,0,1,1789187165.221236,0.0,4,-0.06044703722000122,20.086997985839844
19.476416986435652,35.529247166996356,0.2,0.0,0.9944796562194824,,0.018558708019554615,528,38640,-0.0479314848780632,0.3907921612262726,-0.0781702771782875,0.8011214733123779,-0.01190232764929533,0.375,1,111,35.52923499996541,35.5283294999972,0,1,1789187165.293439,0.0,4,-0.04079120233654976,20.692121505737305
20.828334032557905,35.596954291977454,0.2,0.0,0.9991437196731567,,0.019820084038656205,529,38691,-1.4188745021820068,0.39107567071914673,-0.07810570299625397,0.8011094331741333,-0.02261343039572239,0.375,1,112,35.59694354201201,35.59594608400948,0,1,1789187165.361147,0.0,4,-0.012040721252560616,21.23769187927246
19.882625027094036,35.66280649998225,0.0,0.0,0.9977419376373291,,0.018555667018517852,530,38790,-4.033254146575928,0.39302951097488403,-0.07750110328197479,0.8010014891624451,0.07115945965051651,0.625,2,113,35.66279570898041,35.66147966700373,0,1,1789187165.426999,0.0,4,-0.02302108146250248,21.930395126342773
4.135458962991834,35.714072624978144,0.0,0.0,0.9995307922363281,,0.0028951249551028013,531,38840,-3.3429901599884033,0.39558759331703186,-0.0766439288854599,0.8008864521980286,0.09055256843566895,0.625,2,114,35.71406095899874,35.71283237496391,0,1,1789187165.478265,0.0,4,-0.01771806739270687,22.144107818603516
12.002208968624473,35.78870212496258,0.0,0.0,0.9956977367401123,,0.011110041989013553,532,38891,-2.2588088512420654,0.39885491132736206,-0.07551782578229904,0.8007610440254211,0.015398358926177025,0.625,2,115,35.78869112499524,35.78781004197663,0,1,1789187165.552895,0.0,4,-0.027989601716399193,22.250690460205078
14.959667052607983,35.858371459005866,0.0,0.0,0.9931865930557251,,0.013611875008791685,533,38992,0.9481332898139954,0.4052668511867523,-0.07320085167884827,0.8006167411804199,-0.05206995829939842,0.625,2,116,35.85836070898222,35.857023749966174,0,1,1789187165.622564,0.0,4,-0.022805282846093178,22.12676429748535
22.85391598707065,35.93305983400205,0.2,0.0,0.9908317923545837,,0.021703000005800277,534,39041,1.1959598064422607,0.40743333101272583,-0.07236234098672867,0.800625205039978,-0.030520062893629074,0.375,1,117,35.93304999999236,35.931908958998974,0,1,1789187165.6972532,0.0,4,-0.013425967656075954,21.98162269592285
6.701792008243501,35.98374574998161,0.2,0.0,0.9954061508178711,,0.005397374974563718,535,39090,1.0385620594024658,0.408831387758255,-0.07181891053915024,0.8006641864776611,-0.035606447607278824,0.375,1,118,35.98372887499863,35.98244137497386,0,1,1789187165.747932,0.0,4,-0.012793698348104954,21.864078521728516
9.529708011541516,36.05310299998382,0.2,0.0,0.9859204888343811,,0.008635540958493948,536,39191,-0.6845671534538269,0.41163432598114014,-0.07071763277053833,0.8007462620735168,-0.030906852334737778,0.375,1,119,36.053091958980076,36.052208874956705,0,1,1789187165.817295,0.0,4,-0.03067791648209095,21.777053833007812
17.467209021560848,36.127664166968316,0.2,0.0,0.9984956979751587,,0.01609362498857081,537,39240,-2.7812016010284424,0.41367319226264954,-0.06994462758302689,0.8007499575614929,0.004530680365860462,0.375,1,120,36.12765391700668,36.12629062496126,0,1,1789187165.891857,0.0,4,-0.034986671060323715,21.84621238708496
15.998832997865975,36.19273524999153,0.2,0.0,0.9986510872840881,,0.01460850000148639,538,39291,-3.2123324871063232,0.41667449474334717,-0.06883750110864639,0.8007034659385681,0.02488602325320244,0.375,1,121,36.19272337498842,36.19134495896287,0,1,1789187165.9569259,0.0,4,-0.028413519263267517,21.97382164001465
19.616540987044573,36.26319720898755,0.0,0.0,0.9981114864349365,,0.01859158300794661,539,39391,-2.501980781555176,0.42488178610801697,-0.06576710194349289,0.800558865070343,-0.0007868686225265265,0.625,2,122,36.26318558398634,36.262172291986644,0,1,1789187166.0273879,0.0,4,-0.02656453661620617,22.27872657775879
22.512375027872622,36.33311595895793,0.0,0.0,0.9982227683067322,,0.021391166024841368,540,39440,-2.822608470916748,0.42984649538993835,-0.06387493014335632,0.8004928231239319,-0.009705943986773491,0.625,2,123,36.333104291989,36.33199487498496,0,1,1789187166.097307,0.0,4,-0.030750174075365067,22.399658203125
6.024000002071261,36.383142000006046,0.2,0.0,0.9960087537765503,,0.005289874970912933,541,39491,-1.5582020282745361,0.43526312708854675,-0.06179118901491165,0.8004278540611267,-0.01009831391274929,0.375,1,124,36.383130292000715,36.38240795896854,0,1,1789187166.1473331,0.0,4,-0.033848680555820465,22.468229293823242
12.614000006578863,36.456228249997366,0.2,0.0,0.9910783171653748,,0.011131500010378659,542,39590,2.179386854171753,0.44475629925727844,-0.05802355706691742,0.800364077091217,-0.0468740239739418,0.375,1,125,36.456220583990216,36.45474579196889,0,1,1789187166.220423,0.0,4,-0.04522767663002014,22.396696090698242
19.74399999016896,36.5300049589714,0.0,0.0,0.9953387975692749,,0.018653000006452203,543,39641,-0.27528199553489685,0.4482971727848053,-0.056550901383161545,0.8003698587417603,-0.037494562566280365,0.625,2,126,36.52999354200438,36.52891404199181,0,1,1789187166.294196,0.0,4,-0.037421952933073044,22.306798934936523
3.109999990556389,36.58001699997112,0.2,0.0,0.9868081212043762,,0.0011864579864777625,544,39690,-2.4828689098358154,0.4520414173603058,-0.05502964183688164,0.800361692905426,-0.02333822101354599,0.375,1,127,36.58000583399553,36.5780935419607,0,1,1789187166.3442078,0.0,4,-0.042947206646203995,22.201190948486328
10.064832982607186,36.65369795897277,0.0,0.0,0.9975358247756958,,0.007804666995070875,545,39791,1.0391693115234375,0.46118128299713135,-0.05140998587012291,0.8002153038978577,0.004193303640931845,0.625,2,128,36.65368879196467,36.65143795899348,0,1,1789187166.417891,0.0,4,-0.06571187824010849,22.050931930541992
10.814416978973895,36.72114824998425,0.0,0.0,0.9787736535072327,,0.009869250003248453,546,39841,-0.13280105590820312,0.46612250804901123,-0.04938989505171776,0.80006343126297,0.022493591532111168,0.625,2,129,36.721137334010564,36.72020316700218,0,1,1789187166.485339,0.0,4,-0.04948410391807556,22.02423667907715
17.259375017601997,36.79418870899826,0.0,0.0,0.9601725339889526,,0.01609812502283603,547,39890,-1.285322666168213,0.4698334336280823,-0.04791396111249924,0.7999204397201538,0.02141338773071766,0.625,2,130,36.79417804197874,36.79302754200762,0,1,1789187166.5583801,0.0,4,-0.07375281304121017,22.0231876373291
19.03033396229148,36.86273066699505,0.0,0.0,0.9899997115135193,,0.017347791988868266,548,39990,3.0387420654296875,0.4799451529979706,-0.04386242479085922,0.7994905114173889,0.01372236292809248,0.625,2,131,36.86272099998314,36.86104816698935,0,1,1789187166.626923,0.0,4,-0.07738170772790909,22.115922927856445
24.572334019467235,36.93535487499321,0.0,0.0,0.9938411712646484,,0.021639999991748482,549,40040,2.6819798946380615,0.4831419885158539,-0.04252916947007179,0.7993590235710144,0.005453922785818577,0.625,2,132,36.93534583400469,36.932422624959145,0,1,1789187166.6995468,0.0,4,-0.07802557200193405,22.175189971923828
5.7565419701859355,36.98344412498409,0.0,0.0,0.994708776473999,,0.004748624982312322,550,40092,1.1390966176986694,0.48643121123313904,-0.04114639386534691,0.7992324829101562,0.005965858232229948,0.625,2,133,36.983433708956,36.98243629198987,0,1,1789187166.747635,0.0,4,-0.09210614114999771,22.226137161254883
13.671915978193283,37.05827516695717,0.2,0.0,0.9857521653175354,,0.01280604099156335,551,40191,2.0167906284332275,0.4922807216644287,-0.03871418163180351,0.7991546988487244,0.03616460785269737,0.375,1,134,37.058264958963264,37.05740937497467,0,1,1789187166.8224661,0.0,4,-0.07753555476665497,22.272878646850586
13.865666987840086,37.12562041700585,0.0,0.0,0.9950228929519653,,0.012317917018663138,552,40244,1.754125952720642,0.49518364667892456,-0.03748449310660362,0.7991698980331421,0.03309759497642517,0.625,2,135,37.12560962495627,37.124072709004395,0,1,1789187166.889811,0.0,4,-0.10213320702314377,22.261825561523438
19.94029199704528,37.19825537496945,0.0,0.0,0.990990400314331,,0.01901270804228261,553,40291,-0.7930048108100891,0.4977383613586426,-0.03639328479766846,0.7992259860038757,0.027144454419612885,0.625,2,136,37.198243083956186,37.19732787500834,0,1,1789187166.962444,0.0,4,-0.08964329212903976,22.217668533325195
4.446416976861656,37.24940274999244,0.0,0.0,0.9754987359046936,,0.0030358340009115636,554,40341,-2.296447515487671,0.5003489255905151,-0.035339292138814926,0.7992532253265381,0.026125691831111908,0.625,2,137,37.24939037498552,37.247992208984215,0,1,1789187167.013591,0.0,4,-0.10742727667093277,22.182201385498047
8.5308330017142,37.32029937498737,0.0,13.333333432674408,0.9871420860290527,,0.007402957999147475,555,40440,1.8051811456680298,0.5080439448356628,-0.03222651407122612,0.799301266670227,0.03328855708241463,0.625,2,138,37.32028808398172,37.319171542010736,0,1,1789187167.0844889,-0.2222222238779068,3,-0.11002901196479797,22.083972930908203
12.664625013712794,37.39123283396475,0.0,13.333333432674408,0.9888168573379517,,0.011609583045355976,556,40491,1.4055744409561157,0.5114336609840393,-0.03078126348555088,0.799309492111206,0.02785625122487545,0.625,2,139,37.391215084004216,37.39017787500052,0,1,1789187167.155416,-0.2222222238779068,3,-0.131059929728508,22.058090209960938
14.813375019002706,37.4601224999642,0.0,13.333333432674408,0.9871944785118103,,0.013621375022921711,557,40591,0.5529639720916748,0.5159488916397095,-0.028841909021139145,0.7993704676628113,0.009622453711926937,0.625,2,140,37.460113999957684,37.45893054199405,0,1,1789187167.2243142,-0.2222222238779068,3,-0.13117186725139618,22.070247650146484
20.69412503624335,37.53327949997038,0.0,13.333333432674408,0.992856502532959,,0.01983383303740993,558,40642,1.602637529373169,0.5183859467506409,-0.027786705642938614,0.7994505167007446,0.02966446802020073,0.625,2,141,37.53326745895902,37.532419249997474,0,1,1789187167.297468,-0.2222222238779068,3,-0.1047530397772789,22.184490203857422
4.013124969787896,37.583392667002045,0.0,0.0,0.9946409463882446,,0.003022208984475583,559,40690,1.631885290145874,0.5203741192817688,-0.026892783120274544,0.7995541095733643,0.04099782183766365,0.625,2,142,37.58338174998062,37.582401958992705,0,1,1789187167.3475819,0.0,4,-0.10540834069252014,22.41071891784668
3.1444590422324836,37.649034291971475,0.2,0.0,0.9964011907577515,,0.0018093340331688523,560,40741,0.8002873659133911,0.5220021605491638,-0.02615249902009964,0.7996765971183777,0.016584280878305435,0.375,1,143,37.64902249997249,37.64769920898834,0,1,1789187167.413223,0.0,4,-0.06368763744831085,22.74808120727539
4.3457080028019845,37.717409959004726,0.2,0.0,0.9972700476646423,,0.0020217080018483102,561,40841,0.5933727622032166,0.5252323150634766,-0.02471272088587284,0.7999635934829712,0.003495832672342658,0.375,1,144,37.71739991696086,37.7150860420079,0,1,1789187167.4816,0.0,4,-0.03584565222263336,23.589990615844727
11.568165966309607,37.79188149998663,0.0,0.0,0.9974296689033508,,0.010420374979730695,562,40890,-1.173053503036499,0.5268265604972839,-0.023988550528883934,0.8001089692115784,0.002178310416638851,0.625,2,145,37.79186912497971,37.7907338339719,0,1,1789187167.5560691,0.0,4,-0.02320273220539093,23.993228912353516
13.699125032871962,37.860987874970306,0.0,0.0,0.999561607837677,,0.012373042001854628,563,40991,-3.3302950859069824,0.531520664691925,-0.02200228162109852,0.8002821207046509,0.09487256407737732,0.625,2,146,37.86097845900804,37.859661916969344,0,1,1789187167.625178,0.0,4,-0.024377666413784027,24.567262649536133
16.853915993124247,37.931102000002284,0.0,0.0,0.9893350005149841,,0.015798541018739343,564,41040,-0.3251740038394928,0.5351650714874268,-0.02047828584909439,0.8003290295600891,0.09294017404317856,0.625,2,147,37.93109004199505,37.93004674999975,0,1,1789187167.69529,0.0,4,-0.024202343076467514,24.72297477722168
20.284917030949146,38.001906499965116,0.0,0.0,0.9969882369041443,,0.01909504202194512,565,41090,1.8130220174789429,0.5388739109039307,-0.018879562616348267,0.8003512620925903,-0.0018420970300212502,0.625,2,148,38.00189416698413,38.00071666698204,0,1,1789187167.766094,0.0,4,-0.020201362669467926,24.80134391784668
1.020749972667545,38.05001812498085,0.0,0.0,0.969060480594635,,0.0001386659569106996,566,41141,0.8971615433692932,0.5414403676986694,-0.017723342403769493,0.8003786206245422,-0.04946603998541832,0.625,2,149,38.05000749998726,38.04913612495875,0,1,1789187167.814207,0.0,4,-0.027477940544486046,24.82128143310547
2.4160000029951334,38.1183362089796,0.0,0.0,0.9966691136360168,,0.0011881249956786633,567,41240,0.9294028878211975,0.5448306798934937,-0.016147829592227936,0.8005045056343079,-0.017866356298327446,0.625,2,150,38.11832437501289,38.11710841697641,0,1,1789187167.882524,0.0,4,-0.023442845791578293,24.72327995300293
7.05491699045524,38.19031666696537,0.0,0.0,0.9961466789245605,,0.006165792001411319,568,41290,1.8006792068481445,0.5466089248657227,-0.015291322022676468,0.8005862832069397,-0.004787752870470285,0.625,2,151,38.19030550000025,38.18942758400226,0,1,1789187167.954505,0.0,4,-0.022666601464152336,24.64468002319336
9.846333006862551,38.26045908400556,0.0,0.0,0.9795947670936584,,0.008625624992419034,569,41390,0.6170845627784729,0.5489048361778259,-0.014140904881060123,0.8007329702377319,0.00018965924391523004,0.625,2,152,38.26044879195979,38.25923841696931,0,1,1789187168.024648,0.0,4,-0.03152792528271675,24.60169792175293
13.25524999992922,38.331187542004045,0.0,0.0,0.9746062159538269,,0.01229016698198393,570,41441,0.5367192029953003,0.5502288937568665,-0.013507732190191746,0.8008238077163696,0.013454548083245754,0.625,2,153,38.33117708400823,38.330222541990224,0,1,1789187168.0953758,0.0,4,-0.02743045799434185,24.64016342163086
14.97916696825996,38.40022287500324,0.0,0.0,0.9811336994171143,,0.013822958979289979,571,41491,0.8658004999160767,0.5514630675315857,-0.012926808558404446,0.8009024858474731,0.026537004858255386,0.625,2,154,38.400213334010914,38.39906670898199,0,1,1789187168.164412,0.0,4,-0.028837885707616806,24.714771270751953
19.268999982159585,38.47181041695876,0.0,0.0,0.9905166029930115,,0.017014124954584986,572,41592,0.3924669623374939,0.5539251565933228,-0.011746931821107864,0.8010843396186829,0.020531831309199333,0.625,2,155,38.47179712500656,38.46955558395712,0,1,1789187168.235996,0.0,4,-0.023335814476013184,24.917856216430664
24.660041963215917,38.54421324998839,0.0,0.0,0.9957824945449829,,0.023598624975420535,573,41641,0.2488948553800583,0.5551855564117432,-0.011150434613227844,0.8011777997016907,0.019148411229252815,0.625,2,156,38.544201334007084,38.543151874968316,0,1,1789187168.3084002,0.0,4,-0.02109064906835556,25.00769805908203
4.610083007719368,38.59150158398552,0.2,0.0,0.9974647760391235,,0.003565708000678569,574,41690,0.4640835225582123,0.5563867688179016,-0.01057533361017704,0.801263689994812,0.021085219457745552,0.375,1,157,38.5914914169698,38.5904572919826,0,1,1789187168.35569,0.0,4,-0.01859547384083271,25.049463272094727
7.410500023979694,38.66146533400752,0.2,0.0,0.9517654180526733,,0.006142625003121793,575,41741,0.5259190797805786,0.5575781464576721,-0.009995250031352043,0.8013481497764587,0.02115478925406933,0.375,1,158,38.661453416978475,38.66019766696263,0,1,1789187168.425652,0.0,4,-0.04044018313288689,25.0513973236084
5.920041992794722,38.726597249973565,0.2,0.0,0.9891372323036194,,0.00490758300293237,576,41840,-2.4812896251678467,0.5599144101142883,-0.008838847279548645,0.8014841079711914,0.01665385626256466,0.375,1,159,38.726586458971724,38.72558487497736,0,1,1789187168.4907851,0.0,4,-0.02982250601053238,24.98188018798828
8.886041992809623,38.79687041696161,0.0,0.0,0.9851658940315247,,0.006153416994493455,577,41892,-3.7821028232574463,0.5619832277297974,-0.007895184680819511,0.8015021085739136,0.010635418817400932,0.625,2,160,38.79685124999378,38.79413791699335,0,1,1789187168.5610502,0.0,4,-0.03316246718168259,24.911884307861328
18.084249983076006,38.87304979196051,0.2,0.0,0.9894578456878662,,0.01645954098785296,578,41991,-2.362710952758789,0.5682104229927063,-0.005095423199236393,0.8014393448829651,0.006804474163800478,0.375,1,161,38.873038541991264,38.87142524996307,0,1,1789187168.637237,0.0,4,-0.016736777499318123,24.813234329223633
2.550249977502972,38.92469129199162,0.2,0.0,0.9525110721588135,,0.0008940830011852086,579,42041,-0.6263341307640076,0.5720885992050171,-0.0033202774357050657,0.8014028668403625,0.0026608086191117764,0.375,1,162,38.92467999999644,38.92303516698303,0,1,1789187168.688878,0.0,4,-0.025964990258216858,24.78461456298828
11.15045795449987,39.000560334010515,0.0,0.0,0.9859219193458557,,0.00964337500045076,580,42090,-0.07456547021865845,0.5748235583305359,-0.002026153262704611,0.8013930916786194,-0.005247869994491339,0.625,2,163,39.00054729200201,38.99905333400238,0,1,1789187168.764746,0.0,4,-0.013089281506836414,24.771995544433594
10.38579101441428,39.066958084004,0.0,0.0,0.9805585741996765,,0.008635333040729165,581,42191,-2.734386682510376,0.5820858478546143,0.0013840319588780403,0.8013724088668823,0.0066524832509458065,0.625,2,164,39.0669469590066,39.06520766700851,0,1,1789187168.831145,0.0,4,-0.012359369546175003,24.823850631713867
16.557791968807578,39.14029379200656,0.2,0.0,0.9822928309440613,,0.014684457972180098,582,42243,0.12073498219251633,0.5864896774291992,0.0033690312411636114,0.8013150095939636,0.02585461176931858,0.375,1,165,39.140280708961654,39.138420499977656,0,1,1789187168.904479,0.0,4,-0.014937450177967548,24.87885093688965
21.574958052951843,39.21212049998576,0.0,0.0,0.9585620760917664,,0.019817500025965273,583,42290,2.3391406536102295,0.5895189642906189,0.004778365138918161,0.8012531995773315,0.017993340268731117,0.625,2,166,39.2121087500127,39.2103630839847,0,1,1789187168.976307,0.0,4,-0.00914035551249981,24.916812896728516
2.3896669736132026,39.25997983396519,0.0,0.0,0.9184479713439941,,0.0007968749850988388,584,42340,1.5852447748184204,0.5929349660873413,0.006426396779716015,0.8011401891708374,-0.013062837533652782,0.625,2,167,39.259966292011086,39.2583871249808,0,1,1789187169.0241642,0.0,4,-0.0021285051479935646,24.933191299438477
4.504000011365861,39.329517624981236,0.0,0.0,0.9787131547927856,,0.0024299589567817748,585,42443,-1.4220207929611206,0.5989505052566528,0.009221377782523632,0.8008875250816345,0.03016861528158188,0.625,2,168,39.32949012500467,39.32744395895861,0,1,1789187169.0936902,0.0,4,-0.007277125027030706,24.932531356811523
8.159334014635533,39.400217333983164,0.0,0.0,0.9853894710540771,,0.00699079199694097,586,42491,1.6001287698745728,0.6022837162017822,0.010723106563091278,0.8007201552391052,0.04522183537483215,0.625,2,169,39.400204541976564,39.399048916995525,0,1,1789187169.164402,0.0,4,-0.012251575477421284,24.904449462890625
8.706957974936813,39.46787754195975,0.0,0.0,0.9826196432113647,,0.007395749969873577,587,42543,2.9649322032928467,0.6061177849769592,0.012519415467977524,0.8004458546638489,0.029049759730696678,0.625,2,170,39.46786599996267,39.46656641695881,0,1,1789187169.232063,0.0,4,0.003716731444001198,24.87203598022461
15.089625027030706,39.54150737496093,0.0,0.0,0.9909831285476685,,0.013553790980949998,588,42641,0.19934822618961334,0.6110360026359558,0.014853434637188911,0.8000313639640808,0.013597408309578896,0.625,2,171,39.541496166959405,39.53997162496671,0,1,1789187169.305693,0.0,4,0.0068320175632834435,24.79492950439453
23.33695796551183,39.61685845896136,0.0,0.0,0.9239857792854309,,0.022190374962519854,589,42691,1.16572105884552,0.613558828830719,0.016008920967578888,0.7998914122581482,0.0359545536339283,0.625,2,172,39.616849416983314,39.61571195896249,0,1,1789187169.381046,0.0,4,-0.0011222494067624211,24.78166389465332
18.406250048428774,39.67890549998265,0.0,0.0,0.9599891304969788,,0.013546375033911318,590,42796,1.1726607084274292,0.6187512874603271,0.018451549112796783,0.7997225522994995,0.02907434292137623,0.625,2,173,39.678893958975095,39.674045749998186,0,1,1789187169.443091,0.0,4,0.021916840225458145,24.783329010009766
22.263624996412545,39.74989745899802,0.0,0.0,0.9715813398361206,,0.020733958983328193,591,42840,0.47527188062667847,0.6205688118934631,0.01928478665649891,0.7997022271156311,0.0201371219009161,0.625,2,174,39.74988691700855,39.74836783396313,0,1,1789187169.514084,0.0,4,0.007156036794185638,24.789657592773438
5.690874997526407,39.800422208965756,0.0,0.0,0.9857302904129028,,0.004315583035349846,592,42893,0.7958899736404419,0.6229690313339233,0.020393846556544304,0.7997377514839172,0.03112930618226528,0.625,2,175,39.80040912498953,39.799047000007704,0,1,1789187169.564606,0.0,4,0.013951046392321587,24.81764030456543
4.664833017159253,39.86673587496625,0.0,0.0,0.9911710619926453,,0.0037159579806029797,593,42941,1.2656868696212769,0.6249884963035583,0.021321404725313187,0.7997801899909973,0.04008346050977707,0.625,2,176,39.866723541985266,39.86578712495975,0,1,1789187169.63092,0.0,4,0.014497651718556881,24.83759117126465
15.00833302270621,39.94299337500706,0.0,0.0,0.9850605130195618,,0.012725833046715707,594,43040,0.5461997389793396,0.6288081407546997,0.023092834278941154,0.7999393939971924,0.02199028991162777,0.625,2,177,39.94298091699602,39.94071100000292,0,1,1789187169.7071779,0.0,4,0.008962320163846016,24.86227798461914
23.46670802216977,40.01750708400505,0.0,0.0,0.975176990032196,,0.022296999988611788,595,43091,0.4963505268096924,0.6306624412536621,0.023938177153468132,0.8000473380088806,0.019043203443288803,0.625,2,178,40.01749241701327,40.01633745897561,0,1,1789187169.7816892,0.0,4,0.01509710494428873,24.8525390625
6.451958033721894,40.06689504196402,0.0,0.0,0.8896710872650146,,0.0052720000385306776,596,43140,0.8159982562065125,0.6325303316116333,0.024799996986985207,0.8001841902732849,0.026687372475862503,0.625,2,179,40.06688108399976,40.06571520899888,0,1,1789187169.8310778,0.0,4,0.024579215794801712,24.845237731933594
15.340667043346912,40.14290545898257,0.0,0.0,0.9393722414970398,,0.013204083021264523,597,43241,0.5640259981155396,0.6360051035881042,0.026414940133690834,0.800490140914917,0.02072302997112274,0.625,2,180,40.14287862495985,40.14076899999054,0,1,1789187169.9070752,0.0,4,0.03095703199505806,24.79714012145996
21.900500054471195,40.21676087495871,0.0,0.0,0.9347884058952332,,0.020846166007686406,598,43294,0.505983293056488,0.6376098990440369,0.027150437235832214,0.8006404638290405,0.016470707952976227,0.625,2,181,40.21674424997764,40.21570662496379,0,1,1789187169.98094,0.0,4,0.029008571058511734,24.786235809326172
2.456250018440187,40.264398583967704,0.0,0.0,0.9222725033760071,,0.0012477919808588922,599,43341,0.6247519850730896,0.6389201283454895,0.027750231325626373,0.8007645010948181,0.016871444880962372,0.625,2,182,40.26438612496713,40.2631903339643,0,1,1789187170.0285819,0.0,4,0.03334924206137657,24.771211624145508
4.804124997463077,40.333954708999954,0.0,0.0,0.9765298366546631,,0.0036842499976046383,600,43440,0.5645338296890259,0.6416890025138855,0.029028424993157387,0.8010500073432922,0.023060757666826248,0.625,2,183,40.33394441701239,40.332834958971944,0,1,1789187170.09814,0.0,4,0.048795316368341446,24.76175880432129
12.397291022352874,40.40740341698984,0.0,0.0,0.9989405274391174,,0.011276125034783036,601,43491,0.45769116282463074,0.6431618332862854,0.029701130464673042,0.8012034893035889,0.01936982572078705,0.625,2,184,40.40739295899402,40.40628233400639,0,1,1789187170.1715891,0.0,4,0.0495220422744751,24.75835609436035
20.17270802753046,40.481202583992854,0.0,0.0,0.9992935657501221,,0.018560791038908064,602,43541,0.5056601166725159,0.6445578932762146,0.030335484072566032,0.801339864730835,0.016138069331645966,0.625,2,185,40.48119079199387,40.479590750008356,0,1,1789187170.245387,0.0,4,0.05592741817235947,24.75905418395996
2.8005409985780716,40.53020933398511,0.0,0.0,0.9983215928077698,,0.0005273330025374889,603,43592,0.5311883091926575,0.6457634568214417,0.03087467886507511,0.8014452457427979,0.01492977049201727,0.625,2,186,40.53019666700857,40.527936166967265,0,1,1789187170.294392,0.0,4,0.08146264404058456,24.75992202758789
4.783542011864483,40.59852212498663,0.0,-13.333333432674408,0.9938437938690186,,0.003686959040351212,604,43690,0.43120861053466797,0.6483892202377319,0.032065536826848984,0.8016700744628906,0.016322840005159378,0.625,2,187,40.59850974997971,40.597425709012896,0,1,1789187170.362705,0.2222222238779068,5,0.10789159685373306,24.765087127685547
4.624790977686644,40.665689083980396,0.0,-13.333333432674408,0.9949368238449097,,0.003684125025756657,605,43741,0.4478474259376526,0.6495250463485718,0.032571081072092056,0.8017444610595703,0.016265254467725754,0.625,2,188,40.66567733400734,40.66474845900666,0,1,1789187170.429873,0.2222222238779068,5,0.11203033477067947,24.772663116455078
7.94295797822997,40.735478208982386,0.0,-13.333333432674408,0.9767282605171204,,0.007021124998573214,606,43840,0.454917848110199,0.6517713069915771,0.03356914222240448,0.8018502593040466,0.01648545451462269,0.625,2,189,40.73546900000656,40.73455645900685,0,1,1789187170.4996638,0.2222222238779068,5,0.12975440919399261,24.74560546875
16.135374957229942,40.8100687089609,-0.2,-13.333333432674408,0.977626383304596,,0.014673041994683444,607,43891,0.41459953784942627,0.6529569029808044,0.03408738225698471,0.8018956184387207,0.017216432839632034,0.875,3,190,40.810054791974835,40.808606459002476,0,1,1789187170.57425,0.2222222238779068,5,0.1284858137369156,24.64160919189453
23.47904199268669,40.88463824999053,0.0,-13.333333432674408,0.9909991025924683,,0.022351583989802748,608,43991,0.9016919732093811,0.6549230217933655,0.034932881593704224,0.8019434213638306,0.015684735029935837,0.625,2,191,40.88462895900011,40.88351083395537,0,1,1789187170.648824,0.2222222238779068,5,0.14124098420143127,24.17323112487793
3.407583979424089,40.93173474998912,0.0,-13.333333432674408,0.9685913920402527,,0.002365624997764826,609,43991,0.9016919732093811,0.6549230217933655,0.034932881593704224,0.8019434213638306,0.015684735029935837,0.625,2,192,40.93172462499933,40.930692875001114,0,1,1789187170.6959202,0.2222222238779068,5,0.09099748730659485,24.17323112487793
9.187415998894721,41.004796083958354,0.0,0.0,0.9945695996284485,,0.008080707979388535,610,44090,2.7503888607025146,0.6559225916862488,0.03543911129236221,0.8018438220024109,0.056758202612400055,0.625,2,193,41.00478324998403,41.00368941697525,0,1,1789187170.7689779,0.0,4,0.07500053197145462,23.094379425048828
17.36766699468717,41.0796239170013,0.0,0.0,0.9889776110649109,,0.015178417030256242,611,44141,0.5693770051002502,0.6556362509727478,0.035351891070604324,0.801750659942627,0.08477470278739929,0.625,2,194,41.079613583977334,41.07743470900459,0,1,1789187170.843808,0.0,4,0.08038070797920227,22.566110610961914
22.049291990697384,41.1502270839992,0.0,0.0,0.9989363551139832,,0.02085129194892943,612,44240,0.21204592287540436,0.6556838750839233,0.035273607820272446,0.8014823794364929,0.009304285980761051,0.625,2,195,41.15021579200402,41.149029166961554,0,1,1789187170.9144099,0.0,4,0.06495137512683868,21.26163101196289
6.4403330325149,41.20033170899842,0.0,0.0,0.9986528158187866,,0.004941083025187254,613,44290,0.7557308673858643,0.6562989950180054,0.03549719229340553,0.8013707399368286,0.027399400249123573,0.625,2,196,41.20032179198461,41.198832541995216,0,1,1789187170.9645162,0.0,4,0.053001172840595245,20.71597671508789
11.746250034775585,41.2720620839973,0.0,0.0,0.9871640205383301,,0.009845292021054775,614,44343,-0.11099214106798172,0.656769871711731,0.035688258707523346,0.8012661337852478,0.04793756082653999,0.625,2,197,41.27204970899038,41.2701612089877,0,1,1789187171.036244,0.0,4,0.05179934948682785,20.308393478393555
15.875792014412582,41.343458458955865,0.0,0.0,0.9791480302810669,,0.014745583001058549,615,44440,-0.18243639171123505,0.6580193638801575,0.03614848852157593,0.8011165857315063,-0.0200529545545578,0.625,2,198,41.34344687499106,41.34232837497257,0,1,1789187171.107641,0.0,4,0.04072250798344612,20.043397903442383
14.667542011011392,41.409563083958346,0.0,0.0,0.9917068481445312,,0.013618832977954298,616,44490,0.42033717036247253,0.6588873267173767,0.036502767354249954,0.8010565042495728,-0.011580093763768673,0.625,2,199,41.409552333992906,41.408514499955345,0,1,1789187171.173747,0.0,4,0.07483403384685516,20.126121520996094
21.101457998156548,41.48311462497804,0.0,-13.333333432674408,0.9685579538345337,,0.019694457994773984,617,44549,0.17916761338710785,0.6597136855125427,0.0368754006922245,0.8009986877441406,0.012309344485402107,0.625,2,200,41.483103166974615,41.48170766700059,0,1,1789187171.247297,0.2222222238779068,5,0.09921914339065552,20.355236053466797
6.243167037609965,41.53407487500226,0.0,-13.333333432674408,0.9960892200469971,,0.004915625031571835,618,44590,-0.10336222499608994,0.6602423787117004,0.03711812570691109,0.8009676337242126,0.015543157234787941,0.625,2,201,41.53406245895894,41.532747499994,0,1,1789187171.2982569,0.2222222238779068,5,0.11883196234703064,20.54298210144043
11.73987501533702,41.60548566700891,0.0,-13.333333432674408,0.9991182684898376,,0.009881792007945478,619,44691,0.3889889419078827,0.6616372466087341,0.03772652521729469,0.8009018301963806,0.013187626376748085,0.625,2,202,41.60546745901229,41.60362766700564,0,1,1789187171.369662,0.2222222238779068,5,0.15738898515701294,20.805871963500977
7.070707972161472,41.66662470897427,0.0,-13.333333432674408,0.9994944334030151,,0.0060486659640446305,620,44740,0.35502347350120544,0.6623654961585999,0.03805875778198242,0.8008835911750793,0.015490224584937096,0.625,2,203,41.66660979198059,41.665602749970276,0,1,1789187171.430804,0.2222222238779068,5,0.18546083569526672,20.744863510131836
14.666167029645294,41.741043916961644,0.0,-13.333333432674408,0.9993665814399719,,0.013370625034440309,621,44790,0.17041639983654022,0.6629611849784851,0.03832818567752838,0.8008725047111511,0.02606278844177723,0.625,2,204,41.74102766701253,41.73974841699237,0,1,1789187171.5052218,0.2222222238779068,5,0.19065220654010773,20.54338264465332
15.691292006522417,41.80890670896042,0.0,-13.333333432674408,0.9989394545555115,,0.014140209008473903,622,44890,0.3094954788684845,0.6643747091293335,0.03894757851958275,0.800875186920166,0.03639446943998337,0.625,2,205,41.80889116699109,41.8073557089665,0,1,1789187171.5730848,0.2222222238779068,5,0.17122751474380493,19.623004913330078
22.96124998247251,41.88354662497295,0.0,-13.333333432674408,0.9977567791938782,,0.02178679098142311,623,44941,0.34949371218681335,0.6651966571807861,0.03931017965078354,0.8008843660354614,0.03640061616897583,0.625,2,206,41.88353279198054,41.882372249965556,0,1,1789187171.647727,0.2222222238779068,5,0.14766082167625427,18.84251594543457
5.8047089842148125,41.9335122089833,0.0,0.0,0.9945171475410461,,0.004660667036660016,624,44990,0.25236281752586365,0.665878415107727,0.039607129991054535,0.8008900880813599,0.039892133325338364,0.625,2,207,41.93349779199343,41.932368292007595,0,1,1789187171.697691,0.0,4,0.08371328562498093,18.184476852416992
11.782292043790221,42.00657195900567,-0.2,0.0,0.9934442043304443,,0.010681584011763334,625,45090,0.2731095552444458,0.6675130128860474,0.04031207785010338,0.8008952736854553,0.04528952017426491,0.875,3,208,42.006557666987646,42.005471333977766,0,1,1789187171.770751,0.0,4,0.08252818137407303,16.81803321838379
17.81566604040563,42.07890849997057,-0.2,-13.333333432674408,0.9884875416755676,,0.016706000023987144,626,45140,0.36573517322540283,0.6683443188667297,0.04067159816622734,0.8008952140808105,0.04821246489882469,0.875,3,209,42.07889674999751,42.077798958984204,0,1,1789187171.8430898,0.2222222238779068,5,0.09743805974721909,16.30057144165039
1.7917919903993607,42.13010558398673,-0.2,0.0,0.9970594048500061,,0.0006200000061653554,627,45190,1.4050344228744507,0.6691073179244995,0.04100852832198143,0.8008940815925598,0.053955744951963425,0.875,3,210,42.130093041982036,42.128933875006624,0,1,1789187171.8942862,0.0,4,0.09141235053539276,15.91910457611084
4.214707994833589,42.199966833984945,0.0,0.0,0.9962484240531921,,0.0032686659833416343,628,45291,4.474153995513916,0.6689646244049072,0.04130132123827934,0.8008236885070801,0.07030283659696579,0.625,2,211,42.19995499996003,42.19902087497758,0,1,1789187171.964148,0.0,4,0.08325513452291489,15.491573333740234
13.852500007487833,42.27663016697625,0.0,-13.333333432674408,0.9979440569877625,,0.011184540984686464,629,45340,3.9100868701934814,0.6678972244262695,0.041151780635118484,0.8007636070251465,0.06405802071094513,0.625,2,212,42.27661566698225,42.27396224997938,0,1,1789187172.040809,0.2222222238779068,5,0.12807497382164001,15.424060821533203
17.570124997291714,42.34630708396435,0.0,-13.333333432674408,0.9992696642875671,,0.01603616599459201,630,45440,0.32516443729400635,0.6635074019432068,0.04016239568591118,0.8006272315979004,0.08440914005041122,0.625,2,213,42.34629562497139,42.344773249991704,0,1,1789187172.1104891,0.2222222238779068,5,0.15571361780166626,15.342595100402832
22.658917005173862,42.41726712498348,0.0,-13.333333432674408,0.9985992312431335,,0.02111375000094995,631,45494,-0.5289052724838257,0.6619402170181274,0.03976304084062576,0.800639808177948,0.0911739319562912,0.625,2,214,42.41725412500091,42.41572204197291,0,1,1789187172.181447,0.2222222238779068,5,0.1847124695777893,15.270007133483887
6.759250012692064,42.467555749986786,0.0,-13.333333432674408,0.9962694644927979,,0.005279417033307254,632,45543,-0.45378488302230835,0.6609764695167542,0.03951161354780197,0.8007049560546875,0.06741057336330414,0.625,2,215,42.46754012495512,42.46607608400518,0,1,1789187172.231733,0.2222222238779068,5,0.182115375995636,15.112141609191895
7.508625043556094,42.53542216698406,0.0,-13.333333432674408,0.9967519044876099,,0.004930875031277537,633,45592,-0.5300024151802063,0.660832941532135,0.03948559984564781,0.8007871508598328,0.04038599506020546,0.625,2,216,42.535411416960414,42.532844458997715,0,1,1789187172.299604,0.2222222238779068,5,0.1886719912290573,14.918946266174316
15.744584030471742,42.61087816697545,0.0,-13.333333432674408,0.9982788562774658,,0.014722709020134062,634,45690,-0.9846042990684509,0.6605035066604614,0.039476532489061356,0.8009549975395203,0.022131599485874176,0.625,2,217,42.61086566699669,42.60985633399105,0,1,1789187172.375058,0.2222222238779068,5,0.1970367133617401,14.139998435974121
20.632709027267992,42.68297341698781,0.0,-13.333333432674408,0.9952652454376221,,0.018236417032312602,635,45741,-0.5793268084526062,0.6606894135475159,0.03960083797574043,0.8010154962539673,0.01081747468560934,0.625,2,218,42.68296233395813,42.68057729199063,0,1,1789187172.447155,0.2222222238779068,5,0.1832115203142166,13.51960563659668
6.956541968975216,42.73418395896442,0.0,-13.333333432674408,0.994469165802002,,0.004933958989568055,636,45794,-0.2185056209564209,0.6609259843826294,0.039766114205121994,0.8010526299476624,-0.001476160017773509,0.625,2,219,42.73417412501294,42.73216145898914,0,1,1789187172.4983659,0.2222222238779068,5,0.16476738452911377,12.796415328979492
7.330082997214049,42.80062462500064,0.0,-13.333333432674408,0.9907800555229187,,0.006167875020764768,637,45892,-0.22215069830417633,0.6611202359199524,0.04004897549748421,0.8010661602020264,0.011150755919516087,0.625,2,220,42.800613083993085,42.799462541996036,0,1,1789187172.564805,0.2222222238779068,5,0.14495690166950226,11.727763175964355
16.8020409764722,42.876462334010284,0.0,-13.333333432674408,0.991664469242096,,0.013240457978099585,638,45940,-0.04813132435083389,0.6612321138381958,0.04021577909588814,0.8010608553886414,0.017696918919682503,0.625,2,221,42.87645091698505,42.872900791990105,0,1,1789187172.6406431,0.2222222238779068,5,0.1257515698671341,11.204422950744629
22.58395799435675,42.94952483399538,-0.2,0.0,0.9934263229370117,,0.021316249971278012,639,45990,0.10084579885005951,0.6613539457321167,0.0403788760304451,0.8010531067848206,0.020894424989819527,0.875,3,222,42.949510458973236,42.94825720897643,0,1,1789187172.713703,0.0,4,0.10201136022806168,10.71535873413086
2.2715420345775783,42.994897833967116,-0.2,-13.333333432674408,0.9907305836677551,,0.0011422919924370944,640,46040,0.07881592959165573,0.6614722013473511,0.04054715856909752,0.8010483980178833,0.029602402821183205,0.875,3,223,42.99488154199207,42.993768791959155,0,1,1789187172.759074,0.2222222238779068,5,0.10550294816493988,10.223669052124023
2.213291998486966,43.061348624993116,-0.2,0.0,0.9936957955360413,,0.0009590840199962258,641,46141,1.677202820777893,0.6618059277534485,0.04090622439980507,0.8010265231132507,0.046630799770355225,0.875,3,224,43.06133662495995,43.06009445898235,0,1,1789187172.8255281,0.0,4,0.05776125565171242,9.204618453979492
4.8303750227205455,43.131241791998036,0.0,0.0,0.9996474981307983,,0.0035426249960437417,642,46191,3.4536519050598145,0.661672830581665,0.041016705334186554,0.8010010123252869,0.04172365367412567,0.625,2,225,43.13123020896455,43.129954124975484,0,1,1789187172.895422,0.0,4,0.058203428983688354,8.915898323059082
4.619791987352073,43.197234874998685,0.0,0.0,0.9999368190765381,,0.0028412920073606074,643,46241,4.1567769050598145,0.6605298519134521,0.04100358113646507,0.8009223937988281,0.0560876838862896,0.625,2,226,43.19722295895917,43.19545645901235,0,1,1789187172.9614148,0.0,4,0.030509136617183685,8.483368873596191
8.40504199732095,43.26682279200759,-0.2,0.0,0.9984758496284485,,0.007242708001285791,644,46340,0.794998288154602,0.6560929417610168,0.04052268713712692,0.8007269501686096,0.09488116949796677,0.875,3,227,43.26680987497093,43.265660499979276,0,1,1789187173.031001,0.0,4,0.05477304384112358,7.7346954345703125
12.323583010584116,43.33783008396858,-0.2,0.0,0.9985698461532593,,0.011120666982606053,645,46391,-0.5929245948791504,0.6537153720855713,0.04016652703285217,0.8006565570831299,0.06779778748750687,0.875,3,228,43.33782037498895,43.336627208977006,0,1,1789187173.102012,0.0,4,0.050714895129203796,7.485467910766602
15.553916979115456,43.40817012498155,0.0,0.0,0.9980179071426392,,0.014727458998095244,646,46441,0.28218787908554077,0.6525070071220398,0.03994521498680115,0.8006415963172913,0.04148511961102486,0.625,2,229,43.408158666978125,43.40734383399831,0,1,1789187173.17235,0.0,4,0.06353048235177994,7.326782703399658
23.559458029922098,43.48314070899505,0.0,0.0,0.9989375472068787,,0.02275266603101045,647,46543,3.1522200107574463,0.648908793926239,0.03939240425825119,0.8006240129470825,0.018384583294391632,0.625,2,230,43.4831297089695,43.482334000000264,0,1,1789187173.2473202,0.0,4,0.07613810896873474,6.996013164520264
6.350416981149465,43.53332975000376,0.0,-13.333333432674408,0.9995629191398621,,0.005349666986148804,648,46591,1.3323397636413574,0.6468281149864197,0.039096467196941376,0.8005862236022949,0.0014730680268257856,0.625,2,231,43.5333184999763,43.53232904197648,0,1,1789187173.29751,0.2222222238779068,5,0.12207884341478348,6.952907562255859
5.9933330048806965,43.60017520899419,0.0,-13.333333432674408,0.9988105297088623,,0.00491354102268815,649,46640,-1.346451759338379,0.6435893774032593,0.038617659360170364,0.8005197644233704,-0.007176557555794716,0.625,2,232,43.60016187495785,43.59909562498797,0,1,1789187173.364353,0.2222222238779068,5,0.14617179334163666,6.903627872467041
22.43783400626853,43.68371037498582,0.0,-13.333333432674408,0.9996103644371033,,0.021060083992779255,650,46741,-0.4269837737083435,0.6398357152938843,0.037942659109830856,0.800427258014679,-0.007110937964171171,0.625,2,233,43.6836974589969,43.68233270896599,0,1,1789187173.447888,0.2222222238779068,5,0.16175736486911774,6.840516567230225
5.366124969441444,43.733720499963965,0.0,-13.333333432674408,0.9981060028076172,,0.003976957988925278,651,46790,-0.6170937418937683,0.6381141543388367,0.037633683532476425,0.800402820110321,-0.031152501702308655,0.625,2,234,43.733709916996304,43.73233149998123,0,1,1789187173.4979,0.2222222238779068,5,0.17401552200317383,6.754303932189941
12.34137499704957,43.807997666997835,0.0,-13.333333432674408,0.9991262555122375,,0.011023791041225195,652,46890,-1.3781460523605347,0.6355077028274536,0.03715287521481514,0.8003826141357422,-0.017603395506739616,0.625,2,235,43.8079879169818,43.806680125009734,0,1,1789187173.572178,0.2222222238779068,5,0.178854838013649,6.366955757141113
20.978541986551136,43.8837387500098,0.0,-13.333333432674408,0.9991430044174194,,0.019582959008403122,653,46940,-0.6192565560340881,0.634344220161438,0.036926303058862686,0.8003767728805542,-0.025068797171115875,0.625,2,236,43.88372566696489,43.88234320899937,0,1,1789187173.647916,0.2222222238779068,5,0.17788778245449066,5.987260818481445
4.992750007659197,43.9337898750091,0.0,-13.333333432674408,0.9989482760429382,,0.0035287910141050816,654,46991,-0.2681535482406616,0.6332798004150391,0.036734290421009064,0.8003777265548706,-0.043892424553632736,0.625,2,237,43.93377733399393,43.9323260000092,0,1,1789187173.6979682,0.2222222238779068,5,0.18032607436180115,5.577189922332764
13.653583999257535,44.00845266698161,0.0,-13.333333432674408,0.9983219504356384,,0.01253691699821502,655,47041,-0.5715469121932983,0.6319404244422913,0.0365089476108551,0.8003926873207092,-0.04398932680487633,0.625,2,238,44.008442499965895,44.0073360420065,0,1,1789187173.772633,0.2222222238779068,5,0.18098346889019012,4.961067199707031
20.446374954190105,44.08128045900958,0.0,-13.333333432674408,0.9989325404167175,,0.019380124984309077,656,47140,-0.374719500541687,0.6296421885490417,0.03613560274243355,0.8004290461540222,-0.03575558215379715,0.625,2,239,44.081269999966025,44.08021429198561,0,1,1789187173.84546,0.2222222238779068,5,0.17621426284313202,3.816617727279663
21.795167005620897,44.14995395898586,0.0,-13.333333432674408,0.9993680119514465,,0.020827291999012232,657,47191,-0.15293002128601074,0.6285048723220825,0.03595005348324776,0.800454318523407,-0.041043512523174286,0.625,2,240,44.14994274999481,44.14898616698338,0,1,1789187173.914133,0.2222222238779068,5,0.1448085755109787,3.1690335273742676
2.4084580363705754,44.197871166979894,0.0,-13.333333432674408,0.9997045397758484,,0.001189083035569638,658,47241,-0.2872210144996643,0.6275308132171631,0.03580106422305107,0.8004783391952515,-0.04127081483602524,0.625,2,241,44.197858583997004,44.19665191700915,0,1,1789187173.962048,0.2222222238779068,5,0.1445714384317398,2.6876747608184814
5.113416991662234,44.26749708398711,0.0,-13.333333432674408,0.9992665648460388,,0.0036805839627049863,659,47341,-0.338789701461792,0.6257689595222473,0.03552881255745888,0.8005319237709045,-0.03333055227994919,0.625,2,242,44.267485666961875,44.26606433396228,0,1,1789187174.0316758,0.2222222238779068,5,0.12023921310901642,1.7969835996627808
12.188583961687982,44.340570833999664,0.0,-13.333333432674408,0.9977770447731018,,0.011111916974186897,660,47391,-0.18693098425865173,0.6250137090682983,0.03540404886007309,0.800564706325531,-0.035791102796792984,0.625,2,243,44.34055949997855,44.33949429198401,0,1,1789187174.104749,0.2222222238779068,5,0.11895593255758286,1.236204743385315
13.9919170178473,44.408438624988776,0.0,0.0,0.996451735496521,,0.01287470804527402,661,47442,-0.21086148917675018,0.6244524121284485,0.03531704470515251,0.8005803823471069,-0.03877239674329758,0.625,2,244,44.40842233400326,44.40732150000986,0,1,1789187174.1726122,0.0,4,0.08774930983781815,0.8492251634597778
19.407458952628076,44.480323374969885,0.0,0.0,0.9985805749893188,,0.018099291948601604,662,47540,-0.25818029046058655,0.6233810782432556,0.03515053167939186,0.8006189465522766,-0.034378983080387115,0.625,2,245,44.480312959,44.47901529195951,0,1,1789187174.244502,0.0,4,0.07674367725849152,-0.21319006383419037
3.409500000998378,44.53050412499579,0.0,0.0,0.9996353387832642,,0.002240833011455834,663,47590,-0.16138985753059387,0.6229814291000366,0.035085100680589676,0.800642728805542,-0.030545178800821304,0.625,2,246,44.53049262496643,44.52933549997397,0,1,1789187174.294682,0.0,4,0.06295735388994217,-0.7401506304740906
6.691666960250586,44.60018966696225,0.0,0.0,0.9999076128005981,,0.0049102919874712825,664,47641,-0.13399893045425415,0.6226341128349304,0.03502824157476425,0.8006734251976013,-0.02937595173716545,0.625,2,247,44.600163499999326,44.598408541991375,0,1,1789187174.364355,0.0,4,0.04294200614094734,-1.278052568435669
17.029000038746744,44.67675770900678,0.0,0.0,0.9999268054962158,,0.014270916988607496,665,47740,-0.15430501103401184,0.6220912933349609,0.03493966534733772,0.8007270097732544,-0.023780759423971176,0.625,2,248,44.67674516700208,44.673999708960764,0,1,1789187174.440934,0.0,4,0.0413832850754261,-2.106963634490967
23.42145802685991,44.75007408397505,0.0,0.0,0.9999403953552246,,0.022336249996442348,666,47792,-0.09039115905761719,0.6218418478965759,0.034892573952674866,0.800753116607666,-0.019181393086910248,0.625,2,249,44.750052958959714,44.74898908397881,0,1,1789187174.514242,0.0,4,0.04008346050977707,-2.528440237045288
6.493291992228478,44.80049420899013,0.0,0.0,0.9994333386421204,,0.004777708963956684,667,47841,-0.06345991045236588,0.621692419052124,0.034863296896219254,0.80076664686203,-0.016243647783994675,0.625,2,250,44.80048274999717,44.79877870896598,0,1,1789187174.564672,0.0,4,0.03983083367347717,-2.6635587215423584
11.147583019919693,44.87242308398709,-0.2,0.0,0.9981727600097656,,0.00995274999877438,668,47940,-0.06590383499860764,0.6214153170585632,0.03480272740125656,0.8007988333702087,-0.0098688630387187,0.875,3,251,44.872412249969784,44.871228333970066,0,1,1789187174.636601,0.0,4,0.07238459587097168,-2.786482334136963
15.856165962759405,44.9443896249868,0.0,0.0,0.999643087387085,,0.014860583003610373,669,47991,-0.020667878910899162,0.6213076114654541,0.03477228805422783,0.800822913646698,-0.009620163589715958,0.625,2,252,44.944376458995976,44.9433941669995,0,1,1789187174.708565,0.0,4,0.09142186492681503,-2.728656053543091
14.123166969511658,45.010003125004005,0.0,-13.333333432674408,0.9989180564880371,,0.012273625005036592,670,48041,1.1059993505477905,0.6211845278739929,0.03474736586213112,0.8008431196212769,-0.0040711830370128155,0.625,2,253,45.00998991698725,45.00815362500725,0,1,1789187174.774179,0.2222222238779068,5,0.10383933037519455,-2.662191867828369
21.509582991711795,45.08331587497378,0.0,-13.333333432674408,0.9994187355041504,,0.01997337501961738,671,48140,2.234764337539673,0.6197561621665955,0.03474986180663109,0.8007903695106506,-0.020003540441393852,0.625,2,254,45.08330349996686,45.08177983399946,0,1,1789187174.847492,0.2222222238779068,5,0.1273137778043747,-2.569624185562134
5.8937499998137355,45.133677708974574,0.0,-13.333333432674408,0.9991834759712219,,0.004731040971819311,672,48191,-0.37864166498184204,0.618014395236969,0.03478388488292694,0.800698459148407,-0.011869724839925766,0.625,2,255,45.1336669169832,45.132515124976635,0,1,1789187174.897855,0.2222222238779068,5,0.1671658754348755,-2.5703628063201904
5.932707979809493,45.199959333986044,0.0,-13.333333432674408,0.9994421601295471,,0.004954041971359402,673,48241,-0.9053008556365967,0.6165913939476013,0.034803129732608795,0.8005838990211487,0.019075166434049606,0.625,2,256,45.19994704198325,45.19898070895579,0,1,1789187174.964135,0.2222222238779068,5,0.15590165555477142,-2.6785356998443604
7.851207978092134,45.26932520896662,0.0,-13.333333432674408,0.9992859959602356,,0.00653716700617224,674,48340,0.2457343190908432,0.6155235171318054,0.03475359082221985,0.8004375100135803,-0.025563063099980354,0.625,2,257,45.269313291995786,45.26801133400295,0,1,1789187175.033501,0.2222222238779068,5,0.16409407556056976,-3.1669504642486572
13.295667013153434,45.34170666697901,0.0,-13.333333432674408,0.9991219639778137,,0.012234499969054013,675,48391,-0.7163842916488647,0.6149705648422241,0.034732550382614136,0.8003929257392883,-0.0211284551769495,0.625,2,258,45.341692416986916,45.34064554196084,0,1,1789187175.10588,0.2222222238779068,5,0.16994671523571014,-3.6512508392333984
19.856375001836568,45.415282833972014,0.0,-13.333333432674408,0.9997538924217224,,0.018456167017575353,676,48440,-0.9552534818649292,0.614564061164856,0.034711748361587524,0.8003612160682678,-0.007617052178829908,0.625,2,259,45.41527254198445,45.41388270899188,0,1,1789187175.17946,0.2222222238779068,5,0.15862725675106049,-4.1427459716796875
4.00587497279048,45.466680374986026,0.0,-13.333333432674408,0.9999284744262695,,0.0026288750232197344,677,48540,0.130343958735466,0.6143677830696106,0.03464868664741516,0.8003255724906921,-0.025812536478042603,0.625,2,260,45.4666705839918,45.465303500008304,0,1,1789187175.230858,0.2222222238779068,5,0.16882777214050293,-5.023228645324707
3.5077499924227595,45.53195966698695,0.0,-13.333333432674408,0.9997084736824036,,0.0021020419662818313,678,48590,-0.20982038974761963,0.6140705347061157,0.03462943807244301,0.8003110885620117,-0.01415873784571886,0.625,2,261,45.53194745897781,45.53055404196493,0,1,1789187175.296135,0.2222222238779068,5,0.14419123530387878,-5.686680316925049
5.5991660337895155,45.60127287497744,0.0,-13.333333432674408,0.9993982315063477,,0.004430625005625188,679,48644,-0.38940155506134033,0.6137689352035522,0.034618135541677475,0.8003031611442566,-0.004561215173453093,0.625,2,262,45.60125974996481,45.60010445897933,0,1,1789187175.365448,0.2222222238779068,5,0.13825558125972748,-6.212802886962891
4.194042005110532,45.66713949997211,0.0,-13.333333432674408,0.9988168478012085,,0.0029741249745711684,680,48740,0.1156715601682663,0.613355278968811,0.03458792343735695,0.8002979159355164,-0.016516011208295822,0.625,2,263,45.66712854197249,45.6659196249675,0,1,1789187175.431316,0.2222222238779068,5,0.10994875431060791,-7.031489372253418
9.350750013254583,45.73832770896843,0.0,0.0,0.9996378421783447,,0.0074111249996349216,681,48792,-0.005124446004629135,0.6130351424217224,0.03457549214363098,0.8003076314926147,-0.014070837758481503,0.625,2,264,45.738318209012505,45.73638816695893,0,1,1789187175.502506,0.0,4,0.09649789333343506,-7.706307411193848
14.584499993361533,45.809673791984096,0.0,-13.333333432674408,0.9983123540878296,,0.013478624983690679,682,48841,-0.1637737900018692,0.612773060798645,0.0345752127468586,0.8003153204917908,-0.00507285026833415,0.625,2,265,45.80965524999192,45.80856799997855,0,1,1789187175.5738418,0.2222222238779068,5,0.10519827902317047,-8.160930633544922
22.164875001180917,45.883190666965675,-0.2,0.0,0.9955174326896667,,0.021292500023264438,683,48940,0.0438237339258194,0.6124094128608704,0.03455663099884987,0.8003601431846619,-0.012048461474478245,0.875,3,266,45.88318054197589,45.88231837499188,0,1,1789187175.647368,0.0,4,0.08474719524383545,-9.257214546203613
5.882292054593563,45.93414283398306,0.0,0.0,0.9983000159263611,,0.004044333007186651,684,48990,0.019624464213848114,0.6122630834579468,0.03454958647489548,0.8003940582275391,-0.013746128417551517,0.625,2,267,45.9341305840062,45.93230499996571,0,1,1789187175.698317,0.0,4,0.07547225803136826,-9.748224258422852
12.208875035867095,46.007759124971926,0.0,0.0,0.9987978935241699,,0.011013292009010911,685,49041,0.6019822955131531,0.6121131181716919,0.03455483168363571,0.8004268407821655,-0.013368461281061172,0.625,2,268,46.00774783396628,46.006563583971,0,1,1789187175.771935,0.0,4,0.05963814631104469,-10.140229225158691
20.69854096043855,46.08340166701237,0.0,0.0,0.9991359114646912,,0.019601000007241964,686,49140,1.0043137073516846,0.6111823320388794,0.034679003059864044,0.8004425168037415,0.007340806536376476,0.625,2,269,46.08339095895644,46.08230420900509,0,1,1789187175.847578,0.0,4,0.04884594678878784,-10.7916898727417
1.2821669806726277,46.130968959012534,0.0,0.0,0.9983658194541931,,0.00011495902435854077,687,49193,-0.3703458309173584,0.6103282570838928,0.034808449447155,0.8004342913627625,0.017031798139214516,0.625,2,270,46.13095841696486,46.12980183400214,0,1,1789187175.895145,0.0,4,0.055136024951934814,-11.028759002685547
11.120584036689252,46.20688000001246,0.0,0.0,0.9977454543113708,,0.009792542026843876,688,49241,-0.5611212253570557,0.6096211671829224,0.03491319715976715,0.8004236221313477,0.004942636005580425,0.625,2,271,46.20686954195844,46.20555204199627,0,1,1789187175.9710562,0.0,4,0.0962642952799797,-11.233034133911133
17.207750002853572,46.27863695897395,0.0,-13.333333432674408,0.9971588850021362,,0.016123374982271343,689,49341,0.1320575624704361,0.6090376973152161,0.03498382493853569,0.8004403710365295,-0.015893569216132164,0.625,2,272,46.27862441696925,46.277552791987546,0,1,1789187176.042811,0.2222222238779068,5,0.1108681708574295,-11.403363227844238
1.479708997067064,46.32916004199069,0.0,0.0,0.9992528557777405,,0.00032175000524148345,690,49393,-0.41361063718795776,0.6086702942848206,0.03504344820976257,0.8004661202430725,-0.0063165780156850815,0.625,2,273,46.32914812496165,46.32800212496659,0,1,1789187176.093334,0.0,4,0.10071002691984177,-11.426013946533203
5.157165986020118,46.399968791985884,0.0,-13.333333432674408,0.9975797533988953,,0.004155290953349322,691,49441,-0.51268070936203,0.608413577079773,0.0350913479924202,0.8004937171936035,0.0035326676443219185,0.625,2,274,46.3999572499888,46.39896699995734,0,1,1789187176.164144,0.2222222238779068,5,0.12618446350097656,-11.418988227844238
8.60891694901511,46.47059508395614,0.0,-13.333333432674408,0.9994632601737976,,0.007389249978587031,692,49540,0.0726698711514473,0.6080507636070251,0.03515684977173805,0.8005546927452087,-0.0063428571447730064,0.625,2,275,46.47058595897397,46.46937549998984,0,1,1789187176.234772,0.2222222238779068,5,0.16793376207351685,-11.495844841003418
8.703415980562568,46.5377954999567,0.0,-13.333333432674408,0.9996088147163391,,0.007402666029520333,693,49590,-0.07377320528030396,0.6078081130981445,0.03520135208964348,0.8005743026733398,-0.0064910040237009525,0.625,2,276,46.537784666987136,46.53649500000756,0,1,1789187176.301971,0.2222222238779068,5,0.17446227371692657,-11.595335960388184
8.701166021637619,46.60515629197471,0.0,-13.333333432674408,0.9995658993721008,,0.007395458000246435,694,49640,-0.2402014434337616,0.6075055003166199,0.035263389348983765,0.8006085753440857,0.004420234821736813,0.625,2,277,46.60514408396557,46.60385066695744,0,1,1789187176.36933,0.2222222238779068,5,0.18329666554927826,-11.806291580200195
12.31650001136586,46.674840958963614,0.0,-13.333333432674408,0.9994738698005676,,0.011126458994112909,695,49741,0.05224914848804474,0.6070046424865723,0.035367000848054886,0.8006743788719177,0.004107207991182804,0.625,2,278,46.67483045900008,46.67365095898276,0,1,1789187176.4390159,0.2222222238779068,5,0.18380840122699738,-12.512372016906738
20.748040988110006,46.74922354199225,0.0,-13.333333432674408,0.9895762205123901,,0.0199265829869546,696,49791,-0.012730902060866356,0.6067093014717102,0.03542756661772728,0.8006997108459473,-0.0005644591874442995,0.625,2,279,46.749212499998976,46.74840229196707,0,1,1789187176.513398,0.2222222238779068,5,0.1580960750579834,-12.985676765441895
3.635166969615966,46.79834070900688,0.0,-13.333333432674408,0.9696323871612549,,0.0023000829969532788,697,49840,-0.10876909643411636,0.6064395904541016,0.03548632934689522,0.8007208108901978,-3.600622221711092e-05,0.625,2,280,46.79832866700599,46.797005750006065,0,1,1789187176.5625138,0.2222222238779068,5,0.13511335849761963,-13.423556327819824
14.235374983400106,46.87622537498828,0.0,0.0,0.9928834438323975,,0.011383292032405734,698,49941,-0.006868821568787098,0.6059349179267883,0.03560261428356171,0.8007642030715942,0.0023668829817324877,0.625,2,281,46.87621454196051,46.87337333400501,0,1,1789187176.6404,0.0,4,0.08689406514167786,-14.586992263793945
21.45862497854978,46.95050958398497,0.0,0.0,0.9554815292358398,,0.01983591599855572,699,49990,-0.015800295397639275,0.6056994795799255,0.03565839305520058,0.8007816672325134,0.0006095353746786714,0.625,2,282,46.95049816695973,46.94888699997682,0,1,1789187176.7146828,0.0,4,0.08918789774179459,-15.05555534362793
3.759999992325902,47.00005929201143,0.0,0.0,0.9810301065444946,,0.002461916010361165,700,50041,-0.0717223659157753,0.6054899096488953,0.035709820687770844,0.8007945418357849,-0.001716516213491559,0.625,2,283,47.00004562496906,46.99876124999719,0,1,1789187176.764231,0.0,4,0.046011365950107574,-15.446062088012695
10.53391705499962,47.072952041984536,0.0,0.0,0.994776725769043,,0.008933708013501018,701,50140,-0.04487347975373268,0.6051151752471924,0.03580754995346069,0.8008083701133728,-0.0029091346077620983,0.625,2,284,47.072939999983646,47.07135187496897,0,1,1789187176.837125,0.0,4,0.029849592596292496,-16.248828887939453
21.208582969848067,47.149511499970686,0.0,0.0,0.993610680103302,,0.019691499997861683,702,50190,-0.02180277183651924,0.60494464635849,0.03585425019264221,0.8008105754852295,0.0007782431785017252,0.625,2,285,47.14949995896313,47.14799458399648,0,1,1789187176.913685,0.0,4,0.020186128094792366,-16.581212997436523
22.792667034082115,47.21738924999954,0.0,0.0,0.9939407110214233,,0.02105637500062585,703,50241,-0.04136907681822777,0.6047739386558533,0.0359003059566021,0.8008095622062683,0.0028705024160444736,0.625,2,286,47.217372333980165,47.21565304195974,0,1,1789187176.981557,0.0,4,0.031125295907258987,-16.83976173400879
4.487707978114486,47.2661952089984,0.0,0.0,0.9950445890426636,,0.002543457958381623,704,50291,-0.0565764419734478,0.6045981645584106,0.03594626858830452,0.8008067607879639,0.002523831557482481,0.625,2,287,47.26618558401242,47.26425099995686,0,1,1789187177.0303712,0.0,4,0.03580061346292496,-17.030773162841797
13.082291989121586,47.342169208975974,0.0,0.0,0.9878250956535339,,0.01100566698005423,705,50390,-0.019170984625816345,0.6043168306350708,0.03601638227701187,0.8008200526237488,0.0022231610491871834,0.625,2,288,47.34215887496248,47.34009266697103,0,1,1789187177.106344,0.0,4,0.03170930966734886,-17.160051345825195
20.467250025831163,47.41688166698441,0.0,0.0,0.9355444312095642,,0.019237832981161773,706,50441,-0.020069433376193047,0.6041864156723022,0.036047644913196564,0.8008278012275696,0.002133686561137438,0.625,2,289,47.416865542007145,47.41565229196567,0,1,1789187177.18105,0.0,4,0.04380775988101959,-17.12799072265625
25.275624997448176,47.48723370896187,0.0,0.0,0.9772499203681946,,0.02409412496490404,707,50540,-0.031166845932602882,0.6039289236068726,0.03610919788479805,0.8008250594139099,0.0020456535276025534,0.625,2,290,47.48722045897739,47.486052249965724,0,1,1789187177.251405,0.0,4,0.06513603031635284,-17.088594436645508
5.783500033430755,47.53353287500795,0.0,-13.333333432674408,0.9854340553283691,,0.004527125041931868,708,50591,-0.019174054265022278,0.6038029193878174,0.03614019975066185,0.8008183240890503,0.001565494923852384,0.625,2,291,47.5335215840023,47.532276584010106,0,1,1789187177.297706,0.2222222238779068,5,0.09915515780448914,-17.095962524414062
11.982458992861211,47.60619941697223,0.0,-13.333333432674408,0.9954002499580383,,0.010944999987259507,709,50641,-0.01254908088594675,0.6036874651908875,0.03617009520530701,0.8008125424385071,0.0015680682845413685,0.625,2,292,47.6061877089669,47.60516199999256,0,1,1789187177.370372,0.2222222238779068,5,0.12070360034704208,-17.130094528198242
6.034000020008534,47.66741987498244,0.0,-13.333333432674408,0.9899777173995972,,0.004810541984625161,710,50694,-0.014909314922988415,0.6035712361335754,0.03620206192135811,0.8008149862289429,0.001551897614262998,0.625,2,293,47.66740562499035,47.66619645897299,0,1,1789187177.4315898,0.2222222238779068,5,0.11702106893062592,-17.199546813964844
8.203167002648115,47.73692920897156,0.0,-13.333333432674408,0.9900499582290649,,0.006153707974590361,711,50791,-0.017704108729958534,0.6033751368522644,0.036261141300201416,0.8008223176002502,0.00388035224750638,0.625,2,294,47.73691779200453,47.73487987497356,0,1,1789187177.501102,0.2222222238779068,5,0.12507732212543488,-17.46075439453125
12.886291020549834,47.80857020895928,0.0,-13.333333432674408,0.9928736686706543,,0.011610332992859185,712,50843,-0.011799601837992668,0.6032705903053284,0.03629393130540848,0.800817608833313,0.0037818157579749823,0.625,2,295,47.808559708995745,47.80729429196799,0,1,1789187177.572744,0.2222222238779068,5,0.14798642694950104,-17.750499725341797
12.047625030390918,47.874977833998855,0.0,-13.333333432674408,0.9933578372001648,,0.011014583986252546,713,50941,-0.00865515973418951,0.6030929684638977,0.03635172173380852,0.8008031845092773,0.003041305113583803,0.625,2,296,47.87496445898432,47.873944958962966,0,1,1789187177.639148,0.2222222238779068,5,0.14181309938430786,-18.39801788330078
18.237999989651144,47.94681083399337,0.0,-13.333333432674408,0.9747397303581238,,0.017038707970641553,714,50990,-0.009402185678482056,0.6030027866363525,0.03638169541954994,0.8007955551147461,0.003749656956642866,0.625,2,297,47.94679791695671,47.94561162497848,0,1,1789187177.7109818,0.2222222238779068,5,0.11880294233560562,-18.81473159790039
24.827125016599894,48.019096834002994,0.0,0.0,0.9153016805648804,,0.023346583009697497,715,51041,-0.009150066412985325,0.6029207110404968,0.036408621817827225,0.8007887005805969,0.0035156451631337404,0.625,2,298,48.019084625004325,48.017616375000216,0,1,1789187177.7832682,0.0,4,0.08191364258527756,-19.27901840209961
7.486834016162902,48.06808291695779,0.0,0.0,0.9019418954849243,,0.006160334043670446,716,51091,-0.008780286647379398,0.6028276681900024,0.03643743321299553,0.8007782697677612,0.003437075996771455,0.625,2,299,48.06807154195849,48.06675645901123,0,1,1789187177.832255,0.0,4,0.06018773093819618,-19.896432876586914
9.642209042795002,48.13744645897532,0.0,0.0,0.9924609065055847,,0.00867212499724701,717,51191,-0.004171883687376976,0.6026582717895508,0.036485910415649414,0.8007541298866272,0.0037678354419767857,0.625,2,300,48.13743354199687,48.13647649995983,0,1,1789187177.9016168,0.0,4,0.03417510911822319,-21.024003982543945
12.073000019881874,48.20706937497016,0.0,0.0,0.9741936326026917,,0.011126500030513853,718,51241,-0.003555840812623501,0.6025867462158203,0.036503877490758896,0.800740122795105,0.004199970047920942,0.625,2,301,48.2070587920025,48.206122917006724,0,1,1789187177.971242,0.0,4,0.03512599319219589,-21.412128448486328
18.482041952665895,48.28035833395552,0.0,0.0,0.9873641133308411,,0.01733366696862504,719,51341,-0.0027677430771291256,0.6024230718612671,0.0365365706384182,0.8006955981254578,0.003967995289713144,0.625,2,302,48.28034704196034,48.2792100419756,0,1,1789187178.04453,0.0,4,0.0790863186120987,-22.11166763305664
2.140791970305145,48.33114204200683,0.0,0.0,0.9876954555511475,,0.001158249971922487,720,51391,-0.0026246695779263973,0.6023386716842651,0.03654937818646431,0.8006717562675476,0.0009304271079599857,0.625,2,303,48.33113050000975,48.33015954197617,0,1,1789187178.095314,0.0,4,0.05980255454778671,-22.32085418701172
4.6765420120209455,48.400964625005145,0.0,0.0,0.9893900752067566,,0.0036242090282030404,721,51443,-0.0026177202817052603,0.6022655963897705,0.03655923157930374,0.8006561994552612,-0.0017766059609130025,0.625,2,304,48.40095454198308,48.39991233398905,0,1,1789187178.165138,0.0,4,0.05336601659655571,-22.37094497680664
12.231374974362552,48.47530704201199,0.0,0.0,0.9896638989448547,,0.010866584023460746,722,51541,-0.003443727269768715,0.6021121144294739,0.03657937049865723,0.8006297945976257,-0.0031900391913950443,0.625,2,305,48.47529616695829,48.473942334007006,0,1,1789187178.239479,0.0,4,0.04955965653061867,-22.389942169189453
11.353790992870927,48.54001087497454,0.0,0.0,0.985425591468811,,0.009890624962281436,723,51591,-0.0034456648863852024,0.6020389199256897,0.0365884006023407,0.8006182312965393,-0.0027609658427536488,0.625,2,306,48.53999883396318,48.53854783397401,0,1,1789187178.304182,0.0,4,0.05122889205813408,-22.35458755493164
10.173457965720445,48.60486600000877,0.0,0.0,0.9805537462234497,,0.00863212498370558,724,51641,-0.0020547513850033283,0.6019681692123413,0.03659660741686821,0.8006089329719543,-0.0019463301869109273,0.625,2,307,48.60485125001287,48.60332470899448,0,1,1789187178.369034,0.0,4,0.06359685212373734,-22.322845458984375
13.200000044889748,48.67425716697471,0.0,0.0,0.9772751331329346,,0.011989916034508497,725,51741,0.0009596524760127068,0.6018429398536682,0.036607205867767334,0.8005929589271545,-0.001896464265882969,0.625,2,308,48.67424741695868,48.67304712499026,0,1,1789187178.43843,0.0,4,0.06228652223944664,-22.33403778076172
18.552124965935946,48.74690024997108,0.0,0.0,0.959745466709137,,0.01725508295930922,726,51791,0.0009619552292861044,0.6017724275588989,0.0366111621260643,0.8005853295326233,-0.001895297784358263,0.625,2,309,48.74688895896543,48.74560337496223,0,1,1789187178.511072,0.0,4,0.07516665756702423,-22.403594970703125
20.59162501245737,48.81618629198056,0.0,0.0,0.9390218257904053,,0.01936812500935048,727,51841,0.0010003054048866034,0.6016994714736938,0.03661298379302025,0.80057692527771,-0.001832699286751449,0.625,2,310,48.81617279199418,48.81496283400338,0,1,1789187178.5803552,0.0,4,0.08651824295520782,-22.49460220336914
25.47137497458607,48.88781058398308,0.0,0.0,0.915922999382019,,0.02428662497550249,728,51940,0.0020096655935049057,0.601563572883606,0.036613114178180695,0.8005568981170654,-0.0020933817140758038,0.625,2,311,48.887800583965145,48.88662587496219,0,1,1789187178.651983,0.0,4,0.08998419344425201,-22.66091537475586
2.237041015177965,48.9319114589598,0.0,-13.333333432674408,0.9002605676651001,,0.0011882079998031259,729,51940,0.0020096655935049057,0.601563572883606,0.036613114178180695,0.8005568981170654,-0.0020933817140758038,0.625,2,312,48.93190045899246,48.93086266698083,0,1,1789187178.6960828,0.2222222238779068,5,0.10134440660476685,-22.66091537475586
5.95229200553149,49.001732583972625,0.0,-13.333333432674408,0.9241750836372375,,0.004795167013071477,730,52040,0.00206945207901299,0.6014136672019958,0.036609068512916565,0.8005449771881104,-0.004907682538032532,0.625,2,313,49.00171899999259,49.00057558401022,0,1,1789187178.765901,0.2222222238779068,5,0.10399387031793594,-22.717552185058594
12.671167030930519,49.07484412495978,0.0,-13.333333432674408,0.8920449614524841,,0.011345207982230932,731,52093,0.002069545444101095,0.6013560891151428,0.03660650551319122,0.8005414009094238,-0.004907642491161823,0.625,2,314,49.07483154197689,49.073518249962945,0,1,1789187178.8390138,0.2222222238779068,5,0.08648582547903061,-22.718643188476562
13.514790975023061,49.14176333398791,0.0,-13.333333432674408,0.9403479695320129,,0.01237520796712488,732,52190,0.0022583850659430027,0.6012164950370789,0.036605432629585266,0.8005326390266418,-0.0057310000993311405,0.625,2,315,49.14175183395855,49.140623791958205,0,1,1789187178.905934,0.2222222238779068,5,0.08891117572784424,-22.769113540649414
14.242874982301146,49.20835337496828,0.0,-13.333333432674408,0.8800867199897766,,0.013152791012544185,733,52241,0.002295086160302162,0.6011451482772827,0.03660614416003227,0.8005195260047913,-0.005724082235246897,0.625,2,316,49.208343042002525,49.20726337499218,0,1,1789187178.9725251,0.2222222238779068,5,0.10866189002990723,-22.973623275756836
13.558667036704719,49.27440445899265,0.0,-13.333333432674408,0.8777614235877991,,0.012361417000647634,734,52294,0.002531976904720068,0.6010807156562805,0.03660844638943672,0.800512433052063,-0.005778309423476458,0.625,2,317,49.27439045900246,49.273207291960716,0,1,1789187179.038572,0.2222222238779068,5,0.09158388525247574,-23.216758728027344
21.886790986172855,49.350174041988794,0.0,0.0,0.9818006753921509,,0.020662583003286272,735,52390,0.003069224301725626,0.6009377241134644,0.0366206094622612,0.8005109429359436,-0.005926609039306641,0.625,2,318,49.35016400000313,49.34894991701003,0,1,1789187179.114346,0.0,4,0.0836128294467926,-24.17741584777832
21.46266703493893,49.41681145899929,0.0,0.0,0.9967644214630127,,0.020270792010705918,736,52441,0.003501836210489273,0.6008632779121399,0.03662923723459244,0.8005036115646362,-0.005600333213806152,0.625,2,319,49.41679879196454,49.41561966697918,0,1,1789187179.18098,0.0,4,0.04562974348664284,-24.773805618286133
3.5398330073803663,49.465944416995626,0.0,0.0,0.9950404763221741,,0.002442166965920478,737,52492,0.0014018617803230882,0.6007963418960571,0.03663885220885277,0.8004938960075378,-0.0027284787502139807,0.625,2,320,49.465933083964046,49.46484683395829,0,1,1789187179.230114,0.0,4,0.0035950022283941507,-25.30828094482422
12.199624965433031,49.541767209011596,0.0,0.0,0.8748371601104736,,0.01094229199225083,738,52590,0.0011635732371360064,0.6006484031677246,0.03666149452328682,0.8004639148712158,-0.0022988684941083193,0.625,2,321,49.54175754199969,49.54050995898433,0,1,1789187179.305939,0.0,4,0.03519129380583763,-26.4252986907959
15.915833006147295,49.61285274999682,0.0,0.0,0.9339733719825745,,0.014862291049212217,739,52642,0.0003140261396765709,0.6005744934082031,0.03667251020669937,0.8004465699195862,-0.0019425207283347845,0.625,2,322,49.61284124996746,49.61179925000761,0,1,1789187179.377022,0.0,4,0.03185176104307175,-26.77025604248047
11.993166990578175,49.6748397499905,0.0,0.0,0.9897239208221436,,0.011083624965976924,740,52692,3.542162085068412e-05,0.6005112528800964,0.03668178990483284,0.8004372715950012,-0.0017183414893224835,0.625,2,323,49.674828791990876,49.67393029195955,0,1,1789187179.4390101,0.0,4,0.012508268468081951,-26.962697982788086
17.53745903261006,49.74655787501251,0.0,0.0,0.9886802434921265,,0.01607433403842151,741,52793,-0.00029061402892693877,0.6003771424293518,0.03670341521501541,0.800427258014679,-0.004125000908970833,0.625,2,324,49.74654074996943,49.74509483401198,0,1,1789187179.5107222,0.0,4,0.010252420790493488,-27.1803035736084
2.4998339940793812,49.79787008400308,0.0,0.0,0.9498199224472046,,0.0011897090007551014,742,52840,-0.00029331393307074904,0.6003122329711914,0.036715615540742874,0.8004257678985596,-0.004124809987843037,0.625,2,325,49.79785908397753,49.7965600839816,0,1,1789187179.56204,0.0,4,0.017203589901328087,-27.142803192138672
6.0714579885825515,49.868694750010036,0.0,0.0,0.9073066711425781,,0.0047090830048546195,743,52895,-0.00030203480855561793,0.6002503037452698,0.0367283821105957,0.8004263043403625,-0.004124180413782597,0.625,2,326,49.868680291983765,49.86733241699403,0,1,1789187179.632861,0.0,4,0.02720908634364605,-27.021656036376953
11.333375005051494,49.9409670419991,0.0,0.0,0.9238067865371704,,0.009928583982400596,744,52941,0.0007791846292093396,0.6001946330070496,0.036740776151418686,0.8004288077354431,-0.004123931750655174,0.625,2,327,49.940951791999396,49.939562333980575,0,1,1789187179.705132,0.0,4,0.04187573865056038,-26.887075424194336
,,,,,after-land,,,59941,,0.5921367406845093,0.037982065230607986,0.01988797076046467,,,,,57.02656704199035,,,,,,,,
