cmd_vx,cmd_yaw,conf,event,frame_age,fw_ts,px,py,pz,size,size_bucket,t,tracking,wall,x,x_bin,x_soft,yaw
0.0,0.0,0.9628621339797974,,0.04110979096731171,15345,-3.150638116285881e-13,-1.7113126711608244e-14,0.843934178352356,0.375,1,12.058755667007063,0,1789088621.430642,-0.444444477558136,2,-0.4398621916770935,0.0
0.0,0.0,0.9572325348854065,,0.02338379097636789,15392,-3.3533400123526846e-13,-1.8359943963373523e-14,0.8426069021224976,0.375,1,12.106200500042178,0,1789088621.478088,-0.444444477558136,2,-0.4379045367240906,0.0
0.2,26.76315665245056,0.9875446557998657,,0.022188583971001208,15441,-3.6254262395993275e-13,-2.003132462148876e-14,0.8409794569015503,0.375,1,12.172899583005346,1,1789088621.544788,-0.444444477558136,2,-0.446052610874176,0.0
0.2,26.269145607948303,0.9893013834953308,,0.0011864170082844794,15491,-3.872890777609911e-13,-2.1543683314086473e-14,0.8395814299583435,0.375,1,12.218162083008792,1,1789088621.5900521,-0.444444477558136,2,-0.43781909346580505,0.0
0.0,26.18051826953888,0.9967606663703918,,0.007371083018369973,15592,0.00011386294499970973,-3.865409325953806e-07,0.8365736603736877,0.625,2,12.291035667003598,1,1789088621.6629272,-0.444444477558136,2,-0.4363419711589813,0.02571176551282406
0.0,26.099154353141785,0.9982286095619202,,0.011254750017542392,15641,0.000728182727470994,-4.1669227357488126e-07,0.8352641463279724,0.625,2,12.362769292027224,1,1789088621.7346618,-0.444444477558136,2,-0.4349859058856964,0.137560173869133
0.2,25.995512008666992,0.9984466433525085,,0.014547084050718695,15741,0.004217600915580988,1.7611753719393164e-05,0.8330660462379456,0.375,1,12.434785999997985,1,1789088621.80668,-0.444444477558136,2,-0.4332585334777832,0.8146538734436035
0.2,25.350385308265686,0.9991549253463745,,0.021342875028494745,15791,0.006014104001224041,2.5722132704686373e-05,0.8320079445838928,0.375,1,12.507205417030491,1,1789088621.879101,-0.444444477558136,2,-0.4225064218044281,1.5008883476257324
0.0,24.899942278862,0.9977589845657349,,0.0048387080314569175,15841,0.007402106653898954,8.372428965230938e-06,0.8310630321502686,0.625,2,12.557238000037614,1,1789088621.929135,-0.444444477558136,2,-0.4149990379810333,2.4661176204681396
0.0,23.017605543136597,0.9937732815742493,,0.010652667027898133,15891,0.008901766501367092,1.8648159311851487e-05,0.8301851749420166,0.625,2,12.628677292028442,1,1789088622.000576,-0.444444477558136,2,-0.3836267590522766,3.610377311706543
0.0,19.342018961906433,0.9978785514831543,,0.013041208032518625,15991,0.014643359929323196,0.0002222485636593774,0.828539252281189,0.625,2,12.697375542018563,1,1789088622.069275,-0.2222222238779068,3,-0.32236698269844055,6.041154861450195
0.2,14.129977226257324,0.9994674324989319,,0.022106542019173503,16042,0.01737300679087639,0.00025797111447900534,0.827810525894165,0.375,1,12.77240499999607,1,1789088622.144307,-0.2222222238779068,3,-0.23549962043762207,7.259696960449219
0.0,14.296649694442749,0.9961081147193909,,0.00037212501047179103,16092,0.019375555217266083,0.00024337650393135846,0.8271819949150085,0.625,2,12.82093604200054,1,1789088622.192838,-0.2222222238779068,3,-0.23827749490737915,8.275425910949707
0.0,13.59446793794632,0.9756367802619934,,0.007840167032554746,16192,0.02242843434214592,0.00038735134876333177,0.8263095021247864,0.625,2,12.895899666997138,1,1789088622.267804,-0.2222222238779068,3,-0.22657446563243866,9.610377311706543
0.0,12.64869511127472,0.9948742985725403,,0.013537542021367699,16241,0.024390749633312225,0.0005416817148216069,0.8259797096252441,0.625,2,12.968127333035227,1,1789088622.340033,-0.2222222238779068,3,-0.210811585187912,10.184609413146973
0.2,12.452049851417542,0.9979514479637146,,0.021111958019901067,16342,0.029217075556516647,0.0009647440165281296,0.8254271745681763,0.375,1,13.042286167037673,1,1789088622.414193,-0.2222222238779068,3,-0.20753416419029236,11.382430076599121
0.0,12.491075992584229,0.9993057250976562,,0.0022388750221580267,16391,0.03067934513092041,0.0010739187709987164,0.8252356648445129,0.625,2,13.090289167012088,1,1789088622.462197,-0.2222222238779068,3,-0.2081845998764038,11.750429153442383
0.0,12.05977588891983,0.9948029518127441,,0.007651874970179051,16441,0.03234970569610596,0.0012206631945446134,0.8250940442085266,0.625,2,13.16217708302429,1,1789088622.534087,-0.2222222238779068,3,-0.2009962648153305,12.303912162780762
0.0,9.583880603313446,0.9931469559669495,,0.015030290989670902,16542,0.03646467998623848,0.0016907698009163141,0.8248802423477173,0.625,2,13.236441667017061,1,1789088622.6083531,-0.2222222238779068,3,-0.15973134338855743,13.619383811950684
0.0,5.286832898855209,0.9973545074462891,,0.020850000029895455,16592,0.03862308710813522,0.0019766944460570812,0.8247953653335571,0.625,2,13.308670875034295,1,1789088622.680584,0.0,4,-0.08811388164758682,14.26213550567627
0.0,0.0,0.9925320744514465,,0.022582249948754907,16642,0.04046984761953354,0.002212479477748275,0.8247314095497131,0.625,2,13.377248667005915,1,1789088622.749163,0.0,4,-0.0417046844959259,14.958550453186035
0.0,0.0,0.9966332316398621,,0.005073750042356551,16692,0.04191358759999275,0.002385298255831003,0.8246806263923645,0.625,2,13.432180042029358,1,1789088622.804096,0.0,4,-0.02949785441160202,15.532267570495605
0.2,0.0,0.9750621914863586,,0.014386708033271134,16792,0.044485919177532196,0.002749204635620117,0.8246102333068848,0.375,1,13.502381917031016,1,1789088622.8742988,0.0,4,-0.0292687825858593,16.381128311157227
0.0,0.0,0.9675936102867126,,0.014548291044775397,16841,0.045636359602212906,0.002927386900410056,0.8245820999145508,0.625,2,13.56874570803484,1,1789088622.940664,0.0,4,-0.039621394127607346,16.734041213989258
0.0,0.0,0.9915347695350647,,0.023887415998615324,16942,0.04796680063009262,0.003341750241816044,0.8245006203651428,0.625,2,13.645527207991108,1,1789088623.017448,0.0,4,-0.029968632385134697,17.2297420501709
0.0,0.0,0.9663668274879456,,0.00885174999712035,16991,0.04947533831000328,0.0036577959544956684,0.8244290351867676,0.625,2,13.697148625040427,1,1789088623.06907,0.0,4,-0.02917618304491043,17.345874786376953
0.0,0.0,0.9852967858314514,,0.015965750033501536,17041,0.051746923476457596,0.0042208218947052956,0.8243049383163452,0.625,2,13.769363583007362,1,1789088623.1412868,0.0,4,0.004963329527527094,17.449665069580078
0.0,0.0,0.9855169653892517,,0.0240728750359267,17141,0.054597385227680206,0.00491462554782629,0.8240148425102234,0.625,2,13.842674917017575,1,1789088623.214599,0.0,4,-0.009449752978980541,17.567893981933594
0.0,0.0,0.9804002046585083,,0.005082666990347207,17191,0.055426955223083496,0.005098460707813501,0.8238966464996338,0.625,2,13.889717457990628,1,1789088623.261643,0.0,4,-0.008188009262084961,17.62376594543457
0.0,0.0,0.9977802634239197,,0.0060743329813703895,17241,0.0565350167453289,0.0053769745863974094,0.8237415552139282,0.625,2,13.960235042031854,1,1789088623.3321621,0.0,4,0.011587255634367466,17.674213409423828
0.2,0.0,0.9967232346534729,,0.011513374978676438,17291,0.05734407156705856,0.0055932248942554,0.8235992193222046,0.375,1,14.032557792030275,1,1789088623.404486,0.0,4,0.007689380086958408,17.688589096069336
0.2,0.0,0.9826562404632568,,0.009810041985474527,17391,0.058456696569919586,0.005887605249881744,0.8232793807983398,0.375,1,14.098004167026374,1,1789088623.469934,0.0,4,0.009486268274486065,17.770822525024414
0.0,0.0,0.997815728187561,,0.018632124993018806,17442,0.05916192755103111,0.006090456619858742,0.8231098651885986,0.625,2,14.173238374991342,1,1789088623.5451698,0.0,4,0.008803226053714752,17.825328826904297
0.0,0.0,0.9960624575614929,,0.0240564169944264,17541,0.062059126794338226,0.0069166324101388454,0.8227388858795166,0.625,2,14.245753167022485,1,1789088623.617686,0.0,4,0.015006432309746742,17.863117218017578
0.0,0.0,0.998288094997406,,0.0025719170225784183,17591,0.06497489660978317,0.007763837929815054,0.8224734663963318,0.625,2,14.29059370799223,1,1789088623.662528,0.0,4,0.028834223747253418,17.881330490112305
0.0,0.0,0.9975441098213196,,0.003627499972935766,17641,0.06786242872476578,0.008646930567920208,0.8222011923789978,0.625,2,14.358402875019237,1,1789088623.730338,0.0,4,0.04850706085562706,17.898571014404297
0.0,0.0,0.9945474863052368,,0.0036140409647487104,17692,0.06991680711507797,0.00930385198444128,0.8219349384307861,0.625,2,14.425148167007137,1,1789088623.797085,0.0,4,0.05605931207537651,17.90500259399414
0.0,-5.4877303540706635,0.9881725907325745,,0.004912665986921638,17792,0.07270120829343796,0.01021402608603239,0.8214510083198547,0.625,2,14.493284541997127,1,1789088623.865223,0.0,4,0.09146217256784439,17.905498504638672
0.0,-8.119650185108185,0.9982531666755676,,0.008285375020932406,17842,0.07386244088411331,0.010607427917420864,0.8212222456932068,0.625,2,14.562548250018153,1,1789088623.934488,0.2222222238779068,5,0.1353275030851364,17.90308380126953
0.0,-6.0260555148124695,0.9891581535339355,,0.016940250003244728,17941,0.07534770667552948,0.011150223203003407,0.820755124092102,0.625,2,14.638331875030417,1,1789088624.010273,0.0,4,0.10043425858020782,17.86998176574707
0.0,-6.607897728681564,0.9750242233276367,,0.021238540997728705,17991,0.07596983760595322,0.011357034556567669,0.8205637335777283,0.625,2,14.709277832997032,1,1789088624.081221,0.2222222238779068,5,0.1101316288113594,17.83505630493164
0.0,-8.050998151302338,0.996507465839386,,0.003633083018939942,18041,0.0767735093832016,0.01163430605083704,0.8203207850456238,0.625,2,14.757703000039328,1,1789088624.129647,0.2222222238779068,5,0.13418330252170563,17.744367599487305
0.0,-8.156193494796753,0.9955158829689026,,0.008687916037160903,18091,0.07754099369049072,0.011903897859156132,0.8200767636299133,0.625,2,14.82942595804343,1,1789088624.201371,0.2222222238779068,5,0.13593655824661255,17.58550453186035
0.0,-7.590621113777161,0.9956496357917786,,0.013549249968491495,18192,0.07894627004861832,0.012406893074512482,0.8196120858192444,0.625,2,14.900799542025197,1,1789088624.272747,0.2222222238779068,5,0.126510351896286,17.073623657226562
0.0,-6.979585736989975,0.9941208958625793,,0.01735095796175301,18242,0.07962666451931,0.012653839774429798,0.819399356842041,0.625,2,14.971564917010255,1,1789088624.343513,0.2222222238779068,5,0.11632642894983292,16.74932289123535
0.0,-7.1872445940971375,0.995165228843689,,0.001759458042215556,18292,0.0802275761961937,0.012880361638963223,0.8192128539085388,0.625,2,15.022378958004992,1,1789088624.394328,0.2222222238779068,5,0.11978740990161896,16.43609619140625
0.0,-7.631812691688538,0.9945132732391357,,0.0081609160406515,18391,0.08124729990959167,0.013299217447638512,0.8188020586967468,0.625,2,15.095002292015124,1,1789088624.466954,0.2222222238779068,5,0.12719687819480896,15.724693298339844
0.0,-8.26840192079544,0.9953650236129761,,0.012280291004572064,18442,0.08173323422670364,0.013511191122233868,0.8185697197914124,0.625,2,15.166516458033584,1,1789088624.538469,0.2222222238779068,5,0.137806698679924,15.346007347106934
0.0,-8.750064969062805,0.9969915151596069,,0.015855458041187376,18541,0.08246792107820511,0.013865623623132706,0.8181289434432983,0.625,2,15.236945000011474,1,1789088624.608899,0.2222222238779068,5,0.14583441615104675,14.769925117492676
0.0,-8.967334628105164,0.9972780346870422,,0.018367832992225885,18591,0.08272261172533035,0.014003015123307705,0.81795334815979,0.625,2,15.304948750010226,1,1789088624.676904,0.2222222238779068,5,0.14945557713508606,14.566471099853516
0.0,-8.929202556610107,0.9971432089805603,,0.00118470803136006,18642,0.08298998326063156,0.014155597425997257,0.8177240490913391,0.625,2,15.353540375013836,1,1789088624.725497,0.2222222238779068,5,0.14882004261016846,14.286025047302246
0.0,-8.374117612838745,0.9965494871139526,,0.004868415999226272,18692,0.08320498466491699,0.014281283132731915,0.8175340890884399,0.625,2,15.425580667040776,1,1789088624.797539,0.2222222238779068,5,0.13956862688064575,14.0409517288208
0.0,-8.552500605583191,0.9966562986373901,,0.009596833027899265,18792,0.08356478810310364,0.014519594609737396,0.8171259760856628,0.625,2,15.496245832997374,1,1789088624.868206,0.2222222238779068,5,0.14254167675971985,13.452116012573242
0.0,-8.583078682422638,0.995835542678833,,0.01107779098674655,18841,0.08372210711240768,0.01463799923658371,0.8168954253196716,0.625,2,15.564788957999554,1,1789088624.9367502,0.2222222238779068,5,0.14305131137371063,13.081263542175293
0.0,-7.935928702354431,0.9959587454795837,,0.017274542013183236,18943,0.08398199081420898,0.014848105609416962,0.8164893984794617,0.625,2,15.636283875035588,1,1789088625.0082471,0.2222222238779068,5,0.13226547837257385,12.368247032165527
0.0,-7.04055055975914,0.995993971824646,,0.0027761669480241835,18991,0.08409517258405685,0.014956159517168999,0.8162687420845032,0.625,2,15.687243207998108,1,1789088625.059207,0.2222222238779068,5,0.117342509329319,11.951678276062012
0.0,-5.154178440570831,0.9931859970092773,,0.009932790999300778,19042,0.08418933302164078,0.015057148411870003,0.8160626292228699,0.625,2,15.760058208019473,1,1789088625.132024,0.0,4,0.08590297400951385,11.539860725402832
0.0,-6.025009006261826,0.9914275407791138,,0.011831542011350393,19093,0.0842728391289711,0.015156103298068047,0.8158532381057739,0.625,2,15.828538000001572,1,1789088625.200505,0.0,4,0.10041681677103043,11.12221622467041
0.0,-6.29003718495369,0.9940177202224731,,0.015388958971016109,19191,0.08439835906028748,0.015333632007241249,0.815478503704071,0.625,2,15.899464500020258,1,1789088625.2714329,0.0,4,0.10483395308256149,10.444870948791504
0.0,-5.989280641078949,0.9965218305587769,,0.02174908301094547,19242,0.08445321768522263,0.015436576679348946,0.8152594566345215,0.625,2,15.974569833022542,1,1789088625.3465412,0.0,4,0.09982134401798248,10.110671997070312
0.0,-6.240226328372955,0.9979562759399414,,0.004831625032238662,19292,0.0844954177737236,0.01553424634039402,0.8150438070297241,0.625,2,16.0231907920097,1,1789088625.395162,0.0,4,0.10400377213954926,9.83080768585205
0.0,-6.509258151054382,0.9978146553039551,,0.001210415968671441,19391,0.08455463498830795,0.01570884883403778,0.8146925568580627,0.625,2,16.085639125027228,1,1789088625.457612,0.2222222238779068,5,0.10848763585090637,9.456846237182617
0.0,-6.236854791641235,0.9993048906326294,,0.006660208047833294,19441,0.08457763493061066,0.015808695927262306,0.8144943118095398,0.625,2,16.157976916991174,1,1789088625.5299509,0.0,4,0.10394757986068726,9.24953556060791
0.0,-7.588239312171936,0.9995021820068359,,0.008010959019884467,19492,0.08459309488534927,0.015907442197203636,0.8143016695976257,0.625,2,16.225967042031698,1,1789088625.597943,0.2222222238779068,5,0.1264706552028656,9.029829025268555
0.0,-9.037821292877197,0.9996073842048645,,0.010630417033098638,19592,0.08460880070924759,0.016099488362669945,0.8139448761940002,0.625,2,16.296843708027154,1,1789088625.668821,0.2222222238779068,5,0.15063035488128662,8.529561042785645
0.0,-9.141519963741302,0.9997217059135437,,0.013366082974243909,19642,0.08461304754018784,0.016206130385398865,0.81375652551651,0.625,2,16.365375375025906,1,1789088625.737354,0.2222222238779068,5,0.15235866606235504,8.195725440979004
0.0,-9.173881709575653,0.9997226595878601,,0.019512124999891967,19741,0.08461244404315948,0.01640550047159195,0.8134111762046814,0.625,2,16.437442583031952,1,1789088625.8094232,0.2222222238779068,5,0.15289802849292755,7.523577690124512
0.0,-9.658433496952057,0.9997792840003967,,0.0034334579831920564,19792,0.08460827171802521,0.016496621072292328,0.8132665753364563,0.625,2,16.487187332997564,1,1789088625.859169,0.2222222238779068,5,0.16097389161586761,7.232300281524658
0.0,-10.544559359550476,0.9998538494110107,,0.011796667007729411,19842,0.08460202068090439,0.016604028642177582,0.8130908608436584,0.625,2,16.562496625003405,1,1789088625.93448,0.2222222238779068,5,0.17574265599250793,6.8585004806518555
0.0,-10.45219749212265,0.9997523427009583,,0.01769233396044001,19942,0.08458951860666275,0.016807742416858673,0.8127562403678894,0.625,2,16.635694249998778,1,1789088626.007678,0.2222222238779068,5,0.1742032915353775,6.141702651977539
0.0,-10.307071208953857,0.9997453093528748,,0.024440833018161356,19992,0.08458305150270462,0.016889287158846855,0.8126317262649536,0.625,2,16.710200583038386,1,1789088626.082187,0.2222222238779068,5,0.17178452014923096,5.878467082977295
0.0,-10.32725214958191,0.9997697472572327,,0.006148874992504716,20046,0.08457368612289429,0.01700754277408123,0.8124377727508545,0.625,2,16.757272417016793,1,1789088626.129259,0.2222222238779068,5,0.1721208691596985,5.422616481781006
0.0,-10.314097702503204,0.9997377991676331,,0.009726874995976686,20091,0.08456550538539886,0.01709076389670372,0.8123013377189636,0.625,2,16.826609250041656,1,1789088626.198598,0.2222222238779068,5,0.1719016283750534,5.117037773132324
0.0,-10.553975701332092,0.9997162222862244,,0.014637915999628603,20191,0.08454369753599167,0.01726214401423931,0.8120158314704895,0.625,2,16.89853220799705,1,1789088626.270522,0.2222222238779068,5,0.17589959502220154,4.443681716918945
0.0,-10.0909423828125,0.9998146891593933,,0.019642041996121407,20242,0.08452985435724258,0.017349962145090103,0.8118662238121033,0.625,2,16.972150000045076,1,1789088626.3441422,0.2222222238779068,5,0.168182373046875,4.086503982543945
0.0,-9.058184623718262,0.9996895790100098,,0.021338874998036772,20343,0.08450299501419067,0.017510874196887016,0.8115736246109009,0.625,2,17.041071167041082,1,1789088626.413064,0.2222222238779068,5,0.1509697437286377,3.287306070327759
0.0,-8.88397604227066,0.9993677735328674,,0.0021269170101732016,20391,0.0844917818903923,0.01757526770234108,0.8114547729492188,0.625,2,17.087763167044614,1,1789088626.459757,0.2222222238779068,5,0.14806626737117767,2.954859495162964
0.0,-9.112565517425537,0.9994445443153381,,0.0036617079749703407,20441,0.08447913825511932,0.01765124499797821,0.8113014101982117,0.625,2,17.155978000024334,1,1789088626.527974,0.2222222238779068,5,0.15187609195709229,2.484546422958374
0.0,-9.298595488071442,0.9990873336791992,,0.004729125008452684,20492,0.08446786552667618,0.01772419735789299,0.8111358880996704,0.625,2,17.224248500016984,1,1789088626.596246,0.2222222238779068,5,0.15497659146785736,1.9819661378860474
0.0,-8.920117020606995,0.9989081621170044,,0.011548541020601988,20592,0.08445269614458084,0.017837654799222946,0.8108640909194946,0.625,2,17.29713795799762,1,1789088626.6691358,0.2222222238779068,5,0.14866861701011658,1.2328171730041504
0.0,-7.316780537366867,0.9992080330848694,,0.01457391696749255,20641,0.08444828540086746,0.017893314361572266,0.8107147216796875,0.625,2,17.365934292029124,1,1789088626.737934,0.2222222238779068,5,0.12194634228944778,0.8822672367095947
0.0,-6.242024749517441,0.9995843768119812,,0.020599749987013638,20741,0.08444862812757492,0.017984556034207344,0.8104258179664612,0.625,2,17.437854167015757,1,1789088626.809856,0.2222222238779068,5,0.10403374582529068,0.10778238624334335
0.0,-5.158559828996658,0.9994908571243286,,0.0023375420132651925,20741,0.08444862812757492,0.017984556034207344,0.8104258179664612,0.625,2,17.485335750039667,1,1789088626.8573382,0.0,4,0.0859759971499443,0.10778238624334335
0.0,0.0,0.999531626701355,,0.00783737504389137,20841,0.08445584774017334,0.018050791695713997,0.8101786971092224,0.625,2,17.557185999990907,1,1789088626.92919,0.0,4,0.0771021917462349,-0.5185025930404663
0.0,0.0,0.9992660880088806,,0.014053333958145231,20891,0.08446229994297028,0.018081065267324448,0.8100480437278748,0.625,2,17.630748499999754,1,1789088627.002754,0.0,4,0.0724007785320282,-0.860140860080719
0.0,0.0,0.9992425441741943,,0.024527084024157375,20992,0.08447624742984772,0.018133725970983505,0.8098059892654419,0.625,2,17.70675404201029,1,1789088627.0787609,0.0,4,0.071104034781456,-1.485416293144226
0.0,0.0,0.9992226362228394,,0.007220583036541939,21041,0.08448261022567749,0.01815701089799404,0.8096926212310791,0.625,2,17.756116000004113,1,1789088627.128124,0.0,4,0.06881001591682434,-1.744598388671875
0.0,0.0,0.9993207454681396,,0.014919166977051646,21091,0.08448851108551025,0.01817902736365795,0.8095825910568237,0.625,2,17.830641333013773,1,1789088627.2026508,0.0,4,0.06420860439538956,-1.9364932775497437
0.0,-5.127208381891251,0.9993659853935242,,4.558300133794546e-05,21142,0.0844917967915535,0.01819690130650997,0.8094975352287292,0.625,2,17.882011000008788,1,1789088627.254022,0.0,4,0.08545347303152084,-2.037184000015259
0.0,-7.120646238327026,0.9993388056755066,,0.005397624976467341,21241,0.08449801802635193,0.018240073695778847,0.8092879056930542,0.625,2,17.954412500024773,1,1789088627.326425,0.2222222238779068,5,0.11867743730545044,-2.2802317142486572
0.0,-7.54361629486084,0.9997653365135193,,0.012276458030100912,21291,0.08449812233448029,0.018258975818753242,0.8092045783996582,0.625,2,18.02704062499106,1,1789088627.399055,0.2222222238779068,5,0.12572693824768066,-2.3202812671661377
0.0,-7.921875715255737,0.9997565150260925,,0.011761041008867323,21392,0.0844975933432579,0.01830347068607807,0.809015154838562,0.625,2,18.093049000017345,1,1789088627.465065,0.2222222238779068,5,0.13203126192092896,-2.418778657913208
0.0,-9.415083825588226,0.9997350573539734,,0.01653458399232477,21442,0.08449702709913254,0.018327627331018448,0.8089216947555542,0.625,2,18.164231958042365,1,1789088627.53625,0.2222222238779068,5,0.15691806375980377,-2.530486822128296
0.0,-10.209924280643463,0.9997768998146057,,0.020927874953486025,21492,0.08449742197990417,0.018353164196014404,0.8088188767433167,0.625,2,18.236401417001616,1,1789088627.6084201,0.2222222238779068,5,0.17016540467739105,-2.698087692260742
0.0,-10.213201940059662,0.9997864365577698,,0.024470250005833805,21591,0.08449683338403702,0.018404632806777954,0.8086330890655518,0.625,2,18.307018458028324,1,1789088627.679039,0.2222222238779068,5,0.1702200323343277,-3.141832113265991
0.0,-9.373934268951416,0.9996747970581055,,0.0034005410270765424,21642,0.08449558913707733,0.01843477599322796,0.8085438013076782,0.625,2,18.353941125038546,1,1789088627.725962,0.2222222238779068,5,0.15623223781585693,-3.4495644569396973
0.0,-9.187331199645996,0.9996026158332825,,0.009661916992627084,21691,0.08449447154998779,0.018462764099240303,0.8084628582000732,0.625,2,18.427708042028826,1,1789088627.799731,0.2222222238779068,5,0.1531221866607666,-3.763408899307251
0.0,-7.995485365390778,0.9989228844642639,,0.014781959005631506,21792,0.08449096977710724,0.018523240461945534,0.8082641959190369,0.625,2,18.500128792016767,1,1789088627.872153,0.2222222238779068,5,0.13325808942317963,-4.663053035736084
0.0,-8.196263909339905,0.9989237189292908,,0.022802666993811727,21842,0.08448745310306549,0.018552038818597794,0.8081673979759216,0.625,2,18.575696207990404,1,1789088627.947722,0.2222222238779068,5,0.1366043984889984,-5.019962787628174
0.0,-7.41960883140564,0.9973709583282471,,0.024124625022523105,21942,0.08448298275470734,0.01860322803258896,0.8079817295074463,0.625,2,18.644710958003998,1,1789088628.0167391,0.2222222238779068,5,0.123660147190094,-5.74220085144043
0.0,-7.666213810443878,0.9976099729537964,,0.005015417002141476,21993,0.08448243141174316,0.018627189099788666,0.8078904747962952,0.625,2,18.69011391699314,1,1789088628.062142,0.2222222238779068,5,0.12777023017406464,-6.151073932647705
0.0,-7.177678048610687,0.9967572093009949,,0.005951458995696157,22041,0.08448188751935959,0.018645811825990677,0.8078151345252991,0.625,2,18.757488708011806,1,1789088628.129519,0.2222222238779068,5,0.11962796747684479,-6.440916061401367
0.0,-6.543327569961548,0.998434841632843,,0.008585582952946424,22092,0.08448286354541779,0.018664322793483734,0.8077237010002136,0.625,2,18.826722333033103,1,1789088628.198754,0.2222222238779068,5,0.10905545949935913,-6.810522079467773
0.0,-6.043082624673843,0.9986332058906555,,0.0073317919741384685,22192,0.08448540419340134,0.018690796568989754,0.8075412511825562,0.625,2,18.894105792045593,1,1789088628.266138,0.0,4,0.10071804374456406,-7.483438491821289
0.0,-5.799224227666855,0.9981885552406311,,0.013398082985077053,22241,0.08448503911495209,0.018700193613767624,0.8074477910995483,0.625,2,18.965988792013377,1,1789088628.338023,0.0,4,0.09665373712778091,-7.708938121795654
0.0,-5.0855326652526855,0.9973281621932983,,0.014509083004668355,22292,0.0844840258359909,0.018708188086748123,0.8073519468307495,0.625,2,19.03278816700913,1,1789088628.404824,0.0,4,0.08475887775421143,-8.010540008544922
0.0,-5.1175108551979065,0.9927392601966858,,0.023137959011364728,22392,0.08448000997304916,0.018720373511314392,0.8071767687797546,0.625,2,19.109112167032436,1,1789088628.48115,0.0,4,0.08529184758663177,-8.610880851745605
0.0,-5.77261358499527,0.9864616990089417,,0.00033083301968872547,22441,0.08447635173797607,0.018726149573922157,0.8070899248123169,0.625,2,19.154236792004667,1,1789088628.526276,0.0,4,0.09621022641658783,-8.841740608215332
0.0,-5.323368608951569,0.9760693311691284,,0.004859166976530105,22491,0.08447299152612686,0.01873122714459896,0.8070138096809387,0.625,2,19.224808167025913,1,1789088628.596848,0.0,4,0.08872281014919281,-9.03472900390625
0.0,-5.371710509061813,0.9826148748397827,,0.010829584032762796,22591,0.08446894586086273,0.018744254484772682,0.8068456649780273,0.625,2,19.29666183301015,1,1789088628.668703,0.0,4,0.08952850848436356,-9.633310317993164
0.0,-5.6942832469940186,0.9734238982200623,,0.01720687502529472,22642,0.08446750789880753,0.018752019852399826,0.8067715764045715,0.625,2,19.369433832995128,1,1789088628.741477,0.0,4,0.09490472078323364,-9.840795516967773
0.0,0.0,0.9746895432472229,,0.016916749998927116,22692,0.08446943759918213,0.01876216009259224,0.8066858053207397,0.625,2,19.43732158304192,1,1789088628.809366,0.0,4,0.07789424061775208,-10.105892181396484
0.0,-5.098458677530289,0.9737319350242615,,0.019631333998404443,22791,0.08448082208633423,0.018786517903208733,0.8065264225006104,0.625,2,19.505483917018864,1,1789088628.87753,0.0,4,0.08497431129217148,-10.593785285949707
0.0,-5.887255668640137,0.9740259051322937,,0.0017473750049248338,22842,0.08448956161737442,0.01880129985511303,0.80644690990448,0.625,2,19.55307983304374,1,1789088628.925127,0.0,4,0.09812092781066895,-10.836003303527832
0.0,0.0,0.9832404255867004,,0.0030022080172784626,22892,0.08449952304363251,0.018814826384186745,0.8063762187957764,0.625,2,19.62134483299451,1,1789088628.993393,0.0,4,0.07690615206956863,-11.026966094970703
0.2,-5.281312465667725,0.9785009026527405,,0.0036530420184135437,22942,0.08451363444328308,0.01882997155189514,0.8062955737113953,0.375,1,19.689362875011284,1,1789088629.061413,0.0,4,0.08802187442779541,-11.226436614990234
0.0,-6.1003755033016205,0.9915685057640076,,0.009706165990792215,23042,0.08454076945781708,0.01885381154716015,0.8061650991439819,0.625,2,19.76287537504686,1,1789088629.134927,0.2222222238779068,5,0.10167292505502701,-11.544584274291992
0.0,-6.046140342950821,0.9895893931388855,,0.014804333040956408,23092,0.08465283364057541,0.0188476350158453,0.8060785531997681,0.625,2,19.833750167046674,1,1789088629.205803,0.0,4,0.10076900571584702,-11.671090126037598
0.0,-5.408374071121216,0.9887701272964478,,0.017194541986100376,23191,0.0864030048251152,0.01856194995343685,0.8058369755744934,0.625,2,19.90217787504662,1,1789088629.2742321,0.0,4,0.09013956785202026,-11.955953598022461
0.2,-7.215662598609924,0.9990461468696594,,0.02343116595875472,23241,0.08797929435968399,0.01828049123287201,0.8056735396385193,0.375,1,19.97667875001207,1,1789088629.348735,0.2222222238779068,5,0.1202610433101654,-12.11947250366211
0.0,-5.137171000242233,0.9936990737915039,,0.007479374995455146,23292,0.08924783021211624,0.01805100217461586,0.8054946660995483,0.625,2,20.02691620803671,1,1789088629.398973,0.0,4,0.08561951667070389,-12.246271133422852
0.0,-8.27524334192276,0.9891239404678345,,0.0034177909838035703,23392,0.09074056893587112,0.01779034174978733,0.8052234649658203,0.625,2,20.089710958010983,1,1789088629.4617689,0.2222222238779068,5,0.13792072236537933,-12.73706340789795
0.0,-6.409002095460892,0.9936937689781189,,0.008696875011082739,23442,0.09159073233604431,0.017641613259911537,0.8051365613937378,0.625,2,20.161869917006698,1,1789088629.53393,0.2222222238779068,5,0.10681670159101486,-12.919705390930176
0.2,-7.814143002033234,0.9965394735336304,,0.012619667046237737,23491,0.09324509650468826,0.017313294112682343,0.8050196766853333,0.375,1,20.232536875002552,1,1789088629.604598,0.2222222238779068,5,0.1302357167005539,-13.17851448059082
0.0,-6.587443649768829,0.9922326803207397,,0.018111207988113165,23591,0.09524983167648315,0.016934847459197044,0.8048233985900879,0.625,2,20.30415575002553,1,1789088629.676219,0.2222222238779068,5,0.10979072749614716,-13.771163940429688
0.2,-5.1753415167331696,0.9603330492973328,,0.019782124960329384,23641,0.09616847336292267,0.016752401366829872,0.8047459721565247,0.375,1,20.372420125000644,1,1789088629.7444851,0.0,4,0.08625569194555283,-14.05237865447998
0.0,-4.907158613204956,0.9620147347450256,,0.004980417026672512,23692,0.0975041463971138,0.01647983305156231,0.8046666979789734,0.625,2,20.422768916992936,1,1789088629.7948349,0.0,4,0.08178597688674927,-14.276144027709961
0.0,-5.441471189260483,0.9781070351600647,,0.011131167004350573,23791,0.10204344987869263,0.015497376210987568,0.8044304847717285,0.625,2,20.495200375036802,1,1789088629.867268,0.0,4,0.09069118648767471,-14.858560562133789
0.2,-4.993322789669037,0.9832558631896973,,0.014750834030564874,23841,0.10421653091907501,0.01503350306302309,0.804300844669342,0.375,1,20.566275375022087,1,1789088629.938344,0.0,4,0.08322204649448395,-15.096014022827148
0.2,-6.394740343093872,0.9813094735145569,,0.013438333000522107,23891,0.10649891942739487,0.014526395127177238,0.8041921854019165,0.375,1,20.63322054204764,1,1789088630.005291,0.2222222238779068,5,0.1065790057182312,-15.31916618347168
0.0,-6.537607312202454,0.99674391746521,,0.019637166988104582,23992,0.1104021966457367,0.013612587004899979,0.8040471076965332,0.625,2,20.70511170802638,1,1789088630.077183,0.2222222238779068,5,0.1089601218700409,-15.732940673828125
0.0,-6.746066361665726,0.9838612079620361,,0.002473625005222857,24043,0.11250563710927963,0.01311657764017582,0.8039817810058594,0.625,2,20.753587917017285,1,1789088630.125661,0.2222222238779068,5,0.11243443936109543,-15.975906372070312
0.0,-4.8238205909729,0.9938080906867981,,0.005413750011939555,24092,0.1157492846250534,0.012316836975514889,0.8038795590400696,0.625,2,20.823125542025082,1,1789088630.1952,0.0,4,0.08039700984954834,-16.187904357910156
0.2,-6.226089298725128,0.994175910949707,,0.00995441700797528,24191,0.1221134215593338,0.010696000419557095,0.8036832809448242,0.375,1,20.894354000047315,1,1789088630.26643,0.2222222238779068,5,0.10376815497875214,-16.576040267944336
0.2,0.0,0.9945843815803528,,0.011568750021979213,24242,0.12462708353996277,0.010064652189612389,0.8035957217216492,0.375,1,20.962827083014417,1,1789088630.334904,0.0,4,0.07490410655736923,-16.80780601501465
0.0,-6.620403081178665,0.9856864809989929,,0.012147667002864182,24291,0.12683270871639252,0.009510827250778675,0.8035514950752258,0.625,2,21.029601750022266,1,1789088630.4016798,0.2222222238779068,5,0.11034005135297775,-17.048015594482422
0.0,-5.622797906398773,0.984363853931427,,0.009806792018935084,24391,0.13305997848510742,0.007846553809940815,0.8035488128662109,0.625,2,21.09434729203349,1,1789088630.4664268,0.0,4,0.09371329843997955,-17.634613037109375
0.0,-7.994418740272522,0.9911013841629028,,0.017990624997764826,24441,0.13617056608200073,0.0070350863970816135,0.803557276725769,0.625,2,21.1705274170381,1,1789088630.542609,0.2222222238779068,5,0.13324031233787537,-17.776670455932617
0.0,-5.041523426771164,0.9970351457595825,,0.0018143749912269413,24492,0.14047791063785553,0.005851993337273598,0.8035919070243835,0.625,2,21.221537333040033,1,1789088630.59362,0.0,4,0.08402539044618607,-17.990678787231445
0.0,-6.158566474914551,0.9919620156288147,,0.008764415979385376,24592,0.14693684875965118,0.004054413642734289,0.8037034273147583,0.625,2,21.29455550003331,1,1789088630.6666398,0.2222222238779068,5,0.10264277458190918,-18.413532257080078
0.0,-5.215840190649033,0.9963036775588989,,0.007392916013486683,24642,0.1490352749824524,0.0034866139758378267,0.8037579655647278,0.625,2,21.360927250003442,1,1789088630.733013,0.0,4,0.08693066984415054,-18.577253341674805
0.0,0.0,0.9987809062004089,,0.013583708030637354,24692,0.15161824226379395,0.0027534777764230967,0.8038421273231506,0.625,2,21.43306545802625,1,1789088630.8051531,0.0,4,0.07379214465618134,-18.785877227783203
0.0,0.0,0.9987192153930664,,0.014975958969444036,24792,0.15579389035701752,0.0015699401265010238,0.8039979934692383,0.625,2,21.500310333038215,1,1789088630.872399,0.0,4,0.06856818497180939,-19.27676773071289
0.0,0.0,0.9947335720062256,,0.01975687500089407,24842,0.157796248793602,0.0010187923908233643,0.8040754795074463,0.625,2,21.57065283303382,1,1789088630.942743,0.0,4,0.05983364209532738,-19.545970916748047
0.0,0.0,0.9971840977668762,,0.002216625027358532,24892,0.15974776446819305,0.00047571846516802907,0.8041567802429199,0.625,2,21.62022895802511,1,1789088630.992321,0.0,4,0.057903073728084564,-19.78506088256836
0.2,0.0,0.9821464419364929,,0.0022402090253308415,24941,0.16147473454475403,8.130073183565401e-07,0.8042247295379639,0.375,1,21.687247542024124,1,1789088631.05934,0.0,4,0.05640607327222824,-19.913721084594727
0.0,0.0,0.946560263633728,,0.009889999986626208,25042,0.1652422994375229,-0.0010185751598328352,0.8043802380561829,0.625,2,21.763106124999467,1,1789088631.135201,0.0,4,0.0765458196401596,-20.1806640625
0.0,0.0,0.984904944896698,,0.00836691603763029,25092,0.16698968410491943,-0.0014903576811775565,0.8044377565383911,0.625,2,21.826939375023358,1,1789088631.199035,0.0,4,0.04231268912553787,-20.181833267211914
0.2,-4.9929530918598175,0.9519767761230469,,0.009329917025752366,25142,0.16930440068244934,-0.002154942136257887,0.8044727444648743,0.375,1,21.895324083045125,1,1789088631.267421,0.0,4,0.08321588486433029,-20.23747444152832
0.0,0.0,0.9987785220146179,,0.017232084006536752,25243,0.17548616230487823,-0.004023396410048008,0.8044013381004333,0.625,2,21.970698249991983,1,1789088631.342797,0.0,4,0.06589994579553604,-20.26776695251465
0.0,0.0,0.9906965494155884,,0.0006780410185456276,25292,0.17743875086307526,-0.0046273949556052685,0.804331362247467,0.625,2,22.02000204200158,1,1789088631.392102,0.0,4,0.04880945757031441,-20.260866165161133
0.0,-5.335121154785156,0.9821731448173523,,0.0017022909596562386,25342,0.17994867265224457,-0.005381631664931774,0.8041853308677673,0.625,2,22.086711125040893,1,1789088631.458812,0.0,4,0.08891868591308594,-20.268869400024414
0.2,0.0,0.9964459538459778,,0.007605915947351605,25442,0.18660575151443481,-0.007417535874992609,0.8036823272705078,0.375,1,22.159276082995348,1,1789088631.53138,0.0,4,0.07379275560379028,-20.380708694458008
0.0,-8.179495632648468,0.9937366247177124,,0.016044166986830533,25492,0.18905603885650635,-0.008182750083506107,0.8034369945526123,0.625,2,22.23416091699619,1,1789088631.606265,0.2222222238779068,5,0.1363249272108078,-20.45962905883789
0.0,0.0,0.9861733913421631,,0.024705582996830344,25592,0.19311672449111938,-0.00935174711048603,0.8031060099601746,0.625,2,22.3103485419997,1,1789088631.682455,0.0,4,0.07548306882381439,-20.64352035522461
0.0,-6.484401673078537,0.9929051995277405,,0.006776667025405914,25641,0.19637474417686462,-0.010301003232598305,0.8029422760009766,0.625,2,22.358746999991126,1,1789088631.730855,0.2222222238779068,5,0.10807336121797562,-20.76807403564453
0.2,0.0,0.9961214661598206,,0.013681624957825989,25691,0.2000446915626526,-0.011435982771217823,0.8027774095535278,0.375,1,22.430676167015918,1,1789088631.802785,0.0,4,0.06486493349075317,-20.882648468017578
0.2,-5.882013738155365,0.9769353866577148,,0.019229958998039365,25791,0.2048475295305252,-0.012851511128246784,0.8025221824645996,0.375,1,22.504114167008083,1,1789088631.876224,0.2222222238779068,5,0.09803356230258942,-21.119457244873047
0.2,-5.371245592832565,0.9766637682914734,,0.0007212089840322733,25841,0.20734107494354248,-0.013556264340877533,0.8024399280548096,0.375,1,22.55224500002805,1,1789088631.924356,0.0,4,0.08952075988054276,-21.254302978515625
0.2,0.0,0.9728004336357117,,0.007822291983757168,25891,0.2108207643032074,-0.014612789265811443,0.8023965358734131,0.375,1,22.626589167048223,1,1789088631.998703,0.0,4,0.050161950290203094,-21.36315155029297
0.0,0.0,0.9657647013664246,,0.008475916984025389,25942,0.21430936455726624,-0.015684690326452255,0.8023754954338074,0.625,2,22.693857000034768,1,1789088632.065971,0.0,4,0.04023715481162071,-21.485559463500977
0.0,0.0,0.961458683013916,,0.017798374989069998,26042,0.2235577404499054,-0.018650880083441734,0.8023969531059265,0.625,2,22.770415500039235,1,1789088632.142532,0.0,4,0.05128436163067818,-21.8326416015625
0.0,0.0,0.974227249622345,,0.021647624962497503,26092,0.2295810431241989,-0.02067386358976364,0.8024401068687439,0.625,2,22.840273792040534,1,1789088632.2123919,0.0,4,0.034458089619874954,-21.927589416503906
0.2,0.0,0.9547364115715027,,0.004401125013828278,26141,0.23361030220985413,-0.022004419937729836,0.8024793863296509,0.375,1,22.88953924999805,1,1789088632.2616582,0.0,4,0.033424969762563705,-22.051105499267578
0.0,0.0,0.9879960417747498,,0.010907416988629848,26241,0.24132195115089417,-0.024592475965619087,0.8026533126831055,0.625,2,22.96404941700166,1,1789088632.33617,0.0,4,0.03617685288190842,-22.23371696472168
0.2,0.0,0.7000344395637512,,0.020730249991174787,26293,0.24518080055713654,-0.02589692361652851,0.8028144836425781,0.375,1,23.039986666990444,1,1789088632.4121091,0.0,4,0.05845886841416359,-22.249128341674805
0.0,0.0,0.9886934161186218,,0.001037083042319864,26342,0.24795153737068176,-0.026775723323225975,0.8029124140739441,0.625,2,23.087105332990177,1,1789088632.4592278,0.0,4,0.029192201793193817,-22.2812442779541
0.0,0.0,0.9745954275131226,,0.002425874990876764,26443,0.25542697310447693,-0.029284993186593056,0.80306476354599,0.625,2,23.15454212500481,1,1789088632.526666,0.0,4,0.03205234929919243,-22.286575317382812
0.0,0.0,0.9707046151161194,,0.008623417001217604,26491,0.259077250957489,-0.030524512752890587,0.8030808568000793,0.625,2,23.226624792034272,1,1789088632.5987499,0.0,4,0.07811816781759262,-22.2858943939209
0.0,0.0,0.9949778914451599,,0.00963870802661404,26542,0.2627476155757904,-0.03174982964992523,0.8030776381492615,0.625,2,23.294414125033654,1,1789088632.666541,0.0,4,0.04346657171845436,-22.2874698638916
0.0,0.0,0.9972116351127625,,0.012423209031112492,26642,0.2692430317401886,-0.033933285623788834,0.8030930161476135,0.625,2,23.364460707991384,1,1789088632.736589,0.0,4,0.04111462086439133,-22.30335807800293
0.0,0.0,0.9874425530433655,,0.017436499998439103,26693,0.2720826268196106,-0.03486441820859909,0.8031221628189087,0.625,2,23.439935167029034,1,1789088632.8120651,0.0,4,0.05074722319841385,-22.30643653869629
0.0,0.0,0.9974945783615112,,0.019605749985203147,26792,0.27699482440948486,-0.03642965108156204,0.8032208681106567,0.625,2,23.505768417031504,1,1789088632.8779001,0.0,4,0.050847433507442474,-22.325220108032227
0.0,0.0,0.9975852966308594,,0.000618249992839992,26842,0.27942532300949097,-0.037202849984169006,0.8032824993133545,0.625,2,23.552887375000864,1,1789088632.92502,0.0,4,0.051094189286231995,-22.343353271484375
0.0,0.0,0.9826409220695496,,0.003942959010601044,26891,0.2815638482570648,-0.03787744790315628,0.8033515810966492,0.625,2,23.624896417022683,1,1789088632.997031,0.0,4,0.06319580972194672,-22.357784271240234
0.0,0.0,0.9839287996292114,,0.010101416963152587,26942,0.2834889888763428,-0.03846992179751396,0.8034124970436096,0.625,2,23.695847875031177,1,1789088633.0679839,0.0,4,0.06412975490093231,-22.342151641845703
0.0,0.0,0.9887296557426453,,0.016460875049233437,27041,0.28738415241241455,-0.03966045007109642,0.8035266399383545,0.625,2,23.767997750022914,1,1789088633.1401348,0.0,4,0.06347250193357468,-22.344547271728516
0.0,0.0,0.9830632209777832,,0.02261037495918572,27091,0.28931286931037903,-0.04024961218237877,0.8035873174667358,0.625,2,23.84088224999141,1,1789088633.213021,0.0,4,0.07045868784189224,-22.341909408569336
0.0,0.0,0.984423816204071,,0.003477332997135818,27142,0.2909163236618042,-0.04072338715195656,0.8036342859268188,0.625,2,23.888499042019248,1,1789088633.260639,0.0,4,0.06845826655626297,-22.336637496948242
0.0,0.0,0.9820080995559692,,0.004900792031548917,27242,0.29411765933036804,-0.04165595397353172,0.8037257194519043,0.625,2,23.957986416993663,1,1789088633.330128,0.0,4,0.06861157715320587,-22.324499130249023
0.0,0.0,0.9868861436843872,,0.008740040997508913,27291,0.2955743968486786,-0.042075928300619125,0.8037564158439636,0.625,2,24.027328708034474,1,1789088633.399471,0.0,4,0.06900247186422348,-22.3177433013916
0.0,0.0,0.9883826375007629,,0.006217624992132187,27341,0.29690560698509216,-0.04244674742221832,0.8037761449813843,0.625,2,24.091494625026826,1,1789088633.463639,0.0,4,0.07600000500679016,-22.31156349182129
0.0,0.0,0.9891490340232849,,0.01108399999793619,27442,0.2993592619895935,-0.0431014783680439,0.8038010001182556,0.625,2,24.16317908302881,1,1789088633.5353248,0.0,4,0.07283017784357071,-22.30596160888672
0.0,0.0,0.9895148277282715,,0.013184708950575441,27492,0.30069875717163086,-0.04345307871699333,0.803809642791748,0.625,2,24.232676832994912,1,1789088633.604824,0.0,4,0.0665542408823967,-22.295398712158203
0.0,0.0,0.9858313798904419,,0.018435125006362796,27591,0.3027525842189789,-0.043961673974990845,0.8038116097450256,0.625,2,24.3051375420182,1,1789088633.6772869,0.0,4,0.07629050314426422,-22.29532814025879
0.0,0.0,0.9839574098587036,,0.0009534169803373516,27642,0.30389416217803955,-0.04423421248793602,0.8037967085838318,0.625,2,24.35426395799732,1,1789088633.726414,0.0,4,0.07292097806930542,-22.29532241821289
0.0,0.0,0.9788631796836853,,0.003248249995522201,27691,0.30494824051856995,-0.04448726400732994,0.8037668466567993,0.625,2,24.42213466699468,1,1789088633.794286,0.0,4,0.07093499600887299,-22.29532814025879
0.0,0.0,0.9790506958961487,,0.007340790994931012,27742,0.3059152662754059,-0.044708456844091415,0.8037418127059937,0.625,2,24.494803208042867,1,1789088633.866956,0.0,4,0.06158458814024925,-22.29531478881836
0.0,0.0,0.9869596362113953,,0.013400916010141373,27841,0.3078590929508209,-0.04514031112194061,0.8036763072013855,0.625,2,24.565099583007395,1,1789088633.937254,0.0,4,0.04439364746212959,-22.29479217529297
0.0,0.0,0.985209047794342,,0.013931791007053107,27891,0.30884653329849243,-0.0453537255525589,0.8036314845085144,0.625,2,24.632714417006355,1,1789088634.00487,0.0,4,0.04371875151991844,-22.291488647460938
0.0,0.0,0.9802294969558716,,0.014026875025592744,27992,0.31057462096214294,-0.04571341350674629,0.8035346269607544,0.625,2,24.701580916997045,1,1789088634.073738,0.0,4,0.04051193222403526,-22.25151252746582
0.0,0.0,0.9740204811096191,,0.015612624993082136,28042,0.31148961186408997,-0.04589328169822693,0.8034763336181641,0.625,2,24.768225208041258,1,1789088634.140384,0.0,4,0.03384210541844368,-22.24563980102539
0.0,0.0,0.9746446013450623,,0.016316624998580664,28092,0.3123798370361328,-0.04607338458299637,0.8034070730209351,0.625,2,24.835109917039517,1,1789088634.20727,0.0,4,0.022990074008703232,-22.242919921875
0.0,0.0,0.98105388879776,,0.017014749988447875,28191,0.31401124596595764,-0.04639210179448128,0.8032737970352173,0.625,2,24.904072375036776,1,1789088634.276235,0.0,4,0.0202934592962265,-22.242921829223633
0.0,0.0,0.9843189120292664,,0.0208535420242697,28241,0.31485506892204285,-0.04655275493860245,0.8032041192054749,0.625,2,24.972397375036962,1,1789088634.3445609,0.0,4,0.016237705945968628,-22.244844436645508
0.2,0.0,0.9858239889144897,,0.002419582975562662,28292,0.3156970739364624,-0.04671410843729973,0.8031368255615234,0.375,1,25.021214458043687,1,1789088634.393379,0.0,4,0.01624595746397972,-22.247957229614258
0.0,0.0,0.9486860036849976,,0.005416749976575375,28342,0.3164925277233124,-0.04686698690056801,0.8030757308006287,0.625,2,25.09207537502516,1,1789088634.464242,0.0,4,0.036677777767181396,-22.251005172729492
0.2,0.0,0.9719936847686768,,0.012780166987795383,28442,0.3184773921966553,-0.047298938035964966,0.8029179573059082,0.375,1,25.16500174999237,1,1789088634.537169,0.0,4,0.025384243577718735,-22.250244140625
0.0,0.0,0.9579491019248962,,0.016077416017651558,28491,0.3198086619377136,-0.04764249920845032,0.8028149008750916,0.625,2,25.23682774999179,1,1789088634.608997,0.0,4,0.04641635715961456,-22.25049591064453
0.0,0.0,0.6612363457679749,,0.0005313330329954624,28642,0.3263050615787506,-0.049757055938243866,0.8022673726081848,0.625,2,25.34833962499397,1,1789088634.720511,0.0,4,0.013765163719654083,-22.130300521850586
0.2,0.0,0.8607008457183838,,0.007944916957058012,28791,0.3310120105743408,-0.05104577913880348,0.8018636703491211,0.375,1,25.5356252079946,1,1789088634.9078012,0.0,4,0.02113688550889492,-21.858352661132812
0.2,0.0,0.9275276064872742,,0.015673416026402265,28842,0.3324219882488251,-0.05149923264980316,0.8016701340675354,0.375,1,25.562900167016778,1,1789088634.9350772,0.0,4,0.012944459915161133,-21.95647430419922
0.2,0.0,0.9642011523246765,,0.01560387504287064,28891,0.33332133293151855,-0.051778800785541534,0.801517903804779,0.375,1,25.628988125012256,1,1789088635.001166,0.0,4,0.011616960167884827,-22.070852279663086
0.0,0.0,0.968847930431366,,0.017097125004511327,28991,0.33617347478866577,-0.0527663454413414,0.8012973666191101,0.625,2,25.697167042002548,1,1789088635.069346,0.0,4,0.010145838372409344,-22.259645462036133
0.0,0.0,0.9805530905723572,,0.019532125035766512,29042,0.3386831283569336,-0.053684938699007034,0.8012116551399231,0.625,2,25.76612995803589,1,1789088635.13831,0.0,4,0.013333930633962154,-22.31570816040039
0.0,0.0,0.7790810465812683,,0.02200833399547264,29092,0.34166082739830017,-0.05481093376874924,0.8011462688446045,0.625,2,25.83527854201384,1,1789088635.2074602,0.0,4,0.0077720931731164455,-22.334562301635742
0.2,0.0,0.9777006506919861,,0.007753415964543819,29142,0.34503963589668274,-0.05616170912981033,0.8011120557785034,0.375,1,25.886645291990135,1,1789088635.258828,0.0,4,0.009485444985330105,-22.31716537475586
0.0,0.0,0.9734102487564087,,0.016068207973148674,29242,0.3494320809841156,-0.0581098347902298,0.8011406064033508,0.625,2,25.960516833001748,1,1789088635.332701,0.0,4,0.0028353086672723293,-22.208524703979492
0.0,0.0,0.9599751830101013,,0.023172541987150908,29291,0.35102149844169617,-0.058868423104286194,0.8011928200721741,0.625,2,26.033611749997362,1,1789088635.405798,0.0,4,0.01718219555914402,-22.146827697753906
0.0,0.0,0.9173944592475891,,0.006236082990653813,29341,0.35277020931243896,-0.05964602530002594,0.8012269735336304,0.625,2,26.08256116701523,1,1789088635.454748,0.0,4,0.01817350462079048,-22.104299545288086
0.2,0.0,0.9506881833076477,,0.008568374963942915,29443,0.3574274480342865,-0.061734288930892944,0.8012564182281494,0.375,1,26.153494083031546,1,1789088635.525683,0.0,4,0.005811797920614481,-22.082693099975586
0.0,0.0,0.9893118739128113,,0.00307616702048108,29492,0.3588033616542816,-0.06245990842580795,0.8012570142745972,0.625,2,26.215272833011113,1,1789088635.587463,0.0,4,-0.0029038439970463514,-22.107257843017578
0.0,0.0,0.9191364049911499,,0.008153499977197498,29541,0.3597685396671295,-0.0629802718758583,0.8012738227844238,0.625,2,26.286997458024416,1,1789088635.659189,0.0,4,0.00698156887665391,-22.142141342163086
0.0,0.0,0.8456909656524658,,0.016177999961655587,29641,0.36360684037208557,-0.06473848968744278,0.8012787103652954,0.625,2,26.360894625016954,1,1789088635.733087,0.0,4,-0.010452535934746265,-22.22323226928711
0.0,0.0,0.8461806178092957,,0.023317249957472086,29692,0.365634024143219,-0.06571721285581589,0.8012683987617493,0.625,2,26.436043458001222,1,1789088635.808238,0.0,4,0.003670044941827655,-22.246898651123047
0.2,0.0,0.8788997530937195,,0.004912291013170034,29742,0.3667750656604767,-0.06634439527988434,0.8012576103210449,0.375,1,26.482901875046082,1,1789088635.855097,0.0,4,-0.009116503410041332,-22.253803253173828
0.2,0.0,0.9663609266281128,,0.012033291975967586,29841,0.3690453767776489,-0.06763622164726257,0.8012516498565674,0.375,1,26.557664500025567,1,1789088635.9298618,0.0,4,-4.1404273360967636e-05,-22.221837997436523
0.0,0.0,0.9075490236282349,,0.020094749983400106,29891,0.3699541985988617,-0.0681803748011589,0.8012552261352539,0.625,2,26.631287000025623,1,1789088636.003486,0.0,4,0.007241296116262674,-22.195524215698242
0.0,0.0,0.9876777529716492,,0.019871999975293875,29942,0.37131500244140625,-0.06891050189733505,0.8012545704841614,0.625,2,26.697376542026177,1,1789088636.069577,0.0,4,-0.015478999353945255,-22.153804779052734
0.0,0.0,0.986115574836731,,0.0011736670276150107,29991,0.37359297275543213,-0.06996440142393112,0.801222562789917,0.625,2,26.746781750000082,1,1789088636.118983,0.0,4,0.012882228940725327,-22.125001907348633
0.0,0.0,0.9218457937240601,,0.009386499994434416,30092,0.37858596444129944,-0.07228260487318039,0.801138162612915,0.625,2,26.820962292025797,1,1789088636.193165,0.0,4,0.03431389853358269,-22.102766036987305
0.0,0.0,0.9794687032699585,,0.014802582969423383,30142,0.3805656433105469,-0.073324054479599,0.8010945916175842,0.625,2,26.890678249998018,1,1789088636.2628832,0.0,4,0.00921128410845995,-22.10848617553711
0.0,0.0,0.9697693586349487,,0.0146244170027785,30241,0.3832940459251404,-0.07489360868930817,0.8011001348495483,0.625,2,26.96000829199329,1,1789088636.332214,0.0,4,-0.010306093841791153,-22.145885467529297
0.0,0.0,0.9643985033035278,,0.02254195901332423,30291,0.384216845035553,-0.07549813389778137,0.8011340498924255,0.625,2,27.03356375003932,1,1789088636.405771,0.0,4,0.006039327941834927,-22.16425323486328
0.0,0.0,0.97244793176651,,0.00565245799953118,30342,0.3848912715911865,-0.0760120078921318,0.8011721968650818,0.625,2,27.083506875031162,1,1789088636.4557161,0.0,4,-0.03087075985968113,-22.178314208984375
0.0,0.0,0.959135890007019,,0.009633417008444667,30441,0.38588252663612366,-0.07679678499698639,0.8012714982032776,0.625,2,27.15521041699685,1,1789088636.527421,0.0,4,-0.025626111775636673,-22.182697296142578
0.0,0.0,0.9284773468971252,,0.019565374997910112,30492,0.38664916157722473,-0.07730291783809662,0.8013365864753723,0.625,2,27.23055745800957,1,1789088636.602769,0.0,4,-0.058270685374736786,-22.173227310180664
0.0,0.0,0.99050372838974,,0.0035041250521317124,30542,0.38734203577041626,-0.07778520882129669,0.8014138340950012,0.625,2,27.278960458002985,1,1789088636.651173,0.0,4,-0.03260311856865883,-22.156936645507812
0.0,0.0,0.9758614897727966,,0.01118979201419279,30641,0.38852593302726746,-0.07865097373723984,0.8015796542167664,0.625,2,27.353451292030513,1,1789088636.725666,0.0,4,-0.06789857149124146,-22.1132755279541
0.0,0.0,0.9588047862052917,,0.012236791953910142,30692,0.3892063498497009,-0.07912240922451019,0.801662027835846,0.625,2,27.422489707998466,1,1789088636.7947059,0.0,4,-0.06657866388559341,-22.091876983642578
0.0,5.430257320404053,0.9863765835762024,,0.015031082963105291,30741,0.3897859752178192,-0.07955295592546463,0.8017417788505554,0.625,2,27.494003333034925,1,1789088636.866221,0.0,4,-0.09050428867340088,-22.085206985473633
0.0,6.120089292526245,0.9862436652183533,,0.00019895797595381737,30791,0.3902219831943512,-0.07990739494562149,0.8018068075180054,0.625,2,27.545082958007697,1,1789088636.917301,-0.2222222238779068,3,-0.10200148820877075,-22.07798194885254
0.0,8.406645655632019,0.95982825756073,,0.001627792022190988,30892,0.3910980522632599,-0.0806855857372284,0.8019631505012512,0.625,2,27.612399042001925,1,1789088636.984619,-0.2222222238779068,3,-0.14011076092720032,-22.087902069091797
0.0,8.817577064037323,0.9532911777496338,,0.011047083011362702,30942,0.39142975211143494,-0.08100801706314087,0.8020265102386475,0.625,2,27.68713504204061,1,1789088637.059356,-0.2222222238779068,3,-0.14695961773395538,-22.082368850708008
0.0,8.894334733486176,0.9646879434585571,,0.01265612500719726,31042,0.39198580384254456,-0.08165837079286575,0.8021493554115295,0.625,2,27.757534833042882,1,1789088637.129758,-0.2222222238779068,3,-0.1482389122247696,-21.93692398071289
0.0,9.725363552570343,0.9861173033714294,,0.02055404201382771,31091,0.3922165632247925,-0.08196241408586502,0.8021917939186096,0.625,2,27.832322625035886,1,1789088637.2045472,-0.2222222238779068,3,-0.16208939254283905,-21.7612361907959
0.0,10.786377489566803,0.989518940448761,,0.024136834021192044,31191,0.392582505941391,-0.08248703181743622,0.802251935005188,0.625,2,27.902481249999255,1,1789088637.274708,-0.2222222238779068,3,-0.17977295815944672,-21.236295700073242
0.0,10.934147536754608,0.9607073068618774,,0.010489167005289346,31242,0.39275816082954407,-0.08279252052307129,0.8022750616073608,0.625,2,27.953990750014782,1,1789088637.326218,-0.2222222238779068,3,-0.18223579227924347,-20.76217269897461
0.0,9.917434751987457,0.9234098792076111,,0.01756058301543817,31291,0.39288780093193054,-0.08302510529756546,0.8022929430007935,0.625,2,28.029217292030808,1,1789088637.4014459,-0.2222222238779068,3,-0.16529057919979095,-20.407041549682617
0.0,10.189370512962341,0.8715022206306458,,0.0219387499964796,31392,0.39314234256744385,-0.08354044705629349,0.8022993803024292,0.625,2,28.101050583005417,1,1789088637.473281,-0.2222222238779068,3,-0.1698228418827057,-19.441797256469727
0.0,10.810742676258087,0.9175081253051758,,0.021636584016960114,31442,0.3932325839996338,-0.0837472453713417,0.8023031949996948,0.625,2,28.166565917024855,1,1789088637.538798,-0.2222222238779068,3,-0.18017904460430145,-19.104366302490234
0.0,10.854790806770325,0.8910253643989563,,0.018321083043701947,31492,0.39332640171051025,-0.08398893475532532,0.8023019433021545,0.625,2,28.228733416995965,1,1789088637.600967,-0.2222222238779068,3,-0.18091318011283875,-18.702714920043945
0.0,10.194032192230225,0.8676851391792297,,0.00019883399363607168,31542,0.39341163635253906,-0.08422549813985825,0.8022923469543457,0.625,2,28.27939800004242,1,1789088637.651632,-0.2222222238779068,3,-0.1699005365371704,-18.307199478149414
0.0,10.027758479118347,0.8869508504867554,,0.0046739159733988345,31641,0.3935561776161194,-0.0846826434135437,0.8022496104240417,0.625,2,28.349732333037537,1,1789088637.7219682,-0.2222222238779068,3,-0.1671293079853058,-17.546066284179688
0.0,9.865082502365112,0.8559253811836243,,0.011620750010479242,31691,0.3936147391796112,-0.08490949124097824,0.8022143244743347,0.625,2,28.421555917011574,1,1789088637.793793,-0.2222222238779068,3,-0.1644180417060852,-17.168214797973633
0.0,9.55821543931961,0.8858227729797363,,0.019957332988269627,31742,0.39366650581359863,-0.08513563871383667,0.8021706938743591,0.625,2,28.495114708028268,1,1789088637.8673542,-0.2222222238779068,3,-0.15930359065532684,-16.770753860473633
0.0,10.493847727775574,0.9235146641731262,,0.0033927499898709357,31791,0.3937132656574249,-0.0853557139635086,0.8021202683448792,0.625,2,28.545238458027598,1,1789088637.9174778,-0.2222222238779068,3,-0.1748974621295929,-16.34976577758789
0.0,10.758489668369293,0.9514641165733337,,0.008390499977394938,31892,0.39379367232322693,-0.08579955995082855,0.8020051121711731,0.625,2,28.616641833039466,1,1789088637.988883,-0.2222222238779068,3,-0.17930816113948822,-15.464400291442871
0.0,10.438629984855652,0.9843382239341736,,0.013298832986038178,31941,0.39382073283195496,-0.08598464727401733,0.801954448223114,0.625,2,28.6895179169951,1,1789088638.0617611,-0.2222222238779068,3,-0.17397716641426086,-15.078154563903809
0.0,9.472937285900116,0.9803895354270935,,0.020648750010877848,32041,0.3938767910003662,-0.08640971779823303,0.8018377423286438,0.625,2,28.762301167007536,1,1789088638.1345458,-0.2222222238779068,3,-0.15788228809833527,-14.111991882324219
0.0,9.022074937820435,0.9873059988021851,,0.000727917009498924,32091,0.39390289783477783,-0.08662368357181549,0.8017873764038086,0.625,2,28.809661417035386,1,1789088638.181907,-0.2222222238779068,3,-0.15036791563034058,-13.65725040435791
0.0,8.857861161231995,0.9843636155128479,,0.004280042019672692,32142,0.3939223289489746,-0.0868019312620163,0.8017460107803345,0.625,2,28.882228250033222,1,1789088638.254475,-0.2222222238779068,3,-0.14763101935386658,-13.300209999084473
0.0,8.345321416854858,0.9831811785697937,,0.007269957975950092,32241,0.39395779371261597,-0.08718246966600418,0.8016518950462341,0.625,2,28.95060600002762,1,1789088638.322855,-0.2222222238779068,3,-0.1390886902809143,-12.542612075805664
0.0,8.59855055809021,0.9870930314064026,,0.010494125017430633,32291,0.3939729928970337,-0.08738088607788086,0.8016022443771362,0.625,2,29.018968917021994,1,1789088638.391219,-0.2222222238779068,3,-0.14330917596817017,-12.18308162689209
0.0,7.914310991764069,0.9854058027267456,,0.014810958004090935,32341,0.3939887583255768,-0.08758232742547989,0.801551878452301,0.625,2,29.089073458046187,1,1789088638.4613252,-0.2222222238779068,3,-0.1319051831960678,-11.806628227233887
-0.2,7.047169804573059,0.9866697788238525,,0.018105334020219743,32441,0.39401867985725403,-0.08797477930784225,0.80145663022995,0.875,3,29.158966167015024,1,1789088638.531219,-0.2222222238779068,3,-0.11745283007621765,-11.065159797668457
-0.2,7.619201838970184,0.9920841455459595,,0.022774041979573667,32492,0.39403092861175537,-0.08818238973617554,0.8014088273048401,0.875,3,29.230506666994188,1,1789088638.602761,-0.2222222238779068,3,-0.12698669731616974,-10.732585906982422
0.0,5.398690849542618,0.9987510442733765,,0.007372958993073553,32541,0.39401307702064514,-0.08834274858236313,0.8013675808906555,0.625,2,29.281207583029754,1,1789088638.6534631,0.0,4,-0.0899781808257103,-10.550850868225098
-0.2,7.113777548074722,0.995672881603241,,0.014420541003346443,32642,0.39250537753105164,-0.0884954109787941,0.8012024164199829,0.875,3,29.354631833033636,1,1789088638.726889,-0.2222222238779068,3,-0.1185629591345787,-9.906554222106934
-0.2,8.762695491313934,0.9954438209533691,,0.018370374978985637,32692,0.3905193507671356,-0.08833473175764084,0.8010687232017517,0.875,3,29.42652725003427,1,1789088638.7987862,-0.2222222238779068,3,-0.14604492485523224,-9.581926345825195
0.0,6.448757350444794,0.9965381622314453,,0.0019153330358676612,32742,0.3882282078266144,-0.08805707097053528,0.8008790016174316,0.625,2,29.47658020799281,1,1789088638.848841,-0.2222222238779068,3,-0.1074792891740799,-9.305258750915527
0.0,7.175509929656982,0.9927459359169006,,0.009808458969928324,32841,0.38453152775764465,-0.08760319650173187,0.8004933595657349,0.625,2,29.550671667035203,1,1789088638.922933,-0.2222222238779068,3,-0.11959183216094971,-8.722859382629395
-0.2,5.353149175643921,0.9845074415206909,,0.016051083977799863,32892,0.38151121139526367,-0.08720497041940689,0.8002288937568665,0.875,3,29.62390604201937,1,1789088638.9961689,0.0,4,-0.08921915292739868,-8.40346622467041
0.0,6.911444216966629,0.9964608550071716,,0.020542916958220303,32941,0.37844157218933105,-0.08673308044672012,0.7999703884124756,0.625,2,29.696147083013784,1,1789088639.0684118,-0.2222222238779068,3,-0.11519073694944382,-8.181930541992188
0.0,6.47975966334343,0.9988250136375427,,0.002235500025562942,32992,0.37573155760765076,-0.08626829087734222,0.7996878027915955,0.625,2,29.74473970802501,1,1789088639.117006,-0.2222222238779068,3,-0.10799599438905716,-7.871159076690674
-0.2,9.434249997138977,0.9956704378128052,,0.011211958015337586,33092,0.3718157112598419,-0.08569968491792679,0.7993397116661072,0.875,3,29.81993916700594,1,1789088639.1922061,-0.2222222238779068,3,-0.15723749995231628,-7.274453639984131
0.0,10.042245984077454,0.995750904083252,,0.020096292020753026,33141,0.36905986070632935,-0.08533614873886108,0.7991509437561035,0.625,2,29.89567800000077,1,1789088639.267947,-0.2222222238779068,3,-0.1673707664012909,-7.020809173583984
0.0,7.532933950424194,0.9985573887825012,,0.02078325004549697,33242,0.36377954483032227,-0.08457200974225998,0.7986586093902588,0.625,2,29.964343792002182,1,1789088639.336614,-0.2222222238779068,3,-0.12554889917373657,-6.404977321624756
0.0,8.15140575170517,0.9947941899299622,,0.0011206670315004885,33292,0.3608279824256897,-0.08422203361988068,0.7983493208885193,0.625,2,30.01009774999693,1,1789088639.382369,-0.2222222238779068,3,-0.1358567625284195,-6.164994239807129
0.0,9.406502544879913,0.9982336759567261,,0.008594082959461957,33342,0.35692358016967773,-0.08376864343881607,0.7980258464813232,0.625,2,30.083779250038788,1,1789088639.456052,-0.2222222238779068,3,-0.15677504241466522,-5.851009845733643
0.0,6.686844080686569,0.999305009841919,,0.011080832977313548,33442,0.3515106737613678,-0.08301617950201035,0.7975289821624756,0.625,2,30.153650958032813,1,1789088639.5259259,0.0,4,-0.11144740134477615,-5.264492511749268
0.0,7.892005741596222,0.9953200221061707,,0.006100208964198828,33491,0.3493037819862366,-0.08270367980003357,0.7973830103874207,0.625,2,30.2163983330247,1,1789088639.588674,-0.2222222238779068,3,-0.1315334290266037,-4.905986785888672
0.0,7.425023764371872,0.9926548004150391,,0.007041917007882148,33541,0.3473435342311859,-0.08246805518865585,0.7973473072052002,0.625,2,30.283242667035665,1,1789088639.65552,-0.2222222238779068,3,-0.12375039607286453,-4.667294979095459
0.0,6.506975144147873,0.9995208978652954,,0.008583958027884364,33641,0.34356415271759033,-0.08201345056295395,0.797493577003479,0.625,2,30.351645458023995,1,1789088639.723924,0.0,4,-0.10844958573579788,-3.8618128299713135
0.0,5.523868203163147,0.998060405254364,,0.012175541021861136,33691,0.3421577513217926,-0.08184991031885147,0.797643780708313,0.625,2,30.42251624999335,1,1789088639.794796,0.0,4,-0.09206447005271912,-3.4999539852142334
0.0,6.4316242933273315,0.9994396567344666,,0.018312166968826205,33741,0.3407309949398041,-0.08171702176332474,0.7978535294532776,0.625,2,30.495472000038717,1,1789088639.867754,0.0,4,-0.10719373822212219,-3.1412734985351562
0.0,5.683021545410156,0.9995139837265015,,0.021721959055867046,33842,0.33802464604377747,-0.0814954861998558,0.7983866930007935,0.625,2,30.565389750001486,1,1789088639.9376729,0.0,4,-0.09471702575683594,-2.4612081050872803
0.0,5.787387192249298,0.9964430928230286,,0.024398708017542958,33892,0.33695754408836365,-0.0814102292060852,0.7986862063407898,0.625,2,30.63490925001679,1,1789088640.007194,0.0,4,-0.09645645320415497,-2.1651313304901123
0.0,5.823109298944473,0.9988923668861389,,0.005987417011056095,33941,0.3359855115413666,-0.08134815096855164,0.7990124225616455,0.625,2,30.682451750035398,1,1789088640.0547378,0.0,4,-0.09705182164907455,-1.9209176301956177
0.0,5.757746547460556,0.998855710029602,,0.011062957986723632,34041,0.33419322967529297,-0.08126678317785263,0.7996925711631775,0.625,2,30.75299383304082,1,1789088640.125281,0.0,4,-0.09596244245767593,-1.4625747203826904
0.0,6.194105297327042,0.9966796636581421,,0.020226457971148193,34091,0.3334892690181732,-0.08124177157878876,0.800044059753418,0.625,2,30.828777125047054,1,1789088640.201066,0.0,4,-0.10323508828878403,-1.2424968481063843
0.0,7.041671723127365,0.997896671295166,,0.0007115829503163695,34141,0.33292484283447266,-0.08123093098402023,0.8003880977630615,0.625,2,30.875487750046887,1,1789088640.247778,-0.2222222238779068,3,-0.11736119538545609,-1.0305700302124023
0.0,7.300845086574554,0.9984795451164246,,0.0029848749982193112,34192,0.3323780596256256,-0.0812319740653038,0.8007455468177795,0.625,2,30.94363366701873,1,1789088640.315925,-0.2222222238779068,3,-0.12168075144290924,-0.7967188954353333
-0.2,8.065109252929688,0.997830331325531,,0.008588540949858725,34291,0.3316168487071991,-0.08126046508550644,0.8013731837272644,0.875,3,31.016611833008938,1,1789088640.388905,-0.2222222238779068,3,-0.13441848754882812,-0.24871879816055298
0.0,8.711617290973663,0.9995205402374268,,0.014476917043793947,34342,0.3313888609409332,-0.08128082007169724,0.801623523235321,0.625,2,31.088512582995463,1,1789088640.460808,-0.2222222238779068,3,-0.14519362151622772,-0.022785155102610588
0.0,6.690885275602341,0.9967791438102722,,0.01727066602325067,34441,0.33064016699790955,-0.08135060220956802,0.8021062612533569,0.625,2,31.157316875003744,1,1789088640.529613,-0.2222222238779068,3,-0.11151475459337234,0.63142329454422
0.0,9.978505969047546,0.9969287514686584,,0.020966875017620623,34491,0.32948407530784607,-0.081395223736763,0.8022506833076477,0.625,2,31.22861566703068,1,1789088640.600914,-0.2222222238779068,3,-0.1663084328174591,0.9597654342651367
0.0,6.561255007982254,0.9996610879898071,,0.0025764579768292606,34541,0.3279143273830414,-0.0814257338643074,0.8023412823677063,0.625,2,31.275774125009775,1,1789088640.648073,0.0,4,-0.10935425013303757,1.1936168670654297
0.0,9.909348785877228,0.9988806843757629,,0.005588459025602788,34591,0.3264528512954712,-0.08143555372953415,0.8023927807807922,0.625,2,31.345557833032217,1,1789088640.717858,-0.2222222238779068,3,-0.1651558130979538,1.5020174980163574
0.0,10.208681523799896,0.9990954399108887,,0.012538999959360808,34692,0.32519274950027466,-0.08144567161798477,0.8024682402610779,0.625,2,31.42015291703865,1,1789088640.792455,-0.2222222238779068,3,-0.1701446920633316,2.175325393676758
0.0,7.648696303367615,0.9992582201957703,,0.017835250007919967,34742,0.32478851079940796,-0.08146839588880539,0.8025066256523132,0.625,2,31.491112583025824,1,1789088640.863416,-0.2222222238779068,3,-0.12747827172279358,2.3902480602264404
0.0,9.176398515701294,0.9982765913009644,,0.0026829169946722686,34792,0.3243156671524048,-0.0814966931939125,0.802527666091919,0.625,2,31.542283833026886,1,1789088640.914588,-0.2222222238779068,3,-0.15293997526168823,2.7064504623413086
0.0,9.105015099048615,0.9984695315361023,,0.0011674159904941916,34892,0.32390016317367554,-0.08154837787151337,0.8025503158569336,0.625,2,31.60814795800252,1,1789088640.980454,-0.2222222238779068,3,-0.15175025165081024,3.4121458530426025
0.0,8.293041586875916,0.9970927238464355,,0.004126749990973622,34941,0.3235682547092438,-0.08159267902374268,0.8025472164154053,0.625,2,31.679281582997646,1,1789088641.051589,-0.2222222238779068,3,-0.13821735978126526,3.7666587829589844
0.0,7.426493167877197,0.9981877207756042,,0.011049708002246916,35042,0.3228578269481659,-0.08167368918657303,0.8025217652320862,0.625,2,31.751964042021427,1,1789088641.1242728,-0.2222222238779068,3,-0.12377488613128662,4.460697174072266
0.0,7.671327888965607,0.9949643611907959,,0.011072665976826102,35091,0.322537899017334,-0.08170951157808304,0.802497148513794,0.625,2,31.81866725004511,1,1789088641.190978,-0.2222222238779068,3,-0.12785546481609344,4.853036880493164
0.0,5.885951220989227,0.9977760910987854,,0.01383508398430422,35141,0.3221759796142578,-0.08175253123044968,0.8024659752845764,0.625,2,31.888929500011727,1,1789088641.2612412,0.0,4,-0.09809918701648712,5.253459930419922
0.0,5.922199934720993,0.9979329109191895,,0.014600624970626086,35241,0.32150158286094666,-0.08183541893959045,0.8023995161056519,0.625,2,31.957247208047193,1,1789088641.32956,0.0,4,-0.09870333224534988,5.947239875793457
0.0,4.868047088384628,0.9947478175163269,,0.022317417024169117,35292,0.32122549414634705,-0.08187205344438553,0.8023602962493896,0.625,2,32.03243179200217,1,1789088641.404747,0.0,4,-0.0811341181397438,6.278318405151367
0.0,0.0,0.9959865212440491,,0.0011676669819280505,35341,0.32098811864852905,-0.08190713077783585,0.8023186922073364,0.625,2,32.07900416699704,1,1789088641.4513202,0.0,4,-0.06917981058359146,6.63218355178833
0.0,0.0,0.9958779811859131,,0.0024169579846784472,35391,0.3207523822784424,-0.08194687217473984,0.8022751808166504,0.625,2,32.147041583026294,1,1789088641.5193589,0.0,4,-0.06279260665178299,6.964916706085205
0.0,0.0,0.9937025308609009,,0.020632083003874868,35492,0.3204229176044464,-0.08201590925455093,0.8022038340568542,0.625,2,32.22979900002247,1,1789088641.6021178,0.0,4,-0.058018773794174194,7.495667934417725
0.0,0.0,0.9907886385917664,,0.0036521669826470315,35542,0.3202957510948181,-0.08204712718725204,0.8021693229675293,0.625,2,32.27812666702084,1,1789088641.6504471,0.0,4,-0.06552692502737045,7.765133380889893
0.0,0.0,0.9928101301193237,,0.009855582960881293,35592,0.320168137550354,-0.08207915723323822,0.8021327257156372,0.625,2,32.35084008303238,1,1789088641.7231622,0.0,4,-0.07552746683359146,7.991189479827881
0.0,0.0,0.9963874816894531,,0.014737124962266535,35691,0.31997421383857727,-0.0821353942155838,0.8020444512367249,0.625,2,32.42346412502229,1,1789088641.795788,0.0,4,-0.07981528341770172,8.217477798461914
0.0,6.172143369913101,0.9975497126579285,,2.0082981791347265e-05,35741,0.31990858912467957,-0.08215824514627457,0.8020036220550537,0.625,2,32.474675333010964,1,1789088641.8470001,0.0,4,-0.10286905616521835,8.19107723236084
0.0,6.6816093027591705,0.9876970648765564,,0.007085542019922286,35791,0.3198416233062744,-0.08218202739953995,0.8019629716873169,0.625,2,32.54806350002764,1,1789088641.9203892,-0.2222222238779068,3,-0.11136015504598618,8.186386108398438
0.0,8.045203685760498,0.9887657165527344,,0.007514457975048572,35894,0.3197328746318817,-0.0822208970785141,0.8018943071365356,0.625,2,32.61511266703019,1,1789088641.98744,-0.2222222238779068,3,-0.1340867280960083,8.160109519958496
0.0,9.58188146352768,0.9966416358947754,,0.007299458025954664,35941,0.3197002708911896,-0.08223627507686615,0.8018558025360107,0.625,2,32.68256124999607,1,1789088642.05489,-0.2222222238779068,3,-0.159698024392128,8.176200866699219
0.0,10.564393401145935,0.9975661039352417,,0.011068374966271222,36042,0.31964927911758423,-0.08226823806762695,0.8017625212669373,0.625,2,32.7538639580016,1,1789088642.126194,-0.2222222238779068,3,-0.17607322335243225,8.371969223022461
0.0,10.675435066223145,0.9969497323036194,,0.016577125003095716,36091,0.31963083148002625,-0.08228451758623123,0.8017252683639526,0.625,2,32.82744125003228,1,1789088642.1997728,-0.2222222238779068,3,-0.17792391777038574,8.607991218566895
0.0,10.322780013084412,0.9974566102027893,,0.01353225001366809,36141,0.3196224272251129,-0.08229821920394897,0.8016967177391052,0.625,2,32.891331667022314,1,1789088642.263665,-0.2222222238779068,3,-0.17204633355140686,8.777091979980469
0.0,8.731948435306549,0.9951052665710449,,0.020656042033806443,36242,0.31962162256240845,-0.08233058452606201,0.8016189932823181,0.625,2,32.96494491701014,1,1789088642.33728,-0.2222222238779068,3,-0.14553247392177582,9.519065856933594
0.0,7.738099694252014,0.9908949136734009,,0.001202791987452656,36292,0.31962504982948303,-0.0823483094573021,0.8015726804733276,0.625,2,33.01074150000932,1,1789088642.3830771,-0.2222222238779068,3,-0.12896832823753357,9.970797538757324
0.0,7.510308623313904,0.9896880984306335,,0.009530833980534226,36342,0.3196336328983307,-0.0823664516210556,0.8015234470367432,0.625,2,33.08474316704087,1,1789088642.457081,-0.2222222238779068,3,-0.12517181038856506,10.43889331817627
0.0,7.727561295032501,0.9927664995193481,,0.014239166979677975,36442,0.31966128945350647,-0.08239757269620895,0.8014394044876099,0.625,2,33.15605016704649,1,1789088642.5283892,-0.2222222238779068,3,-0.1287926882505417,11.200940132141113
0.0,7.427633106708527,0.9921858310699463,,0.01941291702678427,36491,0.31967854499816895,-0.0824129730463028,0.8014037013053894,0.625,2,33.22815541701857,1,1789088642.600496,-0.2222222238779068,3,-0.12379388511180878,11.544382095336914
0.0,7.031967043876648,0.9927272796630859,,0.000713084009476006,36543,0.3196982443332672,-0.08242848515510559,0.8013660907745361,0.625,2,33.278102458047215,1,1789088642.650444,-0.2222222238779068,3,-0.11719945073127747,11.903875350952148
0.0,7.387182265520096,0.9936769604682922,,0.012131166993640363,36641,0.3197309970855713,-0.08244810998439789,0.8013066053390503,0.625,2,33.35431141703157,1,1789088642.726654,-0.2222222238779068,3,-0.12311970442533493,12.446038246154785
0.0,7.51014769077301,0.9918602108955383,,0.0173229580395855,36692,0.31975218653678894,-0.08245598524808884,0.8012702465057373,0.625,2,33.42601845803438,1,1789088642.798363,-0.2222222238779068,3,-0.12516912817955017,12.802029609680176
0.0,7.797907590866089,0.9961826205253601,,0.019527167023625225,36742,0.3197733163833618,-0.08246093988418579,0.801234781742096,0.625,2,33.4979406670318,1,1789088642.8702872,-0.2222222238779068,3,-0.12996512651443481,13.091270446777344
0.0,7.991275191307068,0.9963541030883789,,0.004837375017814338,36792,0.319795697927475,-0.08246369659900665,0.8011950254440308,0.625,2,33.54898566700285,1,1789088642.921333,-0.2222222238779068,3,-0.1331879198551178,13.418139457702637
0.0,7.161984890699387,0.9865565896034241,,0.009825541987083852,36892,0.3198358714580536,-0.08246661722660065,0.8011215329170227,0.625,2,33.61921804200392,1,1789088642.9915671,-0.2222222238779068,3,-0.11936641484498978,14.041540145874023
0.0,6.36102631688118,0.9512889981269836,,0.013565959001425654,36943,0.3198557198047638,-0.08246703445911407,0.8010871410369873,0.625,2,33.692044124996755,1,1789088643.064395,0.0,4,-0.106017105281353,14.386744499206543
0.0,5.326758027076721,0.9369512796401978,,0.01604729099199176,37041,0.31989359855651855,-0.08246617764234543,0.8010268211364746,0.625,2,33.75923787499778,1,1789088643.13159,0.0,4,-0.08877930045127869,14.949779510498047
0.0,0.0,0.967741072177887,,0.021289208030793816,37091,0.319917231798172,-0.08246517926454544,0.8009932041168213,0.625,2,33.83046387502691,1,1789088643.202817,0.0,4,-0.07710631191730499,15.305697441101074
0.0,0.0,0.9911612272262573,,0.020875291957054287,37142,0.31994348764419556,-0.08246465027332306,0.8009607791900635,0.625,2,33.898725417035166,1,1789088643.27108,0.0,4,-0.06855710595846176,15.621939659118652
0.0,0.0,0.9957784414291382,,0.002639582962729037,37192,0.31996825337409973,-0.08246515691280365,0.8009323477745056,0.625,2,33.94662216701545,1,1789088643.318978,0.0,4,-0.06250125914812088,15.855347633361816
0.0,0.0,0.9956561326980591,,0.007343083037994802,37293,0.32001686096191406,-0.0824708640575409,0.8008772134780884,0.625,2,34.017024750006385,1,1789088643.389382,0.0,4,-0.04412798956036568,16.29364585876465
0.0,0.0,0.9953688979148865,,0.010104041022714227,37341,0.3200434446334839,-0.08247663825750351,0.8008520603179932,0.625,2,34.088673208025284,1,1789088643.461032,0.0,4,-0.04513037949800491,16.532806396484375
0.0,0.0,0.9930670261383057,,0.013205749972257763,37441,0.3200872838497162,-0.08249067515134811,0.8008115291595459,0.625,2,34.15754258300876,1,1789088643.5299032,0.0,4,-0.054485857486724854,16.713987350463867
0.0,0.0,0.9787821173667908,,0.008631500008050352,37492,0.3201088011264801,-0.08249855786561966,0.8007920384407043,0.625,2,34.21792450000066,1,1789088643.590286,0.0,4,-0.06509824097156525,16.815631866455078
0.0,6.29241406917572,0.9790655374526978,,0.007327333034481853,37542,0.3201277256011963,-0.08250691741704941,0.8007766604423523,0.625,2,34.28512008301914,1,1789088643.657483,0.0,4,-0.10487356781959534,16.85186004638672
0.0,6.381777226924896,0.9890872240066528,,0.012893792008981109,37642,0.32015475630760193,-0.0825221985578537,0.8007556796073914,0.625,2,34.356658625009004,1,1789088643.729023,0.0,4,-0.1063629537820816,16.82602310180664
0.0,6.108165085315704,0.9963322281837463,,0.022090166981797665,37694,0.32016584277153015,-0.08252942562103271,0.8007463216781616,0.625,2,34.43128841702128,1,1789088643.803655,0.0,4,-0.1018027514219284,16.827312469482422
0.0,7.681116163730621,0.9970519542694092,,0.0013485830277204514,37743,0.3201749622821808,-0.08253513276576996,0.8007409572601318,0.625,2,34.479432000021916,1,1789088643.8518,-0.2222222238779068,3,-0.1280186027288437,16.859766006469727
0.0,8.686707615852356,0.9980091452598572,,0.009985791984945536,37792,0.3201824724674225,-0.0825386494398117,0.8007364273071289,0.625,2,34.5535128749907,1,1789088643.925882,-0.2222222238779068,3,-0.14477846026420593,16.936548233032227
0.0,8.23578268289566,0.9983910918235779,,0.015869082999415696,37891,0.32019472122192383,-0.08254130929708481,0.8007225394248962,0.625,2,34.626001917000394,1,1789088643.998373,-0.2222222238779068,3,-0.13726304471492767,17.280929565429688
0.0,8.987059593200684,0.9971495270729065,,0.000756791967432946,37942,0.3201994001865387,-0.08254074305295944,0.8007084727287292,0.625,2,34.676519125001505,1,1789088644.04889,-0.2222222238779068,3,-0.14978432655334473,17.56676483154297
0.0,7.448358982801437,0.9948627352714539,,0.00042883300920948386,37991,0.32020333409309387,-0.08253976702690125,0.8006966710090637,0.625,2,34.74522329203319,1,1789088644.1175969,-0.2222222238779068,3,-0.12413931638002396,17.865400314331055
0.0,9.025398194789886,0.9919424057006836,,0.002421375014819205,38092,0.3202122747898102,-0.08253718167543411,0.8006908297538757,0.625,2,34.81300966703566,1,1789088644.185384,-0.2222222238779068,3,-0.1504233032464981,18.432687759399414
0.0,7.166092246770859,0.9869351387023926,,0.010769125015940517,38141,0.32021740078926086,-0.08253606408834457,0.8006860017776489,0.625,2,34.88861454202561,1,1789088644.26099,-0.2222222238779068,3,-0.11943487077951431,18.6903018951416
0.0,0.0,0.9894630312919617,,0.014429957955144346,38242,0.3202330470085144,-0.08253482729196548,0.8006637096405029,0.625,2,34.95846300001722,1,1789088644.330841,0.0,4,-0.05762134864926338,19.312955856323242
0.0,0.0,0.9959439635276794,,0.015816374972928315,38291,0.3202440142631531,-0.08253541588783264,0.8006561994552612,0.625,2,35.02642554201884,1,1789088644.398805,0.0,4,-0.04941689595580101,19.648202896118164
0.2,0.0,0.9902808666229248,,0.019636709010228515,38342,0.32025763392448425,-0.08253736048936844,0.800654411315918,0.375,1,35.09741595800733,1,1789088644.4697962,0.0,4,-0.043212223798036575,19.944042205810547
0.0,0.0,0.9958651065826416,,0.001529333007056266,38391,0.3202722370624542,-0.08254054933786392,0.800652801990509,0.625,2,35.1450188329909,1,1789088644.517401,0.0,4,-0.035495560616254807,20.183380126953125
0.2,0.0,0.987277090549469,,0.00949791696621105,38491,0.3204818069934845,-0.08248542249202728,0.8006181716918945,0.375,1,35.220412333030254,1,1789088644.5927958,0.0,4,-0.03384442999958992,20.69980812072754
0.0,0.0,0.9888569712638855,,0.016033041989430785,38542,0.32116833329200745,-0.08227787166833878,0.8005536198616028,0.625,2,35.294038583000656,1,1789088644.666423,0.0,4,-0.03238062933087349,20.863338470458984
0.2,0.0,0.9862499237060547,,0.021369416965171695,38641,0.3236111104488373,-0.08145497739315033,0.8003478646278381,0.375,1,35.365215875033755,1,1789088644.737602,0.0,4,-0.03498179465532303,21.017986297607422
0.0,0.0,0.9888001680374146,,0.001720000000204891,38692,0.3247590661048889,-0.08108116686344147,0.8002483248710632,0.625,2,35.4126358749927,1,1789088644.785023,0.0,4,-0.04628888517618179,21.043315887451172
0.0,0.0,0.9892104864120483,,0.008786874997895211,38742,0.3269256055355072,-0.08031865209341049,0.8000929355621338,0.625,2,35.4851566250436,1,1789088644.857546,0.0,4,-0.03465457260608673,20.98678970336914
0.2,0.0,0.9874206185340881,,0.015808874974027276,38841,0.33056575059890747,-0.07900026440620422,0.7998921871185303,0.375,1,35.55870375002269,1,1789088644.931094,0.0,4,-0.0436561219394207,20.920124053955078
0.2,0.0,0.9893513321876526,,0.01588058302877471,38891,0.33166950941085815,-0.07859964668750763,0.7998652458190918,0.375,1,35.62516337499255,1,1789088644.997555,0.0,4,-0.06154461205005646,20.90421485900879
0.0,0.0,0.97877436876297,,5.4374977480620146e-05,38942,0.3332456648349762,-0.0780053585767746,0.7998484373092651,0.625,2,35.67610883299494,1,1789088645.048502,0.0,4,-0.04776319861412048,20.904508590698242
0.0,0.0,0.9949671626091003,,0.005474083998706192,38991,0.33480551838874817,-0.07743483036756516,0.7998451590538025,0.625,2,35.74957662500674,1,1789088645.121971,0.0,4,-0.03464633598923683,20.930309295654297
0.2,0.0,0.9753623604774475,,0.00808649999089539,39092,0.33963754773139954,-0.0757632851600647,0.7997356653213501,0.375,1,35.81809695804259,1,1789088645.1904929,0.0,4,-0.06910987943410873,21.025554656982422
0.2,0.0,0.9902955293655396,,0.005955957982223481,39143,0.3425549268722534,-0.0746932104229927,0.7996448874473572,0.375,1,35.881877750041895,1,1789088645.254275,0.0,4,-0.0716993436217308,21.079788208007812
0.0,0.0,0.9936423301696777,,0.011104999983217567,39191,0.3446207344532013,-0.07391301542520523,0.7995725274085999,0.625,2,35.95361808303278,1,1789088645.3260171,0.0,4,-0.04994681477546692,21.123523712158203
0.0,0.0,0.9961355924606323,,0.01605270802974701,39291,0.34895142912864685,-0.07237721979618073,0.7994617819786072,0.625,2,36.02625487500336,1,1789088645.398655,0.0,4,-0.049691732972860336,21.133926391601562
0.0,5.791514664888382,0.9929059743881226,,0.0005575420218519866,39341,0.35301485657691956,-0.07091926038265228,0.7993835806846619,0.625,2,36.07718720799312,1,1789088645.449589,0.0,4,-0.09652524441480637,21.09343910217285
0.0,6.0212454199790955,0.9902837872505188,,0.00808879197575152,39391,0.35643845796585083,-0.0696653425693512,0.7993451356887817,0.625,2,36.15332145802677,1,1789088645.525725,-0.2222222238779068,3,-0.10035409033298492,21.04355239868164
0.0,7.504567801952362,0.9888157844543457,,0.006248541991226375,39491,0.3615356683731079,-0.06773298978805542,0.7993695139884949,0.625,2,36.21716604201356,1,1789088645.589571,-0.2222222238779068,3,-0.12507613003253937,21.009103775024414
0.0,6.103529781103134,0.9862111210823059,,0.010770749999210238,39542,0.36375895142555237,-0.06689324975013733,0.7994282245635986,0.625,2,36.28711520804791,1,1789088645.659521,-0.2222222238779068,3,-0.1017254963517189,21.03230094909668
0.0,6.049489974975586,0.9894492626190186,,0.012278666021302342,39642,0.3674522638320923,-0.06547067314386368,0.7995828986167908,0.625,2,36.35708570800489,1,1789088645.729493,0.0,4,-0.10082483291625977,21.222774505615234
0.0,5.715500861406326,0.9925712943077087,,0.015559000021312386,39691,0.3687453866004944,-0.0649881511926651,0.799636721611023,0.625,2,36.42584425001405,1,1789088645.798254,0.0,4,-0.09525834769010544,21.39527130126953
0.0,0.0,0.9936220049858093,,0.01587412500521168,39742,0.37024861574172974,-0.06441951543092728,0.7997366786003113,0.625,2,36.49224183300976,1,1789088645.864652,0.0,4,-0.0754060298204422,21.669490814208984
0.2,0.0,0.9872451424598694,,0.020469415991101414,39842,0.3731541037559509,-0.06332305818796158,0.7999483942985535,0.375,1,36.565472582995426,1,1789088645.937885,0.0,4,-0.07066207379102707,22.25745391845703
0.2,0.0,0.9925682544708252,,0.004083124978933483,39892,0.3743962049484253,-0.06286205351352692,0.8000311851501465,0.375,1,36.61439845804125,1,1789088645.9868119,0.0,4,-0.043158479034900665,22.415861129760742
0.2,0.0,0.9963437914848328,,0.01067704102024436,39942,0.3757738173007965,-0.06233679875731468,0.8001475930213928,0.375,1,36.68688774999464,1,1789088646.0593019,0.0,4,-0.043657705187797546,22.718000411987305
0.0,0.0,0.9974615573883057,,0.012273749976884574,39991,0.37728455662727356,-0.06176697090268135,0.8002369403839111,0.625,2,36.756303083035164,1,1789088646.128719,0.0,4,-0.01674991101026535,22.891916275024414
0.0,0.0,0.9990448355674744,,0.019636666984297335,40091,0.3834943473339081,-0.05941874533891678,0.8003566861152649,0.625,2,36.83021791704232,1,1789088646.202636,0.0,4,-0.016469180583953857,23.11248207092285
0.0,0.0,0.9987444877624512,,0.02384570799767971,40142,0.3864007294178009,-0.058302611112594604,0.8003957271575928,0.625,2,36.90051450004103,1,1789088646.272934,0.0,4,-0.028128696605563164,23.111234664916992
0.2,0.0,0.9972001314163208,,0.0024367080186493695,40191,0.3899376690387726,-0.056899506598711014,0.800446093082428,0.375,1,36.94623037503334,1,1789088646.318651,0.0,4,-0.02870265766978264,23.084293365478516
0.2,0.0,0.9924924969673157,,0.007279916957486421,40291,0.3952042758464813,-0.054714981466531754,0.800628662109375,0.375,1,37.018186292028986,1,1789088646.3906078,0.0,4,-0.05348025634884834,22.944711685180664
0.0,0.0,0.9952386617660522,,0.014143541979137808,40341,0.3973388671875,-0.05382535979151726,0.8007493615150452,0.625,2,37.09263962501427,1,1789088646.4650629,0.0,4,-0.045877259224653244,22.88228416442871
0.0,0.0,0.9948337078094482,,0.01582820899784565,40442,0.40283676981925964,-0.051635656505823135,0.800895094871521,0.625,2,37.159637167002074,1,1789088646.532062,0.0,4,-0.050080422312021255,22.87209129333496
0.2,0.0,0.9884944558143616,,0.0014115829835645854,40492,0.40648674964904785,-0.05019081383943558,0.8009259700775146,0.375,1,37.21058808302041,1,1789088646.5830138,0.0,4,-0.05481947585940361,22.91985321044922
0.2,0.0,0.9955629110336304,,0.009371125022880733,40541,0.409999817609787,-0.048752471804618835,0.800938069820404,0.375,1,37.28699795802822,1,1789088646.659426,0.0,4,-0.02662329003214836,22.979650497436523
0.2,0.0,0.9984549283981323,,0.013013041985686868,40592,0.4125449061393738,-0.04769302159547806,0.800943911075592,0.375,1,37.357792625029106,1,1789088646.730222,0.0,4,-0.027764568105340004,23.04727554321289
0.0,0.0,0.9991509914398193,,0.016132541990373284,40691,0.41876184940338135,-0.04519280418753624,0.8008729219436646,0.625,2,37.426102542027365,1,1789088646.7985332,0.0,4,-0.02444102242588997,23.154178619384766
0.0,0.0,0.9922488927841187,,0.01723112497711554,40742,0.42377907037734985,-0.04317587614059448,0.8007662296295166,0.625,2,37.49386787501862,1,1789088646.8662999,0.0,4,-0.038869597017765045,23.172685623168945
0.2,0.0,0.9948996901512146,,3.1790987122803926e-05,40792,0.4286402761936188,-0.04120335727930069,0.8006759881973267,0.375,1,37.54515750001883,1,1789088646.917591,0.0,4,-0.03662796691060066,23.160951614379883
0.0,0.0,0.9986851811408997,,0.008618541993200779,40891,0.43633416295051575,-0.03803171589970589,0.800618588924408,0.625,2,37.619908249995206,1,1789088646.992343,0.0,4,-0.02339407429099083,23.078847885131836
0.2,0.0,0.9949266910552979,,0.015474332962185144,40941,0.44022175669670105,-0.03637273237109184,0.8006117343902588,0.375,1,37.69254550000187,1,1789088647.064982,0.0,4,-0.036580875515937805,23.026742935180664
0.2,0.0,0.9851247072219849,,0.024319291987922043,41041,0.4476550221443176,-0.03328124061226845,0.800536036491394,0.375,1,37.76914516702527,1,1789088647.1415832,0.0,4,-0.043021854013204575,22.96190071105957
0.2,0.0,0.9932818412780762,,0.0012125420034863055,41092,0.4505457580089569,-0.03207498416304588,0.80045086145401,0.375,1,37.81144345802022,1,1789088647.183882,0.0,4,-0.03565933555364609,22.957080841064453
0.2,0.0,0.9977262616157532,,0.002296958991792053,41142,0.4549229145050049,-0.030225930735468864,0.8002946972846985,0.375,1,37.88018841703888,1,1789088647.252629,0.0,4,-0.027530498802661896,22.967571258544922
0.0,0.0,0.9984221458435059,,0.009544749977067113,41191,0.4584154486656189,-0.028810059651732445,0.8001717329025269,0.625,2,37.953607417002786,1,1789088647.326049,0.0,4,-0.01684839092195034,22.986812591552734
0.2,0.0,0.9902361035346985,,0.012245874968357384,41292,0.4680373966693878,-0.024937065318226814,0.7999159693717957,0.375,1,38.02355166699272,1,1789088647.395995,0.0,4,-0.03830511122941971,23.03664207458496
0.2,0.0,0.9952831864356995,,0.01518950000172481,41343,0.4739139974117279,-0.022523993626236916,0.799832820892334,0.375,1,38.093055750010535,1,1789088647.4654999,0.0,4,-0.03293333947658539,23.057048797607422
0.0,0.0,0.9811490774154663,,0.00036333396565169096,41391,0.47842586040496826,-0.020643727853894234,0.7998207211494446,0.625,2,38.14442837500246,1,1789088647.516874,0.0,4,-0.04220122471451759,23.063617706298828
0.0,0.0,0.9822945594787598,,0.02099387504858896,41491,0.48702138662338257,-0.017050355672836304,0.7998975515365601,0.625,2,38.23297683300916,1,1789088647.605425,0.0,4,-0.035905733704566956,23.046796798706055
0.0,0.0,0.9895954728126526,,0.002053624950349331,41541,0.4927554130554199,-0.014682515524327755,0.7999351620674133,0.625,2,38.27975329203764,1,1789088647.652202,0.0,4,-0.039781562983989716,23.021121978759766
0.0,0.0,0.9981374740600586,,0.01111366698751226,41591,0.4976079761981964,-0.01265818439424038,0.7999412417411804,0.625,2,38.35459279199131,1,1789088647.7270432,0.0,4,-0.022725071758031845,22.993614196777344
0.0,0.0,0.994083821773529,,0.013195207982789725,41691,0.5040308237075806,-0.009902849793434143,0.7999222278594971,0.625,2,38.42377724999096,1,1789088647.7962291,0.0,4,-0.03854293003678322,22.95574378967285
0.2,0.0,0.9882999658584595,,0.014166417007800192,41742,0.5071352124214172,-0.008594732731580734,0.7999321222305298,0.375,1,38.493229792045895,1,1789088647.8656828,0.0,4,-0.034283652901649475,22.9351806640625
0.2,0.0,0.9914570450782776,,0.014816374983638525,41841,0.5122676491737366,-0.0064038969576358795,0.7999936938285828,0.375,1,38.559580333007034,1,1789088647.932035,0.0,4,-0.04372594505548477,22.932477951049805
0.0,0.0,0.9939543604850769,,0.01839024998480454,41891,0.5146764516830444,-0.005376472137868404,0.800038754940033,0.625,2,38.628811667033006,1,1789088648.001268,0.0,4,-0.020218756049871445,22.94455909729004
0.0,0.0,0.9785563945770264,,0.0017094590002670884,41942,0.5178163647651672,-0.004111746326088905,0.800066351890564,0.625,2,38.68026683299104,1,1789088648.052724,0.0,4,-0.03370426595211029,22.95822525024414
0.0,0.0,0.9773874878883362,,0.013044417020864785,41991,0.5212332606315613,-0.0027572389226406813,0.8000711798667908,0.625,2,38.756512916996144,1,1789088648.128972,0.0,4,-0.03898243606090546,22.96830940246582
0.0,0.0,0.9985861778259277,,0.018910416983999312,42092,0.5298019647598267,0.0007859963225200772,0.8000779151916504,0.625,2,38.82886300003156,1,1789088648.201324,0.0,4,-0.029988370835781097,22.978927612304688
0.0,0.0,0.9935621023178101,,0.0005927500315010548,42141,0.5327448844909668,0.002060878789052367,0.8000872135162354,0.625,2,38.8798363750102,1,1789088648.2522979,0.0,4,-0.036140475422143936,22.977436065673828
0.0,0.0,0.9958875775337219,,0.008588499971665442,42192,0.5349348187446594,0.0030049430206418037,0.8001092672348022,0.625,2,38.95400637504645,1,1789088648.32647,0.0,4,-0.04427731782197952,22.97165870666504
0.0,0.0,0.992928683757782,,0.017369541979860514,42291,0.539341151714325,0.0049347286112606525,0.8002052903175354,0.625,2,39.02863425004762,1,1789088648.401099,0.0,4,-0.042119722813367844,22.945587158203125
0.2,0.0,0.9899752736091614,,0.019160374999046326,42341,0.5409064888954163,0.00564327510073781,0.8002623915672302,0.375,1,39.09796870802529,1,1789088648.4704351,0.0,4,-0.03112979792058468,22.930479049682617
0.2,0.0,0.9707626104354858,,0.001500000013038516,42391,0.5422186255455017,0.006226498167961836,0.8003250360488892,0.375,1,39.145056750043295,1,1789088648.517524,0.0,4,-0.026560578495264053,22.918973922729492
0.2,0.0,0.9777571558952332,,0.004934083030093461,42491,0.5453494787216187,0.007595615461468697,0.8004705905914307,0.375,1,39.215512417024,1,1789088648.587981,0.0,4,-0.021242663264274597,22.90645408630371
0.0,0.0,0.9007576107978821,,0.011306874977890402,42541,0.5473482012748718,0.008417625911533833,0.8005216717720032,0.625,2,39.28796087502269,1,1789088648.6604311,0.0,4,-0.028451532125473022,22.907407760620117
0.2,0.0,0.9284222722053528,,0.014057707972824574,42641,0.5534370541572571,0.010856535285711288,0.8005418181419373,0.375,1,39.359184792032465,1,1789088648.731657,0.0,4,-0.024213723838329315,22.908611297607422
0.0,0.0,0.8290771245956421,,0.02102158300112933,42692,0.5574653744697571,0.012512327171862125,0.8005544543266296,0.625,2,39.43219483300345,1,1789088648.804668,0.0,4,-0.022096769884228706,22.911731719970703
0.0,0.0,0.9865275025367737,,0.0024379160022363067,42742,0.5611464381217957,0.014082308858633041,0.8005788922309875,0.625,2,39.47983120800927,1,1789088648.852306,0.0,4,-0.01666620559990406,22.912551879882812
0.0,0.0,0.9869270920753479,,0.008998625038657337,42791,0.5645802617073059,0.015548575669527054,0.8006072044372559,0.625,2,39.5546037920285,1,1789088648.92708,0.0,4,-0.015367794781923294,22.912118911743164
0.0,0.0,0.9308475255966187,,0.011172750033438206,42892,0.5708082318305969,0.01818997412919998,0.8006094098091125,0.625,2,39.62247020803625,1,1789088648.9949481,0.0,4,-0.033711016178131104,22.91065216064453
0.0,0.0,0.9487720727920532,,0.017305082990787923,42942,0.5738177299499512,0.019534694030880928,0.8005784153938293,0.625,2,39.69506895804079,1,1789088649.0675478,0.0,4,-0.013498876243829727,22.904891967773438
0.0,0.0,0.9919568300247192,,0.024130749981850386,43042,0.5775024890899658,0.0211978517472744,0.8005692958831787,0.625,2,39.769856541999616,1,1789088649.142337,0.0,4,0.004925096873193979,22.887548446655273
0.0,0.0,0.9777464866638184,,0.0031390840304084122,43092,0.578962504863739,0.021806294098496437,0.8005856275558472,0.625,2,39.814765083021484,1,1789088649.187247,0.0,4,0.003400854067876935,22.879919052124023
0.0,0.0,0.9926525354385376,,0.009860333986580372,43141,0.580732524394989,0.02257726714015007,0.8006091713905334,0.625,2,39.88764520804398,1,1789088649.260129,0.0,4,-0.010073519311845303,22.87203598022461
0.0,0.0,0.9883594512939453,,0.013446084049064666,43191,0.5821518301963806,0.023190025240182877,0.8006361126899719,0.625,2,39.957839417038485,1,1789088649.330324,0.0,4,0.0013985519763082266,22.867103576660156
0.0,0.0,0.9511851072311401,,0.02159149997169152,43291,0.5850745439529419,0.02439921163022518,0.8007004857063293,0.625,2,40.03204837499652,1,1789088649.404535,0.0,4,0.004446070175617933,22.863344192504883
0.0,0.0,0.9098309874534607,,0.0029755840077996254,43341,0.5866492986679077,0.025061164051294327,0.8007540106773376,0.625,2,40.0796885000309,1,1789088649.4521759,0.0,4,-0.004607636481523514,22.863239288330078
0.0,0.0,0.9494820833206177,,0.0048929579788818955,43391,0.5880264043807983,0.025647267699241638,0.8008132576942444,0.625,2,40.14907949999906,1,1789088649.521569,0.0,4,0.014852563850581646,22.863346099853516
0.0,0.0,0.9431688785552979,,0.0009674580069258809,43492,0.5905833840370178,0.02674238570034504,0.8009455800056458,0.625,2,40.21347362501547,1,1789088649.585964,0.0,4,0.01651936210691929,22.861865997314453
0.0,0.0,0.9687960147857666,,0.0036834590137004852,43542,0.5917670726776123,0.027261875569820404,0.8010120391845703,0.625,2,40.28180366702145,1,1789088649.654295,0.0,4,0.0153877642005682,22.858665466308594
0.0,0.0,0.9990227222442627,,0.012344042013864964,43592,0.5926998853683472,0.027680493891239166,0.8010668158531189,0.625,2,40.356580541993026,1,1789088649.729074,0.0,4,0.019581811502575874,22.84539031982422
0.0,0.0,0.9985957741737366,,0.01487691601505503,43691,0.594528317451477,0.028511609882116318,0.8011890053749084,0.625,2,40.42534025001805,1,1789088649.797835,0.0,4,0.03131141513586044,22.834829330444336
0.0,0.0,0.9949591159820557,,0.022352500003762543,43741,0.5953364968299866,0.028880704194307327,0.8012444376945496,0.625,2,40.50170762499329,1,1789088649.874204,0.0,4,0.05011919140815735,22.831758499145508
0.0,0.0,0.9817295670509338,,0.0016703750006854534,43791,0.5960593223571777,0.02921435981988907,0.8012961745262146,0.625,2,40.54717629199149,1,1789088649.9196742,0.0,4,0.05271654576063156,22.828704833984375
0.0,-5.8204856514930725,0.9699170589447021,,0.007293708040378988,43892,0.5973435044288635,0.029802408069372177,0.8013858795166016,0.625,2,40.61909920803737,1,1789088649.9915981,0.2222222238779068,5,0.09700809419155121,22.81650161743164
0.0,-6.07558473944664,0.9871110916137695,,0.012342707952484488,43942,0.5980742573738098,0.03013630025088787,0.801426112651825,0.625,2,40.68984000000637,1,1789088650.0623412,0.2222222238779068,5,0.101259745657444,22.816495895385742
0.0,-7.352121323347092,0.9833148717880249,,0.019673792005050927,44041,0.5991805195808411,0.030636362731456757,0.8014594912528992,0.625,2,40.76385270804167,1,1789088650.1363552,0.2222222238779068,5,0.1225353553891182,22.798141479492188
0.0,-7.2293490171432495,0.9803466796875,,0.004514958010986447,44092,0.5996567606925964,0.030848128721117973,0.8014759421348572,0.625,2,40.81522758299252,1,1789088650.187731,0.2222222238779068,5,0.12048915028572083,22.763839721679688
0.0,-7.736229300498962,0.9977049231529236,,0.00733995798509568,44142,0.6002098917961121,0.03109712339937687,0.8014898896217346,0.625,2,40.884705500036944,1,1789088650.25721,0.2222222238779068,5,0.12893715500831604,22.67013931274414
0.0,-9.727542400360107,0.9994018077850342,,0.008602457994129509,44191,0.600701093673706,0.03131888806819916,0.801497220993042,0.625,2,40.953781875025015,1,1789088650.326288,0.2222222238779068,5,0.16212570667266846,22.519445419311523
0.0,-10.507576167583466,0.9995204210281372,,0.017101957986596972,44291,0.6015865802764893,0.03172055259346962,0.8014922142028809,0.625,2,41.02972525003133,1,1789088650.4022331,0.2222222238779068,5,0.17512626945972443,22.05963897705078
0.0,-10.166014730930328,0.9994823932647705,,0.00260658300248906,44342,0.6020568013191223,0.031936850398778915,0.8014719486236572,0.625,2,41.081514583027456,1,1789088650.454023,0.2222222238779068,5,0.1694335788488388,21.690990447998047
0.0,-9.6603262424469,0.9991862177848816,,0.009715875028632581,44392,0.6024931073188782,0.03213971108198166,0.8014408946037292,0.625,2,41.15399529202841,1,1789088650.526506,0.2222222238779068,5,0.161005437374115,21.302309036254883
0.0,-10.44512003660202,0.9993404746055603,,0.01046362501801923,44491,0.6032459139823914,0.032495319843292236,0.8013842701911926,0.625,2,41.22308362502372,1,1789088650.595596,0.2222222238779068,5,0.174085333943367,20.591928482055664
0.0,-10.468113720417023,0.9992628693580627,,0.014414208009839058,44541,0.6036275625228882,0.03268064931035042,0.8013468384742737,0.625,2,41.29232262499863,1,1789088650.6648362,0.2222222238779068,5,0.17446856200695038,20.191041946411133
0.0,-9.49686348438263,0.9989687204360962,,0.01592399994842708,44642,0.6043803691864014,0.03305508568882942,0.8012604713439941,0.625,2,41.36002995801391,1,1789088650.732546,0.2222222238779068,5,0.15828105807304382,19.45903778076172
0.0,-9.706830382347107,0.9992940425872803,,0.0010983749525621533,44691,0.6046953797340393,0.03321371600031853,0.8012239933013916,0.625,2,41.41142783302348,1,1789088650.783944,0.2222222238779068,5,0.16178050637245178,19.18122673034668
0.0,-9.223326444625854,0.9979894161224365,,0.004064582986757159,44741,0.6050743460655212,0.03340734913945198,0.8011789917945862,0.625,2,41.48310075001791,1,1789088650.855618,0.2222222238779068,5,0.1537221074104309,18.805381774902344
-0.2,-7.854848206043243,0.9977703094482422,,0.009857041004579514,44791,0.6054084300994873,0.03357899561524391,0.8011438250541687,0.875,3,41.55512983299559,1,1789088650.927649,0.2222222238779068,5,0.1309141367673874,18.436996459960938
0.0,-8.668542802333832,0.9993777275085449,,0.01568270899588242,44892,0.6060884594917297,0.03392929211258888,0.8010736107826233,0.625,2,41.62885866704164,1,1789088651.0013802,0.2222222238779068,5,0.14447571337223053,17.606239318847656
0.0,-5.964943170547485,0.9896085858345032,,0.00030454201623797417,44942,0.6063560843467712,0.034082092344760895,0.8010273575782776,0.625,2,41.67906962503912,1,1789088651.051591,0.2222222238779068,5,0.09941571950912476,17.147891998291016
0.0,-7.372511923313141,0.9972973465919495,,0.0036783329560421407,44992,0.6062003374099731,0.03412801772356033,0.8009500503540039,0.625,2,41.74850874999538,1,1789088651.121032,0.2222222238779068,5,0.12287519872188568,16.708934783935547
0.0,-9.897986948490143,0.9968938827514648,,0.011063999962061644,45091,0.604351818561554,0.03375035896897316,0.8007020950317383,0.625,2,41.8222747920081,1,1789088651.1948001,0.2222222238779068,5,0.16496644914150238,15.946633338928223
0.0,-9.053687453269958,0.9978625178337097,,0.013583125022705644,45142,0.603363573551178,0.03348511457443237,0.8005234003067017,0.625,2,41.890585917048156,1,1789088651.2631118,0.2222222238779068,5,0.15089479088783264,15.493496894836426
0.0,-8.958120346069336,0.998843789100647,,0.01551325002219528,45241,0.6028774976730347,0.03341161459684372,0.8003119230270386,0.625,2,41.96186949999537,1,1789088651.3343968,0.2222222238779068,5,0.14930200576782227,14.8543701171875
0.0,-11.497238874435425,0.9973710775375366,,0.0012163750361651182,45291,0.6028058528900146,0.0334463007748127,0.8002616763114929,0.625,2,42.012896458036266,1,1789088651.3854249,0.2222222238779068,5,0.19162064790725708,14.620524406433105
0.0,-10.719732642173767,0.9976012110710144,,0.00498308299575001,45341,0.6027072072029114,0.03346746042370796,0.8002071380615234,0.625,2,42.08291125000687,1,1789088651.455442,0.2222222238779068,5,0.17866221070289612,14.329426765441895
0.0,-10.374763011932373,0.999405026435852,,0.013146915996912867,45393,0.6028658151626587,0.03356738016009331,0.8001742959022522,0.625,2,42.15696641703835,1,1789088651.5294988,0.2222222238779068,5,0.17291271686553955,14.017274856567383
0.0,-11.106415092945099,0.9993935823440552,,0.0074046250083483756,45491,0.6029611229896545,0.03375507891178131,0.8001384735107422,0.625,2,42.21929037501104,1,1789088651.5918238,0.2222222238779068,5,0.18510691821575165,13.399223327636719
0.0,-10.218859612941742,0.9993901252746582,,0.010871666017919779,45541,0.6029130220413208,0.033833205699920654,0.8001304864883423,0.625,2,42.28988108300837,1,1789088651.662416,0.2222222238779068,5,0.17031432688236237,12.985175132751465
0.0,-9.835529923439026,0.9993036985397339,,0.015898000041488558,45641,0.6029660701751709,0.03402668237686157,0.8001425862312317,0.625,2,42.361946624994744,1,1789088651.734483,0.2222222238779068,5,0.16392549872398376,11.971423149108887
0.0,-8.38852196931839,0.997917115688324,,0.020919417031109333,45691,0.6029058694839478,0.03409994766116142,0.8001511693000793,0.625,2,42.433627292048186,1,1789088651.806165,0.2222222238779068,5,0.13980869948863983,11.53258991241455
0.0,-8.57000470161438,0.9962412118911743,,0.021007833012845367,45742,0.6028498411178589,0.03418963402509689,0.8001742959022522,0.625,2,42.50038208300248,1,1789088651.872921,0.2222222238779068,5,0.142833411693573,10.975740432739258
0.0,-7.6272207498550415,0.9968330264091492,,0.0012156249722465873,45791,0.6028410196304321,0.034275420010089874,0.8001958727836609,0.625,2,42.54664337501163,1,1789088651.919184,0.2222222238779068,5,0.12712034583091736,10.548563003540039
0.0,-8.45635324716568,0.9988058805465698,,0.008118166006170213,45891,0.6029205918312073,0.03448906168341637,0.800260066986084,0.625,2,42.620817292016,1,1789088651.993359,0.2222222238779068,5,0.14093922078609467,9.896042823791504
0.0,-9.382361769676208,0.9994627833366394,,0.017271333024837077,45941,0.6029719710350037,0.034605611115694046,0.8003005981445312,0.625,2,42.69523791701067,1,1789088652.067782,0.2222222238779068,5,0.15637269616127014,9.637815475463867
0.0,-9.360660910606384,0.9997363686561584,,0.0008625829941593111,45992,0.6030665636062622,0.03473812714219093,0.800349771976471,0.625,2,42.74542783299694,1,1789088652.117972,0.2222222238779068,5,0.15601101517677307,9.33779525756836
0.0,-9.631233215332031,0.9998175501823425,,0.003817749966401607,46091,0.6033107042312622,0.03499377891421318,0.8004347085952759,0.625,2,42.81432445801329,1,1789088652.186871,0.2222222238779068,5,0.1605205535888672,8.733052253723145
0.0,-9.34881180524826,0.9998342990875244,,0.01221933402121067,46142,0.6034438610076904,0.03512860834598541,0.8004719018936157,0.625,2,42.89067166700261,1,1789088652.2632189,0.2222222238779068,5,0.155813530087471,8.39978313446045
0.0,-8.754500448703766,0.999691367149353,,0.018277249997481704,46242,0.6037387251853943,0.035386499017477036,0.8005391955375671,0.625,2,42.962510792014655,1,1789088652.33506,0.2222222238779068,5,0.14590834081172943,7.622197151184082
0.0,-9.134977161884308,0.9996757507324219,,0.0024419580004177988,46291,0.6038691997528076,0.03549250587821007,0.8005654215812683,0.625,2,43.01286479202099,1,1789088652.3854148,0.2222222238779068,5,0.15224961936473846,7.289431095123291
0.0,-8.665825724601746,0.9998117089271545,,0.00862354098353535,46342,0.6040345430374146,0.035622548311948776,0.8005976676940918,0.625,2,43.08691320801154,1,1789088652.459466,0.2222222238779068,5,0.14443042874336243,6.864593029022217
0.0,-8.14325898885727,0.9996719360351562,,0.0108703330042772,46392,0.6041844487190247,0.03573509678244591,0.8006248474121094,0.625,2,43.158648333046585,1,1789088652.531202,0.2222222238779068,5,0.13572098314762115,6.483643054962158
0.0,-7.698449492454529,0.9991999268531799,,0.01456141599919647,46492,0.6044939160346985,0.03594394028186798,0.8006693720817566,0.625,2,43.22666308301268,1,1789088652.599218,0.2222222238779068,5,0.1283074915409088,5.780651092529297
0.0,-7.953853905200958,0.9993545413017273,,0.022682667011395097,46541,0.6046561598777771,0.036043521016836166,0.8006867170333862,0.625,2,43.3011609580135,1,1789088652.673718,0.2222222238779068,5,0.1325642317533493,5.377882480621338
0.0,-8.112139105796814,0.9990590214729309,,0.002232624974567443,46591,0.604814887046814,0.03613549470901489,0.8006998300552368,0.625,2,43.348522583022714,1,1789088652.721081,0.2222222238779068,5,0.1352023184299469,4.985048294067383
0.0,-7.594187557697296,0.9986802935600281,,0.003658041008748114,46691,0.6051111817359924,0.03628826513886452,0.8007115125656128,0.625,2,43.41748979204567,1,1789088652.790049,0.2222222238779068,5,0.12656979262828827,4.313082695007324
0.0,-7.327145487070084,0.9988346695899963,,0.012791750021278858,46742,0.605282187461853,0.03636390343308449,0.8007121682167053,0.625,2,43.49197341699619,1,1789088652.864534,0.2222222238779068,5,0.12211909145116806,3.9622814655303955
0.0,-7.309285551309586,0.9991751313209534,,0.01649704104056582,46792,0.6054394245147705,0.03642755374312401,0.8007083535194397,0.625,2,43.56193683302263,1,1789088652.934499,0.2222222238779068,5,0.12182142585515976,3.579714775085449
0.0,-7.545331120491028,0.9994619488716125,,0.002016582991927862,46892,0.6057114601135254,0.036529865115880966,0.8006947040557861,0.625,2,43.613154708000366,1,1789088652.985718,0.2222222238779068,5,0.12575551867485046,2.8844261169433594
0.0,-7.662520408630371,0.9995335340499878,,0.005176167003810406,46941,0.60585618019104,0.0365784615278244,0.8006842732429504,0.625,2,43.68224404199282,1,1789088653.054809,0.2222222238779068,5,0.12770867347717285,2.549684524536133
0.0,-7.823469936847687,0.9996870756149292,,0.008500833995640278,46992,0.6059976816177368,0.03662170097231865,0.8006718158721924,0.625,2,43.752846457995474,1,1789088653.1254132,0.2222222238779068,5,0.1303911656141281,2.2099666595458984
0.0,-7.868421971797943,0.9997263550758362,,0.013915000017732382,47092,0.6062316298484802,0.03668965399265289,0.8006570935249329,0.625,2,43.826345500012394,1,1789088653.198913,0.2222222238779068,5,0.13114036619663239,1.6188321113586426
0.0,-8.051993250846863,0.9997162222862244,,0.016007542028091848,47142,0.6063596606254578,0.036724671721458435,0.8006548285484314,0.625,2,43.8949893329991,1,1789088653.2675588,0.2222222238779068,5,0.13419988751411438,1.3864439725875854
0.0,-8.688702285289764,0.9997367262840271,,0.0006416660035029054,47192,0.6064786911010742,0.036755725741386414,0.800645649433136,0.625,2,43.945152917003725,1,1789088653.3177228,0.2222222238779068,5,0.1448117047548294,1.0579397678375244
0.0,-9.271295070648193,0.9997879862785339,,0.004897708015050739,47292,0.6066991686820984,0.03681192919611931,0.8006153702735901,0.625,2,44.0164124169969,1,1789088653.3889852,0.2222222238779068,5,0.15452158451080322,0.3558880090713501
0.0,-9.336837530136108,0.9998140931129456,,0.007352625019848347,47342,0.6068019866943359,0.03683942183852196,0.8006032109260559,0.625,2,44.08755945804296,1,1789088653.460133,0.2222222238779068,5,0.1556139588356018,0.04432398080825806
0.0,-9.15132611989975,0.9997844099998474,,0.015987584018148482,47391,0.6068801879882812,0.03686167672276497,0.8005989789962769,0.625,2,44.16213883302407,1,1789088653.5347142,0.2222222238779068,5,0.15252210199832916,-0.15965063869953156
0.0,-8.60652208328247,0.9997472167015076,,0.016158665996044874,47491,0.6070542931556702,0.03691461682319641,0.8005825877189636,0.625,2,44.22849429200869,1,1789088653.6010711,0.2222222238779068,5,0.1434420347213745,-0.8789467215538025
0.0,-8.552128672599792,0.9997065663337708,,0.0014950409531593323,47542,0.6071566939353943,0.03694883733987808,0.8005629181861877,0.625,2,44.27955433301395,1,1789088653.652132,0.2222222238779068,5,0.1425354778766632,-1.323611855506897
0.0,-8.804586231708527,0.9996994733810425,,0.007886832987423986,47592,0.6072379946708679,0.03697805479168892,0.8005449771881104,0.625,2,44.352994042041246,1,1789088653.725573,0.2222222238779068,5,0.14674310386180878,-1.6651824712753296
0.0,-8.222464621067047,0.999739944934845,,0.01720291597303003,47692,0.6073852181434631,0.037032075226306915,0.800521731376648,0.625,2,44.42866108304588,1,1789088653.801242,0.2222222238779068,5,0.13704107701778412,-2.3139257431030273
-0.2,-7.5414204597473145,0.9996947050094604,,0.01357299997471273,47742,0.6074659824371338,0.03705967962741852,0.8005151152610779,0.875,3,44.49440200004028,1,1789088653.866984,0.2222222238779068,5,0.12569034099578857,-2.6713685989379883
-0.2,-6.770437806844711,0.9994377493858337,,0.01977070898283273,47842,0.6075952053070068,0.03710584342479706,0.8004968166351318,0.875,3,44.5667380830273,1,1789088653.939322,0.2222222238779068,5,0.11284063011407852,-3.2904419898986816
0.0,-5.073179751634598,0.996996283531189,,0.005540792015381157,47891,0.6074981689453125,0.03714019060134888,0.8004708290100098,0.625,2,44.618025417032186,1,1789088653.9906108,0.0,4,0.08455299586057663,-3.706886053085327
0.0,-6.441852003335953,0.9950681924819946,,0.007390916987787932,47942,0.6067355871200562,0.03721195459365845,0.8004106879234314,0.625,2,44.68814174999716,1,1789088654.060728,0.2222222238779068,5,0.10736420005559921,-4.109655380249023
0.0,-5.077165514230728,0.9994910955429077,,0.009837499994318932,47991,0.6048913598060608,0.03733650967478752,0.8003029227256775,0.625,2,44.755695458035916,1,1789088654.1282828,0.0,4,0.0846194252371788,-4.473905563354492
0.0,-5.930354297161102,0.999698281288147,,0.016251082997769117,48091,0.6011207103729248,0.03752340376377106,0.8000810742378235,0.625,2,44.82825133303413,1,1789088654.200841,0.0,4,0.09883923828601837,-5.146999359130859
-0.2,-5.820289850234985,0.9990828037261963,,0.00011783296940848231,48141,0.5997478365898132,0.03756311535835266,0.7999687790870667,0.875,3,44.879410958033986,1,1789088654.252001,0.0,4,0.09700483083724976,-5.480701923370361
0.0,-5.310147553682327,0.9992355108261108,,0.003416166000533849,48191,0.5987533926963806,0.03759998083114624,0.7998979687690735,0.625,2,44.94869741704315,1,1789088654.321289,0.0,4,0.08850245922803879,-5.743086814880371
0.0,-6.795109212398529,0.9982398748397827,,0.009312417008914053,48291,0.5967432260513306,0.03772449120879173,0.7997903823852539,0.625,2,45.02165520802373,1,1789088654.394249,0.2222222238779068,5,0.11325182020664215,-6.192716598510742
0.0,-8.148472309112549,0.9996548891067505,,0.01735029194969684,48345,0.5947971940040588,0.03787194937467575,0.7996924519538879,0.625,2,45.09672512504039,1,1789088654.4693198,0.2222222238779068,5,0.13580787181854248,-6.431943893432617
0.0,-9.538306295871735,0.9995312690734863,,0.022010334010701627,48442,0.5912106037139893,0.03816788271069527,0.7995516061782837,0.625,2,45.16933624999365,1,1789088654.541933,0.2222222238779068,5,0.15897177159786224,-6.788463592529297
0.0,-9.343526065349579,0.9998865127563477,,0.007134666026104242,48492,0.5901147723197937,0.03823607787489891,0.799505889415741,0.625,2,45.22045349999098,1,1789088654.593052,0.2222222238779068,5,0.15572543442249298,-6.9444169998168945
0.0,-9.347590506076813,0.9998387098312378,,0.012923875008709729,48542,0.5888231992721558,0.03831363096833229,0.7994722127914429,0.625,2,45.29220583301503,1,1789088654.6648052,0.2222222238779068,5,0.1557931751012802,-7.225895881652832
0.0,-8.808928728103638,0.9998704195022583,,0.02239358297083527,48642,0.5861756801605225,0.03851049765944481,0.7994900345802307,0.625,2,45.36789412499638,1,1789088654.7404952,0.2222222238779068,5,0.1468154788017273,-7.907402992248535
0.0,-8.924325406551361,0.9996746778488159,,0.004590416967403144,48692,0.5852232575416565,0.03858038783073425,0.7995134592056274,0.625,2,45.41910004202509,1,1789088654.791702,0.2222222238779068,5,0.14873875677585602,-8.220902442932129
0.0,-8.303439617156982,0.9992652535438538,,0.011815499980002642,48743,0.5841021537780762,0.038658298552036285,0.7995597720146179,0.625,2,45.492040167038795,1,1789088654.864644,0.2222222238779068,5,0.1383906602859497,-8.576376914978027
0.0,-5.851326584815979,0.9971972703933716,,0.015989708015695214,48841,0.5819204449653625,0.0388379842042923,0.7996771931648254,0.625,2,45.56194966699695,1,1789088654.9345548,0.0,4,0.09752210974693298,-9.349899291992188
0.0,-5.6655339896678925,0.9972155094146729,,0.001101791043765843,48892,0.5809858441352844,0.038917627185583115,0.7997307777404785,0.625,2,45.61296279204544,1,1789088654.985569,0.0,4,0.09442556649446487,-9.691617965698242
0.0,-5.055699795484543,0.9984709620475769,,0.0010967919952236116,48942,0.5799882411956787,0.03899747505784035,0.799811065196991,0.625,2,45.68190083303489,1,1789088655.054508,0.0,4,0.08426166325807571,-10.102948188781738
0.0,-4.917449355125427,0.9977883100509644,,0.006012250029016286,48992,0.5791443586349487,0.039065588265657425,0.7998857498168945,0.625,2,45.75349254201865,1,1789088655.126102,0.0,4,0.08195748925209045,-10.419483184814453
0.0,-5.896795392036438,0.9967514276504517,,0.014656250015832484,49091,0.5774941444396973,0.03920850157737732,0.8000535368919373,0.625,2,45.82740495802136,1,1789088655.2000158,0.0,4,0.0982799232006073,-11.07071590423584
0.0,-6.585586667060852,0.9972659349441528,,0.023542292008642107,49141,0.5768025517463684,0.039264339953660965,0.800131618976593,0.625,2,45.90222820802592,1,1789088655.274841,0.2222222238779068,5,0.10975977778434753,-11.312252044677734
0.0,-6.789845824241638,0.9929640293121338,,0.003947624994907528,49191,0.5761420726776123,0.03931553289294243,0.8002179265022278,0.625,2,45.948726125003304,1,1789088655.3213398,0.2222222238779068,5,0.11316409707069397,-11.558757781982422
0.0,-7.597327530384064,0.9967869520187378,,0.007948874961584806,49291,0.57514488697052,0.03939306363463402,0.8003496527671814,0.625,2,46.02196287503466,1,1789088655.394578,0.2222222238779068,5,0.12662212550640106,-11.900818824768066
0.0,-9.459856152534485,0.9963975548744202,,0.014049624965991825,49342,0.574638307094574,0.03942868113517761,0.8004317879676819,0.625,2,46.0961178750149,1,1789088655.468735,0.2222222238779068,5,0.15766426920890808,-12.085219383239746
0.0,-8.957294225692749,0.9967231154441833,,0.0002777079935185611,49392,0.574253261089325,0.039450813084840775,0.8005005717277527,0.625,2,46.14757037500385,1,1789088655.5201879,0.2222222238779068,5,0.14928823709487915,-12.267878532409668
0.0,-9.217072427272797,0.9926210641860962,,0.020797416975256056,49491,0.5735671520233154,0.039482083171606064,0.8006225824356079,0.625,2,46.233729458006565,1,1789088655.606349,0.2222222238779068,5,0.15361787378787994,-12.809187889099121
0.0,-8.172996640205383,0.992901086807251,,0.0026599999982863665,49542,0.573211133480072,0.03949115425348282,0.8006859421730042,0.625,2,46.283377667015884,1,1789088655.655998,0.2222222238779068,5,0.13621661067008972,-13.175854682922363
0.0,-8.256337344646454,0.9857704639434814,,0.0028422080213204026,49591,0.5729448795318604,0.03949136286973953,0.800726592540741,0.625,2,46.34916070802137,1,1789088655.721783,0.2222222238779068,5,0.13760562241077423,-13.506726264953613
0.0,-7.773257195949554,0.9719627499580383,,0.007694082974921912,49691,0.5725172758102417,0.039481207728385925,0.8007795810699463,0.625,2,46.42028833302902,1,1789088655.7929118,0.2222222238779068,5,0.12955428659915924,-14.222015380859375
0.0,-7.655065655708313,0.9560330510139465,,0.013922207988798618,49742,0.5723019242286682,0.039464522153139114,0.8008092045783997,0.625,2,46.49439929204527,1,1789088655.867025,0.2222222238779068,5,0.12758442759513855,-14.69853401184082
0.0,-6.2829601764678955,0.9769083261489868,,0.01590991602279246,49793,0.5721448659896851,0.03944490849971771,0.8008325695991516,0.625,2,46.5620533330366,1,1789088655.93468,0.2222222238779068,5,0.10471600294113159,-15.026309967041016
0.0,-4.984253793954849,0.947779655456543,,0.0007062500226311386,49841,0.5720179677009583,0.039424292743206024,0.800849199295044,0.625,2,46.61251470801653,1,1789088655.985142,0.0,4,0.08307089656591415,-15.31331729888916
0.0,0.0,0.8963284492492676,,0.008890708966646343,49941,0.5717939734458923,0.03936976566910744,0.8008617162704468,0.625,2,46.68804887501756,1,1789088656.060678,0.0,4,0.07246079295873642,-15.933956146240234
0.0,0.0,0.8296919465065002,,0.014833624998573214,50041,0.5716420412063599,0.0392993800342083,0.8008427619934082,0.625,2,46.76268629200058,1,1789088656.135317,0.0,4,0.0616556741297245,-16.514921188354492
0.0,0.0,0.9376220107078552,,0.013688084029126912,50091,0.5715891718864441,0.03927134722471237,0.8008266687393188,0.625,2,46.82898125000065,1,1789088656.201613,0.0,4,0.04102872312068939,-16.702598571777344
0.0,0.0,0.9020150899887085,,0.01799104199744761,50142,0.5715447068214417,0.03923259302973747,0.8008003830909729,0.625,2,46.90100054204231,1,1789088656.2736351,0.0,4,0.05524589121341705,-16.943431854248047
0.0,0.0,0.8901282548904419,,0.0007111249724403024,50192,0.571517288684845,0.039199113845825195,0.8007735013961792,0.625,2,46.9511941249948,1,1789088656.323829,0.0,4,0.045037202537059784,-17.149002075195312
0.0,0.0,0.9051563739776611,,0.0028672500047832727,50291,0.571489155292511,0.03913756087422371,0.8007224202156067,0.625,2,47.02248383301776,1,1789088656.3951201,0.0,4,0.06797605752944946,-17.466020584106445
0.0,0.0,0.9105498194694519,,0.00508516700938344,50342,0.5714903473854065,0.03910207748413086,0.800699770450592,0.625,2,47.09197766700527,1,1789088656.4646158,0.0,4,0.07961392402648926,-17.482027053833008
0.0,-7.392037957906723,0.9539352655410767,,0.006074917037039995,50392,0.5714953541755676,0.03907250612974167,0.8006841540336609,0.625,2,47.16269070800627,1,1789088656.535331,0.2222222238779068,5,0.12320063263177872,-17.48423957824707
0.0,-8.725284039974213,0.987052857875824,,0.008701707993168384,50491,0.5715128183364868,0.03901520371437073,0.8006528615951538,0.625,2,47.23481095803436,1,1789088656.607452,0.2222222238779068,5,0.14542140066623688,-17.521068572998047
0.0,-9.767003953456879,0.9786795377731323,,0.009937041031662375,50542,0.5715299248695374,0.03898527845740318,0.8006369471549988,0.625,2,47.30338587501319,1,1789088656.676028,0.2222222238779068,5,0.1627833992242813,-17.523893356323242
0.0,-10.96576452255249,0.9754741787910461,,0.011039417004212737,50641,0.5715725421905518,0.03892510384321213,0.8005943298339844,0.625,2,47.37165466701845,1,1789088656.744299,0.2222222238779068,5,0.1827627420425415,-17.662731170654297
0.0,-9.933944642543793,0.9871515035629272,,0.014795291994232684,50691,0.5715947151184082,0.038894589990377426,0.8005714416503906,0.625,2,47.442631375044584,1,1789088656.815277,0.2222222238779068,5,0.16556574404239655,-17.831480026245117
0.0,-10.809840559959412,0.9875211715698242,,0.016642583010252565,50742,0.5716204643249512,0.03886229544878006,0.8005542755126953,0.625,2,47.51070658303797,1,1789088656.883353,0.2222222238779068,5,0.18016400933265686,-18.05645179748535
0.0,-10.214365124702454,0.9865925908088684,,0.0011667920043691993,50793,0.5716464519500732,0.03882911801338196,0.8005402684211731,0.625,2,47.561449583037756,1,1789088656.934098,0.2222222238779068,5,0.1702394187450409,-18.370328903198242
0.0,-8.494255542755127,0.9740967750549316,,0.0047474580351263285,50891,0.571689784526825,0.038765281438827515,0.8005118370056152,0.625,2,47.6322134170332,1,1789088657.004863,0.2222222238779068,5,0.14157092571258545,-19.105501174926758
0.0,-7.0651330053806305,0.9354601502418518,,0.008611458004452288,50942,0.5717130303382874,0.038729678839445114,0.8004893064498901,0.625,2,47.70341083302628,1,1789088657.076062,0.2222222238779068,5,0.11775221675634384,-19.515586853027344
0.0,-5.632216036319733,0.8767218589782715,,0.013311250018887222,51041,0.571750819683075,0.038660213351249695,0.8004458546638489,0.625,2,47.7735022919951,1,1789088657.146155,0.2222222238779068,5,0.09387026727199554,-20.23862075805664
0.0,-5.202600806951523,0.9144840836524963,,0.01852841698564589,51092,0.5717682838439941,0.0386195033788681,0.8004307746887207,0.625,2,47.845337708014995,1,1789088657.2179918,0.0,4,0.08671001344919205,-20.64929962158203
0.0,0.0,0.9257104992866516,,0.0016686670132912695,51141,0.5717850923538208,0.038580480962991714,0.8004201054573059,0.625,2,47.89633733301889,1,1789088657.2689931,0.0,4,0.057813964784145355,-20.997291564941406
0.2,0.0,0.9317424893379211,,0.0073067909688688815,51192,0.5718029141426086,0.0385398305952549,0.8004113435745239,0.375,1,47.968281333043706,1,1789088657.340938,0.0,4,0.04315362870693207,-21.2976016998291
0.2,0.0,0.9207990169525146,,0.016065833973698318,51291,0.5718346238136292,0.038466379046440125,0.8003950715065002,0.375,1,48.04284645803273,1,1789088657.415505,0.0,4,0.06059415265917778,-21.784465789794922
0.0,0.0,0.9319807887077332,,0.01986020797630772,51342,0.5719203948974609,0.03840190917253494,0.8003779053688049,0.625,2,48.1127905829926,1,1789088657.485452,0.0,4,0.05925902724266052,-22.00452995300293
0.0,0.0,0.9821125268936157,,0.019801000016741455,51441,0.5740655064582825,0.037576526403427124,0.8002519607543945,0.625,2,48.18087766703684,1,1789088657.553539,0.0,4,0.07937560975551605,-22.378673553466797
0.0,0.0,0.9596972465515137,,0.016723416978493333,51492,0.5764209032058716,0.03669308125972748,0.8001533150672913,0.625,2,48.24397529201815,1,1789088657.616638,0.0,4,0.06369021534919739,-22.464561462402344
0.0,-4.89096075296402,0.9962210059165955,,0.01862808398436755,51541,0.5789388418197632,0.03570646792650223,0.8000602722167969,0.625,2,48.31406900001457,1,1789088657.686733,0.0,4,0.08151601254940033,-22.54484748840332
0.0,0.0,0.9483601450920105,,0.001085124968085438,51592,0.5809173583984375,0.034896645694971085,0.7999891638755798,0.625,2,48.361972958024126,1,1789088657.734638,0.0,4,0.06488694995641708,-22.563982009887695
0.0,0.0,0.9908221960067749,,0.008738125034142286,51691,0.5832471251487732,0.033885519951581955,0.7999724745750427,0.625,2,48.43744512501871,1,1789088657.810112,0.0,4,0.07779864966869354,-22.634309768676758
0.0,-7.004213780164719,0.9908707737922668,,0.016333375009708107,51741,0.5840116739273071,0.03353770822286606,0.7999869585037231,0.625,2,48.51069450000068,1,1789088657.883363,0.2222222238779068,5,0.11673689633607864,-22.635087966918945
0.0,-5.371871888637543,0.9638575911521912,,0.0012067920179106295,51792,0.5848438739776611,0.03314332291483879,0.800001859664917,0.625,2,48.56168870802503,1,1789088657.9343581,0.2222222238779068,5,0.08953119814395905,-22.67411231994629
0.0,-6.161606311798096,0.9542231559753418,,0.0011907080188393593,51893,0.5862430930137634,0.03249134495854378,0.8000264763832092,0.625,2,48.630895625043195,1,1789088658.0035672,0.2222222238779068,5,0.10269343852996826,-22.79212188720703
0.0,-6.096450537443161,0.9753394722938538,,0.003689875011332333,51941,0.586985170841217,0.032167740166187286,0.8000373244285583,0.625,2,48.69835637504002,1,1789088658.071029,0.2222222238779068,5,0.10160750895738602,-22.849933624267578
0.0,-6.031801700592041,0.9058910012245178,,0.006159083975944668,51991,0.5879095792770386,0.031762730330228806,0.8000531792640686,0.625,2,48.7670777500025,1,1789088658.139752,0.2222222238779068,5,0.10053002834320068,-22.966609954833984
0.0,-6.042072772979736,0.8527913093566895,,0.009513124998193234,52091,0.5896008610725403,0.031037401407957077,0.8000937700271606,0.625,2,48.8375994170201,1,1789088658.2102752,0.2222222238779068,5,0.1007012128829956,-23.2962646484375
0.0,0.0,0.9123406410217285,,0.014614292012993246,52142,0.5904277563095093,0.03068322129547596,0.8001224994659424,0.625,2,48.91068595799152,1,1789088658.283363,0.0,4,0.07989433407783508,-23.45130729675293
0.0,-4.957327991724014,0.9504700303077698,,0.0007064170204102993,52191,0.5912896990776062,0.03030296042561531,0.8001612424850464,0.625,2,48.96179316699272,1,1789088658.334471,0.0,4,0.08262213319540024,-23.644271850585938
0.0,-5.050441771745682,0.9725918769836426,,0.0048755419556982815,52292,0.5928940773010254,0.029576178640127182,0.8002508282661438,0.625,2,49.03230566700222,1,1789088658.4049852,0.0,4,0.0841740295290947,-24.155113220214844
0.0,0.0,0.9937390089035034,,0.013041541969869286,52342,0.5935989022254944,0.029251374304294586,0.8002951741218567,0.625,2,49.10868337500142,1,1789088658.481365,0.0,4,0.05427335575222969,-24.36275291442871
0.0,0.0,0.9914063215255737,,0.017156791989691556,52441,0.5949119925498962,0.028632845729589462,0.8003705739974976,0.625,2,49.17850516701583,1,1789088658.551188,0.0,4,0.05923447757959366,-24.764638900756836
0.0,0.0,0.9877034425735474,,0.0012004590244032443,52492,0.5954952239990234,0.028358617797493935,0.8004032969474792,0.625,2,49.22865958302282,1,1789088658.601343,0.0,4,0.021356115117669106,-24.980499267578125
0.0,0.0,0.9906746745109558,,0.006144459010101855,52542,0.5960269570350647,0.028111165389418602,0.8004346489906311,0.625,2,49.30012408300536,1,1789088658.67281,0.0,4,0.02868780680000782,-25.115819931030273
0.0,0.0,0.9908407926559448,,0.012810249987524003,52641,0.5969898104667664,0.027672886848449707,0.8004923462867737,0.625,2,49.3752075000084,1,1789088658.747894,0.0,4,0.028761276975274086,-25.303207397460938
0.0,0.0,0.9885100722312927,,0.013286625035107136,52692,0.5974690318107605,0.027464237064123154,0.8005214929580688,0.625,2,49.44096116704168,1,1789088658.81365,0.0,4,0.0383799783885479,-25.3039493560791
0.0,0.0,0.9856771230697632,,0.015771832957398146,52742,0.5979154109954834,0.027273308485746384,0.8005483150482178,0.625,2,49.510074833000544,1,1789088658.882765,0.0,4,0.03207046911120415,-25.34389305114746
0.0,0.0,0.9875746369361877,,0.016823292011395097,52846,0.5987861752510071,0.026916775852441788,0.8005960583686829,0.625,2,49.577379458001815,1,1789088658.950071,0.0,4,0.03938765451312065,-25.33708381652832
0.0,0.0,0.9904658794403076,,0.00040516600711271167,52891,0.5991954803466797,0.026756571605801582,0.8006156086921692,0.625,2,49.62928641703911,1,1789088659.0019789,0.0,4,0.03456852585077286,-25.333999633789062
0.0,0.0,0.9898743629455566,,0.0036693339934572577,52941,0.5995418429374695,0.02662726305425167,0.8006304502487183,0.625,2,49.69891462504165,1,1789088659.071609,0.0,4,0.036725904792547226,-25.298282623291016
0.0,0.0,0.9901738166809082,,0.010516415990423411,53041,0.6002940535545349,0.026354553177952766,0.8006550073623657,0.625,2,49.772692167025525,1,1789088659.1453881,0.0,4,0.04644201323390007,-25.319869995117188
0.0,0.0,0.9902468919754028,,0.014782957965508103,53091,0.6006503701210022,0.026231102645397186,0.8006616830825806,0.625,2,49.84355808299733,1,1789088659.216255,0.0,4,0.05237112194299698,-25.350622177124023
0.0,0.0,0.9871684312820435,,0.01738037500763312,53141,0.6010005474090576,0.02611134573817253,0.8006646037101746,0.625,2,49.91292962501757,1,1789088659.2856278,0.0,4,0.0564022921025753,-25.390470504760742
0.0,0.0,0.9882458448410034,,0.023810166982002556,53241,0.6016020178794861,0.025914862751960754,0.8006622791290283,0.625,2,49.98545216699131,1,1789088659.358152,0.0,4,0.05539977550506592,-25.45294761657715
,,,after-land,,60242,0.6218274235725403,0.020952628925442696,0.019891340285539627,,,57.01838750002207,,,,,,
