applied_lat_ms,applied_t,cmd_vx,cmd_yaw,conf,event,frame_age,frame_count,fw_ts,pitch,px,py,pz,roll,size,size_bucket,streak,t,t_proc,torn_frames,tracking,wall,x,x_bin,x_soft,yaw
36.54195897979662,11.588920207985211,0.0,0.0,0.13853193819522858,,0.032742708979640156,176,14550,0.0,5.889939144049228e-13,2.146621855964037e-12,0.8444482088088989,0.0,0.125,0,0,11.588882207986899,11.585121417010669,0,0,1789187534.650162,-0.8888888955116272,0,-0.048407167196273804,0.0
28.51258299779147,11.647849457978737,0.0,0.0,0.1318289339542389,,0.026829250040464103,177,14597,0.0,5.956582883187567e-13,2.1706215384137417e-12,0.8428001403808594,0.0,0.125,0,0,11.647834707982838,11.646166292019188,0,0,1789187534.7091122,-0.8888888955116272,0,-0.05622405558824539,0.0
9.216542006470263,11.694325375021435,0.0,0.0,0.1301301121711731,,0.00795662502059713,178,14648,0.0,6.016508905665185e-13,2.1922346750413713e-12,0.8413699865341187,0.0,0.125,0,0,11.694307708006818,11.69306558300741,0,0,1789187534.755584,-0.8888888955116272,0,-0.03490953892469406,0.0
15.7185000134632,11.767188582976814,0.0,0.0,0.1305391490459442,,0.014462790975812823,179,14749,0.0,6.171437059304674e-13,2.248213767930274e-12,0.8381431102752686,0.0,0.125,0,0,11.767175582994241,11.765932957991026,0,0,1789187534.828452,-0.8888888955116272,0,-0.02527877688407898,0.0
22.373834042809904,11.841613750031684,0.0,0.0,0.1452358514070511,,0.02103316702414304,180,14797,0.0,6.236624714925365e-13,2.2718305101726566e-12,0.8369385004043579,0.0,0.125,0,0,11.84159962501144,11.840273250010796,0,0,1789187534.902876,-0.8888888955116272,0,-0.04280085116624832,0.0
3.8256669649854302,11.890094958012924,0.0,0.0,0.1491849273443222,,0.0027108750073239207,181,14847,0.0,6.313633968933752e-13,2.299764762306311e-12,0.8356831669807434,0.0,0.125,0,0,11.890081249992363,11.888980208022986,0,0,1789187534.951357,-0.8888888955116272,0,-0.060899749398231506,0.0
6.956916011404246,11.958487333031371,0.0,0.0,0.1581311821937561,,0.005454583035316318,182,14897,0.0,6.394160374789681e-13,2.329019572686053e-12,0.8345395922660828,0.0,0.125,0,0,11.958471917023417,11.956985125027131,0,0,1789187535.0197482,-0.8888888955116272,0,-0.05100284516811371,0.0
10.071791999507695,12.027823375014123,0.0,0.0,0.16472722589969635,,0.008694707998074591,183,14998,0.0,6.556039348556975e-13,2.3879975687840505e-12,0.8326593041419983,0.0,0.125,0,0,12.027810583007522,12.026446458010469,0,0,1789187535.089086,-0.8888888955116272,0,-0.05039854347705841,0.0
8.203041972592473,12.094154875027016,0.0,0.0,0.1699819713830948,,0.007204332971014082,184,15052,0.0,6.642065369932837e-13,2.419435528658309e-12,0.831846296787262,0.0,0.125,0,0,12.094141874986235,12.093156207993161,0,0,1789187535.1554172,-0.8888888955116272,0,-0.041352152824401855,0.0
15.934125054627657,12.168996458000038,0.0,0.0,0.1796818971633911,,0.014644417038653046,185,15098,0.0,6.707769105787631e-13,2.4434991790361904e-12,0.8312831521034241,0.0,0.125,0,0,12.16898354201112,12.167706875014119,0,0,1789187535.230259,-0.8888888955116272,0,-0.03370068222284317,0.0
20.089334051590413,12.240708417026326,0.0,0.0,0.18364538252353668,,0.018058625049889088,186,15199,0.0,6.876807066499846e-13,2.505540696792763e-12,0.8301646709442139,0.0,0.125,0,0,12.240696666995063,12.238677958026528,0,0,1789187535.301972,-0.8888888955116272,0,-0.03603591024875641,0.0
4.195709014311433,12.29101837502094,0.0,0.0,0.19968649744987488,,0.00310195900965482,187,15247,0.0,6.961035480673727e-13,2.536563190394525e-12,0.8296943306922913,0.0,0.125,0,0,12.291000708006322,12.289924792014062,0,0,1789187535.352276,-0.8888888955116272,0,-0.042727887630462646,0.0
7.822624989785254,12.360881375032477,0.0,0.0,0.20784467458724976,,0.006764833000488579,188,15297,0.0,7.048775083583203e-13,2.5689279262858244e-12,0.829285740852356,0.0,0.125,0,0,12.360867791983765,12.359823708015028,0,0,1789187535.422143,-0.8888888955116272,0,-0.033995166420936584,0.0
10.068333009257913,12.42899149999721,0.0,0.0,0.209767684340477,,0.008630500000435859,189,15348,0.0,7.120914101432785e-13,2.5956144785593827e-12,0.8289628028869629,0.0,0.125,0,0,12.428978041978553,12.427553792018443,0,0,1789187535.490253,-0.8888888955116272,0,-0.029249683022499084,0.0
16.765959037002176,12.502072083007079,0.0,0.0,0.20873799920082092,,0.015680250013247132,190,15451,0.0,7.309157619428408e-13,2.665402620838364e-12,0.82832270860672,0.0,0.125,0,0,12.502058291982394,12.500986583007034,0,0,1789187535.563333,-0.8888888955116272,0,-0.027072660624980927,0.0
25.93704196624458,12.578519832983147,0.0,0.0,0.20383723080158234,,0.024374999979045242,191,15497,0.0,7.400304869766006e-13,2.699290443941571e-12,0.8280767202377319,0.0,0.125,0,0,12.578506708028726,12.576957874989603,0,0,1789187535.6397812,-0.8888888955116272,0,-0.02845504879951477,0.0
9.866874956060201,12.62771483301185,0.0,0.0,0.20928867161273956,,0.00864279200322926,192,15549,0.0,7.483878425827706e-13,2.7304374039527346e-12,0.8278707265853882,0.0,0.125,0,0,12.62770150002325,12.626490792026743,0,0,1789187535.6889758,-0.8888888955116272,0,-0.024293959140777588,0.0
12.794709007721394,12.6972375420155,0.0,0.0,0.21436038613319397,,0.01151429204037413,193,15647,0.0,7.65518453748476e-13,2.794455855950617e-12,0.8275051712989807,0.0,0.125,0,0,12.697224250005092,12.695957250020001,0,0,1789187535.7584991,-0.8888888955116272,0,-0.030887097120285034,0.0
13.407459016889334,12.76372225000523,0.0,0.0,0.2241615653038025,,0.01230512501206249,194,15698,0.0,7.75443728326386e-13,2.8316368347325316e-12,0.827319324016571,0.0,0.125,0,0,12.76371037500212,12.762619958026335,0,0,1789187535.824985,-0.8888888955116272,0,-0.024488478899002075,0.0
20.708875032141805,12.836229917011224,0.0,0.0,0.22154353559017181,,0.019546458031982183,195,15748,0.0,7.861881718557173e-13,2.8719613492933505e-12,0.8271270394325256,0.0,0.125,0,0,12.836216791998595,12.835067583015189,0,0,1789187535.897491,-0.8888888955116272,0,-0.03334455192089081,0.0
4.015374986920506,12.885067625029478,0.0,0.0,0.2272382229566574,,0.0029351250268518925,196,15797,0.0,7.943935765274135e-13,2.9028329219527027e-12,0.8269792199134827,0.0,0.125,0,0,12.885054667014629,12.883987458015326,0,0,1789187535.946329,-0.8888888955116272,0,-0.03815420717000961,0.0
13.023584033362567,12.959869457990862,0.0,0.0,0.22198164463043213,,0.011393917025998235,197,15905,0.0,8.173638632244518e-13,2.9894645786621155e-12,0.8265645503997803,0.0,0.125,0,0,12.959857958019711,12.958240000007208,0,0,1789187536.021132,-0.8888888955116272,0,-0.023288562893867493,0.0
23.055874975398183,13.036129207990598,0.0,0.0,0.2287978082895279,,0.021760999981779605,198,15948,0.0,8.256709118498184e-13,3.02090861006854e-12,0.8264110684394836,0.0,0.125,0,0,13.036117082985584,13.034834416990634,0,0,1789187536.0973911,-0.8888888955116272,0,-0.02312939614057541,0.0
3.80983401555568,13.085026458022185,0.0,0.0,0.22940216958522797,,0.002521666989196092,199,15999,0.0,8.346059845835974e-13,3.0547892774374086e-12,0.8262386918067932,0.0,0.125,0,0,13.085012083000038,13.08373837498948,0,0,1789187536.146286,-0.8888888955116272,0,-0.03862607479095459,0.0
9.06374998157844,13.155961583019234,0.0,0.0,0.22887146472930908,,0.00808558298740536,200,16097,0.0,8.559757720336125e-13,3.1359936349117934e-12,0.8257976174354553,0.0,0.125,0,0,13.155951749999076,13.154983457992785,0,0,1789187536.217225,-0.8888888955116272,0,-0.044844284653663635,0.0
18.26020801672712,13.231614166987129,0.0,0.0,0.23511216044425964,,0.01721804100088775,201,16148,0.0,8.667971397070817e-13,3.177240588680963e-12,0.8255652189254761,0.0,0.125,0,0,13.231601750012487,13.230572082975414,0,0,1789187536.292875,-0.8888888955116272,0,-0.04289132356643677,0.0
22.36779103986919,13.303557874984108,0.0,0.0,0.231179878115654,,0.020912333042360842,202,16197,0.0,8.756973011309066e-13,3.2112290257457765e-12,0.8253728747367859,0.0,0.125,0,0,13.303545999980997,13.30210262502078,0,0,1789187536.364819,-0.8888888955116272,0,-0.040812477469444275,0.0
5.644874996505678,13.352543291985057,0.0,0.0,0.2330024391412735,,0.004473333014175296,203,16253,0.0,8.873369703940592e-13,3.25574484906499e-12,0.8251125812530518,0.0,0.125,0,0,13.352528667019214,13.351371833006851,0,0,1789187536.413802,-0.8888888955116272,0,-0.03334666043519974,0.0
8.801541989669204,13.4219785000314,0.0,0.0,0.2384803742170334,,0.0075685830088332295,204,16348,0.0,9.079773066224262e-13,3.3349282536898617e-12,0.8246287703514099,0.0,0.125,0,0,13.421964208013378,13.420745583018288,0,0,1789187536.483237,-0.8888888955116272,0,-0.03158070892095566,0.0
12.595833977684379,13.491832958010491,0.0,0.0,0.24110053479671478,,0.011216458980925381,205,16398,0.0,9.190391503377526e-13,3.3774651912038545e-12,0.8243629336357117,0.0,0.125,0,0,13.491820208029822,13.490453667007387,0,0,1789187536.5530932,-0.8888888955116272,0,-0.03447563201189041,0.0
14.477207965683192,13.560167292016558,0.0,0.0,0.2466156929731369,,0.013031957962084562,206,16447,0.0,9.278327888981308e-13,3.4113684099779107e-12,0.824156641960144,0.0,0.125,0,0,13.560154083010275,13.558722249988932,0,0,1789187536.621427,-0.8888888955116272,0,-0.0302412211894989,0.0
9.928166051395237,13.62444141699234,0.0,0.0,0.249822199344635,,0.00847945804707706,207,16548,0.0,9.501281055326882e-13,3.497482468570179e-12,0.8236152529716492,0.0,0.125,0,0,13.624428417009767,13.622992750024423,0,0,1789187536.6857011,-0.8888888955116272,0,-0.01705368608236313,0.0
15.557250007987022,13.69477599998936,0.0,0.0,0.2638710141181946,,0.014122165972366929,208,16597,0.0,9.611578026536005e-13,3.5401941794743763e-12,0.8233399391174316,0.0,0.125,0,0,13.69475850003073,13.693340957979672,0,0,1789187536.756031,-0.8888888955116272,0,-0.0008502528071403503,0.0
20.058375026565045,13.765875042008702,0.0,0.0,0.2659885585308075,,0.01875691703753546,209,16698,0.0,9.840977858999178e-13,3.6292648573910125e-12,0.8227474689483643,0.0,0.125,0,0,13.76586425001733,13.764573667023797,0,0,1789187536.827137,-0.8888888955116272,0,0.005360648036003113,0.0
22.408791992347687,13.836821042001247,0.0,0.0,0.27346140146255493,,0.02041279204422608,210,16747,0.0,9.932859656308635e-13,3.665048299572593e-12,0.8225048780441284,0.0,0.125,0,0,13.836808332998771,13.834825250029098,0,0,1789187536.898081,-0.8888888955116272,0,0.007981941103935242,0.0
3.7812500377185643,13.884477999992669,0.0,0.0,0.27861690521240234,,0.0024420000263489783,211,16797,0.0,1.00504251188821e-12,3.710890102148756e-12,0.8221949934959412,0.0,0.125,0,0,13.884467291994952,13.88313895801548,0,0,1789187536.94574,-0.8888888955116272,0,0.006117790937423706,0.0
10.397124977316707,13.95753108302597,0.0,0.0,0.2841430604457855,,0.009171375015284866,212,16852,0.0,1.0164121063901965e-12,3.755302926261583e-12,0.8218920230865479,0.0,0.125,0,0,13.957517666975036,13.956305375031661,0,0,1789187537.01879,-0.8888888955116272,0,0.014098338782787323,0.0
6.958209036383778,14.021432582987472,0.0,0.0,0.2780000567436218,,0.005472959019243717,213,16947,0.0,1.0403692881147397e-12,3.849075138478986e-12,0.8212639689445496,0.0,0.125,0,0,14.021421457990073,14.019947541994043,0,0,1789187537.0826938,-0.8888888955116272,0,0.019002340734004974,0.0
8.436208008788526,14.089017666992731,0.0,0.0,0.282126247882843,,0.0071964579983614385,214,16997,0.0,1.0523796461006651e-12,3.896224488875166e-12,0.8209652900695801,0.0,0.125,0,0,14.089007000031415,14.087778082990553,0,0,1789187537.1502788,-0.8888888955116272,0,-0.00351039320230484,0.0
7.196040998678654,14.154129292001016,0.0,0.0,0.2909736633300781,,0.006130040972493589,215,17053,0.0,1.0642179412018171e-12,3.942784900651253e-12,0.8206753730773926,0.0,0.125,0,0,14.154115999990609,14.15306345798308,0,0,1789187537.2153878,-0.8888888955116272,0,-0.004046514630317688,0.0
12.341124995145947,14.226808791980147,0.0,0.0,0.2892102003097534,,0.011088875005953014,216,17150,0.0,1.0874012194156402e-12,4.034144979875309e-12,0.8201195597648621,0.0,0.125,0,0,14.226795083028264,14.225556707999203,0,0,1789187537.288067,-0.8888888955116272,0,-0.0022286027669906616,0.0
19.745374971535057,14.299812417011708,0.0,0.0,0.2967143952846527,,0.01848137500928715,217,17199,0.0,1.0997165634726858e-12,4.082807442823411e-12,0.8198333978652954,0.0,0.125,0,0,14.299800166976638,14.298548625025433,0,0,1789187537.361072,-0.8888888955116272,0,0.01681239902973175,0.0
23.422666999977082,14.36977658298565,0.0,0.0,0.3018185496330261,,0.022255083022173494,218,17250,0.0,1.112440001227455e-12,4.1331569243518995e-12,0.8195444345474243,0.0,0.125,0,0,14.36976395797683,14.368609208031558,0,0,1789187537.431036,-0.8888888955116272,0,0.016187146306037903,0.0
21.718709031119943,14.436321208020672,0.0,0.0,0.310034841299057,,0.020503750012721866,219,17348,0.0,1.134829860291453e-12,4.221996450365362e-12,0.8190519213676453,0.0,0.125,0,0,14.43630691699218,14.435106332995929,0,0,1789187537.497578,-0.8888888955116272,0,0.011018246412277222,0.0
2.882500004488975,14.482228041975759,0.0,0.0,0.30068734288215637,,0.0015785829746164382,220,17397,0.0,1.1482810145443945e-12,4.2754853477045e-12,0.818769097328186,0.0,0.125,0,0,14.48221533303149,14.480924249975942,0,0,1789187537.543487,-0.8888888955116272,0,0.020074017345905304,0.0
9.383250027894974,14.555670625006314,0.0,0.0,0.30172014236450195,,0.0071801249869167805,221,17448,0.0,1.1611234976977025e-12,4.326643644053663e-12,0.8185080885887146,0.0,0.125,0,0,14.555654582974967,14.553467541991267,0,0,1789187537.616927,-0.8888888955116272,0,0.031155839562416077,0.0
13.95262498408556,14.625725666992366,0.0,0.0,0.3020842671394348,,0.012231917004100978,222,17498,0.0,1.172794066722771e-12,4.37321663257495e-12,0.8182791471481323,0.0,0.125,0,0,14.6257115000044,14.62400512502063,0,0,1789187537.6869829,-0.8888888955116272,0,0.03386414051055908,0.0
12.401124986354262,14.69029108301038,0.0,0.0,0.2946275770664215,,0.01121591601986438,223,17597,0.0,1.1977643269572846e-12,4.4730994082364806e-12,0.8178145885467529,0.0,0.125,0,0,14.690276374982204,14.689106083009392,0,0,1789187537.7515469,-0.8888888955116272,0,0.04775650054216385,0.0
12.381499982438982,14.760384833032731,0.0,0.0,0.3434591293334961,,0.010994124982971698,224,17647,0.0,1.2111235408659993e-12,4.5266594292381335e-12,0.8175809979438782,0.0,0.125,0,0,14.760351791977882,14.75899770797696,0,0,1789187537.821623,-0.8888888955116272,0,0.056657575070858,0.0
22.572584042791277,14.835987083031796,0.0,0.0,0.34784361720085144,,0.020890250045340508,225,17747,0.0,1.238054580729453e-12,4.634873214393043e-12,0.8171386122703552,0.0,0.125,0,0,14.835976292029954,14.834304833028,0,0,1789187537.897248,0.8888888955116272,8,0.06278480589389801,0.0
2.949666988570243,14.882246499997564,0.0,0.0,0.34510499238967896,,0.001626292010769248,226,17797,0.0,1.2491355606131238e-12,4.679555354325515e-12,0.8169622421264648,0.0,0.125,0,0,14.882235958008096,14.880923292017542,0,0,1789187537.943507,0.8888888955116272,8,0.06678036600351334,0.0
7.667374971788377,14.952483292028774,0.0,0.0,0.35140687227249146,,0.0062904999940656126,227,17847,0.0,1.262639407091648e-12,4.7340577638554926e-12,0.8167542815208435,0.0,0.125,0,0,14.95247004198609,14.951106542022899,0,0,1789187538.013741,0.8888888955116272,8,0.06220856308937073,0.0
11.012084025423974,15.021808916993905,0.0,0.0,0.3502357304096222,,0.009724750008899719,228,17897,0.0,1.2779358734421598e-12,4.795861190814987e-12,0.816526472568512,0.0,0.125,0,0,15.021795291977469,15.020521708007436,0,0,1789187538.0830662,0.8888888955116272,8,0.08655919879674911,0.0
13.918583979830146,15.094935000000987,0.0,0.0,0.3489786386489868,,0.01233387499814853,229,17997,0.0,1.3014959119109215e-12,4.891346876145786e-12,0.8161824941635132,0.0,0.125,0,0,15.094917792011984,15.093350708018988,0,0,1789187538.156188,0.8888888955116272,8,0.08702663332223892,0.0
22.42845803266391,15.169301417015959,0.0,0.0,0.3452843129634857,,0.021140458004083484,230,18048,0.0,1.3169080626332375e-12,4.953930494988601e-12,0.8159668445587158,0.0,0.125,0,0,15.169287124997936,15.168013499991503,0,0,1789187538.230558,0.8888888955116272,8,0.08664005249738693,0.0
22.89566700346768,15.235867791983765,0.0,0.0,0.3415340483188629,,0.02172379201510921,231,18147,0.0,1.343476111609343e-12,5.062107850950515e-12,0.8155940771102905,0.0,0.125,0,0,15.23585766699398,15.234696042025462,0,0,1789187538.297128,0.8888888955116272,8,0.09156028926372528,0.0
4.233499988913536,15.285531707981136,0.0,0.0,0.3463769257068634,,0.002995625021867454,232,18198,0.0,1.3593039454445899e-12,5.1266725240028954e-12,0.8153775334358215,0.0,0.125,0,0,15.285520625009667,15.284293917007744,0,0,1789187538.346791,0.8888888955116272,8,0.09074269235134125,0.0
12.48249999480322,15.35952408297453,0.0,0.0,0.34022098779678345,,0.011195499973837286,233,18251,0.0,1.373330811051121e-12,5.184048502970828e-12,0.8151839971542358,0.0,0.125,0,0,15.3595118750236,15.358237291977275,0,0,1789187538.420782,0.8888888955116272,8,0.08909258246421814,0.0
21.840250003151596,15.435449292010162,0.0,0.0,0.344132661819458,,0.020701624976936728,234,18298,0.0,1.3861369734316509e-12,5.236521719714782e-12,0.8150063157081604,0.0,0.125,0,0,15.435434792016167,15.434310749988072,0,0,1789187538.496705,0.8888888955116272,8,0.09951646625995636,0.0
4.342709027696401,15.483510666992515,0.0,0.0,0.3391767144203186,,0.0030525000183843076,235,18348,0.0,1.4012579074504372e-12,5.2985424207896425e-12,0.8148001432418823,0.0,0.125,0,0,15.483498083020095,15.482220583013259,0,0,1789187538.544768,0.8888888955116272,8,0.10027597844600677,0.0
8.77625000430271,15.55469262500992,0.0,0.0,0.33829089999198914,,0.007400125032290816,236,18448,0.0,1.4298865910755687e-12,5.4162737662954985e-12,0.8144140243530273,0.0,0.125,0,0,15.554681874986272,15.553316625009757,0,0,1789187538.615951,0.8888888955116272,8,0.09892163425683975,0.0
4.527667013462633,15.619086708000395,0.0,0.0,0.3319404125213623,,0.003452959004789591,237,18498,0.0,1.4451546513291613e-12,5.479226013876959e-12,0.8142143487930298,0.0,0.125,0,0,15.619073625013698,15.618012042017654,0,0,1789187538.6803432,0.8888888955116272,8,0.10047966241836548,0.0
9.768250049091876,15.689831249997951,0.0,0.0,0.3336869180202484,,0.008798499999102205,238,18547,0.0,1.4585830373364805e-12,5.5346794855526404e-12,0.8140437006950378,0.0,0.125,0,0,15.689817042031791,15.688861624978017,0,0,1789187538.7510872,0.8888888955116272,8,0.10870126634836197,0.0
14.864666969515383,15.761604792030994,0.0,0.0,0.3338635563850403,,0.013353666989132762,239,18648,0.0,1.4868688962346721e-12,5.6518062799271185e-12,0.8136945366859436,0.0,0.125,0,0,15.76159175002249,15.760093874996528,0,0,1789187538.8228621,0.8888888955116272,8,0.10757741332054138,0.0
17.7545829792507,15.830431416979991,0.0,0.0,0.3322625458240509,,0.016223707993049175,240,18699,0.0,1.5025678184316105e-12,5.716973769387401e-12,0.8135106563568115,0.0,0.125,0,0,15.830418042023666,15.828900624997914,0,0,1789187538.891687,0.8888888955116272,8,0.11598698049783707,0.0
22.498624981381,15.901069291983731,0.0,0.0,0.3370082974433899,,0.02114195900503546,241,18748,0.0,1.5184314309385494e-12,5.7829275222631704e-12,0.8133318424224854,0.0,0.125,0,0,15.901056625007186,15.899712792015634,0,0,1789187538.962326,0.8888888955116272,8,0.11302182078361511,0.0
3.491833049338311,15.95154670800548,0.0,0.0,0.3386731743812561,,0.0023256250424310565,242,18797,0.0,1.534565335047089e-12,5.850138949659023e-12,0.813154935836792,0.0,0.125,0,0,15.951533458021004,15.950380542024504,0,0,1789187539.012803,0.8888888955116272,8,0.12331199645996094,0.0
11.038459022529423,16.025118458026554,0.0,0.0,0.3375489413738251,,0.009681584022473544,243,18899,0.0,1.5642434179549691e-12,5.974145657339225e-12,0.8128479719161987,0.0,0.125,0,0,16.02510433300631,16.023761667020153,0,0,1789187539.086373,0.8888888955116272,8,0.11880078911781311,0.0
19.658500037621707,16.099872792023234,0.0,0.0,0.33774039149284363,,0.01834416703786701,244,18949,0.0,1.5801255703190575e-12,6.040656256450783e-12,0.8126927614212036,0.0,0.125,0,0,16.099858374975156,16.098558542027604,0,0,1789187539.1611269,0.8888888955116272,8,0.12724488973617554,0.0
22.908749990165234,16.170409000013024,0.0,0.0,0.3339891731739044,,0.02170320798177272,245,19048,0.0,1.608794369424571e-12,6.161077290706141e-12,0.8124222159385681,0.0,0.125,0,0,16.170397916983347,16.16920358297648,0,0,1789187539.231667,0.8888888955116272,8,0.11601567268371582,0.0
3.8428750121966004,16.216708416992333,0.0,0.0,0.33536916971206665,,0.002424083009827882,246,19097,0.0,1.624923719883986e-12,6.228990847428895e-12,0.8122762441635132,0.0,0.125,0,0,16.21669537498383,16.21528975002002,0,0,1789187539.277964,0.8888888955116272,8,0.12112322449684143,0.0
5.965416028629988,16.285784500010777,0.0,0.0,0.3290468156337738,,0.004887874994892627,247,19148,0.0,1.6394238397388072e-12,6.290173677064859e-12,0.8121461272239685,0.0,0.125,0,0,16.28576937498292,16.284707041981164,0,0,1789187539.347038,0.8888888955116272,8,0.12511354684829712,0.0
7.126832962967455,16.354786916985177,0.0,0.0,0.3325900137424469,,0.00563991698436439,248,19197,0.0,1.6558910275951688e-12,6.3597373894941356e-12,0.8120022416114807,0.0,0.125,0,0,16.35477350000292,16.353300167014822,0,0,1789187539.416042,0.8888888955116272,8,0.11720533668994904,0.0
6.211666972376406,16.41986604197882,0.0,0.0,0.32907727360725403,,0.004859125008806586,249,19297,0.0,1.6906922910286948e-12,6.507188017590426e-12,0.8117018342018127,0.0,0.125,0,0,16.41985508298967,16.418513583019376,0,0,1789187539.481123,0.8888888955116272,8,0.12497961521148682,0.0
12.127041001804173,16.491879875015,0.0,0.0,0.3300202190876007,,0.011134250031318516,250,19351,0.0,1.7077946045176984e-12,6.579911962512064e-12,0.8115529417991638,0.0,0.125,0,0,16.491861333022825,16.49088729202049,0,0,1789187539.55313,0.8888888955116272,8,0.13183410465717316,0.0
18.158250022679567,16.563170166977216,0.0,0.0,0.3299795985221863,,0.017178709036670625,251,19398,0.0,1.7213499505994156e-12,6.637654401814297e-12,0.8114364743232727,0.0,0.125,0,0,16.563157292024698,16.562190667027608,0,0,1789187539.624426,0.8888888955116272,8,0.12288595736026764,0.0
23.756082984618843,16.635114583012182,0.0,0.0,0.33173495531082153,,0.022581208031624556,252,19500,0.0,1.7544533534308293e-12,6.779014849467302e-12,0.8111560344696045,0.0,0.125,0,0,16.635102417028975,16.633939833031036,0,0,1789187539.6963708,0.8888888955116272,8,0.11908644437789917,0.0
4.57241601543501,16.685458792024292,0.0,0.0,0.32461774349212646,,0.0034042909974232316,253,19548,0.0,1.7724025372367613e-12,6.855872206751323e-12,0.8110055923461914,0.0,0.125,0,0,16.685445917013567,16.684290707984474,0,0,1789187539.746714,0.8888888955116272,8,0.11509187519550323,0.0
7.932291948236525,16.75494695798261,0.0,0.0,0.3226878046989441,,0.006791208987124264,254,19597,0.0,1.7889128763395878e-12,6.926708772531098e-12,0.8108696341514587,0.0,0.125,0,0,16.754933207994327,16.753806042019278,0,0,1789187539.816201,0.8888888955116272,8,0.11455343663692474,0.0
12.082125002052635,16.824826875003055,0.0,0.0,0.32434600591659546,,0.011263291991781443,255,19648,0.0,1.803537787864462e-12,6.989616784663921e-12,0.8107474446296692,0.0,0.125,0,0,16.824814625026193,16.824008124996908,0,0,1789187539.886082,0.8888888955116272,8,0.12430381774902344,0.0
16.41679200110957,16.895312917011324,0.0,0.0,0.322566419839859,,0.013526791997719556,256,19749,0.0,1.8377870839719757e-12,7.137280350066888e-12,0.8104689121246338,0.0,0.125,0,0,16.89530170802027,16.892423041979782,0,0,1789187539.9565692,0.8888888955116272,8,0.12000788748264313,0.0
15.875125012826174,16.96386125002755,0.0,0.0,0.3222407400608063,,0.014725750021170825,257,19806,0.0,1.856646347081492e-12,7.218867864589029e-12,0.8103172779083252,0.0,0.125,0,0,16.963844167010393,16.96271200000774,0,0,1789187540.0251122,0.8888888955116272,8,0.12293368577957153,0.0
20.656459033489227,17.034456458000932,0.0,0.0,0.32392239570617676,,0.019188334001228213,258,19847,0.0,1.872161063329325e-12,7.286052837451873e-12,0.8102004528045654,0.0,0.125,0,0,17.034444458025973,17.03298854199238,0,0,1789187540.095712,0.8888888955116272,8,0.12733757495880127,0.0
1.3032910064794123,17.081529917020816,0.0,0.0,0.32730069756507874,,7.049995474517345e-05,259,19898,0.0,1.8891682922878017e-12,7.359887872759874e-12,0.8100726008415222,0.0,0.125,0,0,17.081516375008505,17.08029729197733,0,0,1789187540.142784,0.8888888955116272,8,0.12482932209968567,0.0
2.01745901722461,17.148124833009206,0.0,0.0,0.32771411538124084,,0.0006297500221990049,260,19997,0.0,1.9237168281949213e-12,7.510323092596582e-12,0.809821605682373,0.0,0.125,0,0,17.148111707996577,17.146737208007835,0,0,1789187540.209379,0.8888888955116272,8,0.13082677125930786,0.0
3.631040977779776,17.21841437497642,0.0,0.0,0.32002124190330505,,0.002425166021566838,261,20049,0.0,1.9409428491518055e-12,7.585550243494055e-12,0.8097026348114014,0.0,0.125,0,0,17.21840162499575,17.21720858302433,0,0,1789187540.279669,0.8888888955116272,8,0.11619746685028076,0.0
8.67270800517872,17.28986249997979,0.0,0.0,0.3120051622390747,,0.007208292023278773,262,20148,0.0,1.9723112032465906e-12,7.722934271259252e-12,0.8094914555549622,0.0,0.125,0,0,17.289852917019743,17.288398167002015,0,0,1789187540.3511198,0.8888888955116272,8,0.10792743414640427,0.0
13.866916997358203,17.36045124998782,0.0,0.0,0.3109450340270996,,0.01236645900644362,263,20199,0.0,1.991057926170603e-12,7.805281594663871e-12,0.8093690276145935,0.0,0.125,0,0,17.360437833005562,17.35895091702696,0,0,1789187540.421705,0.8888888955116272,8,0.12027959525585175,0.0
17.95841596322134,17.43102783302311,0.0,0.0,0.3224335014820099,,0.016644707997329533,264,20248,0.0,2.005940552551877e-12,7.870782151031541e-12,0.8092724680900574,0.0,0.125,0,0,17.43101416702848,17.429714250029065,0,0,1789187540.4922812,0.8888888955116272,8,0.11713385581970215,0.0
21.011625009123236,17.50212083302904,0.0,0.0,0.31957849860191345,,0.02004974998999387,265,20349,0.0,2.04373865921037e-12,8.037440504815585e-12,0.8090432286262512,0.0,0.125,0,0,17.502109583001584,17.501159166975413,0,0,1789187540.5633762,0.8888888955116272,8,0.11111055314540863,0.0
4.677916003856808,17.551780875015538,0.0,0.0,0.3216506838798523,,0.003846250008791685,266,20400,0.0,2.05870498599936e-12,8.103686992277925e-12,0.8089527487754822,0.0,0.125,0,0,17.551770457997918,17.550949292024598,0,0,1789187540.613037,0.8888888955116272,8,0.1110963523387909,0.0
3.4726670128293335,17.616485583013855,0.0,0.0,0.3187486529350281,,0.002242207992821932,267,20449,0.0,2.078458282220308e-12,8.191220271513977e-12,0.8088379502296448,0.0,0.125,0,0,17.616471667017322,17.615255207987502,0,0,1789187540.677738,0.8888888955116272,8,0.1139889732003212,0.0
5.338708986528218,17.686409874993842,0.0,0.0,0.3136366009712219,,0.0038000839995220304,268,20498,0.0,2.0972117271977897e-12,8.274444497635702e-12,0.8087331056594849,0.0,0.125,0,0,17.686395917029586,17.684871417004615,0,0,1789187540.747662,0.8888888955116272,8,0.11022454500198364,0.0
8.474082977045327,17.754767332982738,0.0,0.0,0.31919199228286743,,0.007351207954343408,269,20597,0.0,2.133207022483874e-12,8.434697384984702e-12,0.8085331320762634,0.0,0.125,0,0,17.75475575000746,17.753644499985967,0,0,1789187540.816022,0.8888888955116272,8,0.11793961375951767,0.0
14.313084015157074,17.827562541991938,0.0,0.0,0.3195558786392212,,0.012975874997209758,270,20648,0.0,2.1523796200212386e-12,8.520298182268515e-12,0.8084275722503662,0.0,0.125,0,0,17.827549375011586,17.826225458004046,0,0,1789187540.8888152,0.8888888955116272,8,0.11627192795276642,0.0
21.160374977625906,17.902183625032194,0.0,0.0,0.3196488916873932,,0.019882541964761913,271,20697,0.0,2.168386130374511e-12,8.59192838403855e-12,0.8083391189575195,0.0,0.125,0,0,17.902165208011866,17.900905916991178,0,0,1789187540.963431,0.8888888955116272,8,0.11572667956352234,0.0
2.479083021171391,17.94908479199512,0.0,0.0,0.3194000720977783,,0.0013890410191379488,272,20747,0.0,2.1882931664635175e-12,8.681081027639426e-12,0.8082338571548462,0.0,0.125,0,0,17.949072708026506,17.947994958027266,0,0,1789187541.010338,0.8888888955116272,8,0.11362527310848236,0.0
7.271750015206635,18.020916250010487,0.0,0.0,0.3197150230407715,,0.006078000005800277,273,20848,0.0,2.2235943555187765e-12,8.839681590877557e-12,0.808046817779541,0.0,0.125,0,0,18.02090279199183,18.019722750002984,0,0,1789187541.082168,0.8888888955116272,8,0.115216925740242,0.0
14.086083974689245,18.095210333005525,0.0,0.0,0.32065513730049133,,0.0127286670031026,274,20898,0.0,2.2439550217967508e-12,8.931352185603814e-12,0.8079442977905273,0.0,0.125,0,0,18.09519595798338,18.093853000027593,0,0,1789187541.1564622,0.8888888955116272,8,0.1179460883140564,0.0
22.164124995470047,18.169234916975256,0.0,0.0,0.3166143298149109,,0.021062040992546827,275,20998,0.0,2.279530297161214e-12,9.091992783649694e-12,0.8077671527862549,0.0,0.125,0,0,18.169225207995623,18.16813295800239,0,0,1789187541.230491,0.8888888955116272,8,0.11020438373088837,0.0
2.5212920154444873,18.21587041701423,0.0,0.0,0.4161037802696228,,0.0011844999971799552,276,21047,0.0,2.2949099218183555e-12,9.161621981890189e-12,0.8076900839805603,0.0,0.125,0,0,18.2158614579821,18.21453370800009,0,0,1789187541.277127,0.6666666865348816,7,0.11897514760494232,0.0
4.596667014993727,18.285836666997056,0.0,0.0,0.4272952079772949,,0.0034597499761730433,277,21097,0.0,2.3152783943519717e-12,9.253939628472985e-12,0.8075923919677734,0.0,0.125,0,0,18.285823667014483,18.284699957992416,0,0,1789187541.3470888,0.6666666865348816,7,0.14246630668640137,0.0
8.999833022244275,18.35562695801491,0.0,0.0,0.4217943847179413,,0.007513582997489721,278,21151,0.0,2.3365593314339517e-12,9.350546378850133e-12,0.8074930310249329,0.0,0.125,0,0,18.35561491700355,18.354140874987934,0,0,1789187541.4168801,0.6666666865348816,7,0.14376896619796753,0.0
10.84804197307676,18.4240673329914,0.0,0.0,0.4230995178222656,,0.009288207977078855,279,21249,0.0,2.373595027124753e-12,9.519138081948153e-12,0.8073201775550842,0.0,0.125,0,0,18.424041917023715,18.42250783299096,0,0,1789187541.485309,0.6666666865348816,7,0.14551225304603577,0.0
15.227500000037253,18.4963329579914,0.0,0.0,0.42238250374794006,,0.014041999995242804,280,21298,0.0,2.3939522239557753e-12,9.612049003959733e-12,0.8072258234024048,0.0,0.125,0,0,18.496320249978453,18.495147500012536,0,0,1789187541.557585,0.6666666865348816,7,0.1491430699825287,0.0
18.610917031764984,18.56555333302822,0.0,0.0,0.4218960404396057,,0.017064624989870936,281,21348,0.0,2.4107940036627307e-12,9.68905077697313e-12,0.8071486353874207,0.0,0.125,0,0,18.565539582981728,18.56400712497998,0,0,1789187541.6268039,0.6666666865348816,7,0.14989206194877625,0.0
1.4287090161815286,18.614688250003383,0.0,0.0,0.4146590828895569,,0.00014929199824109674,282,21397,0.0,2.4279658145109906e-12,9.767651097669638e-12,0.8070717453956604,0.0,0.125,0,0,18.614675874996465,18.613408875011373,0,0,1789187541.6759412,0.6666666865348816,7,0.141804501414299,0.0
8.15791601780802,18.68917899997905,0.0,0.0,0.41920384764671326,,0.0069000000366941094,283,21497,0.0,2.469329645274354e-12,9.95742637649455e-12,0.806891679763794,0.0,0.125,0,0,18.68916479201289,18.687921292032115,0,0,1789187541.7504299,0.6666666865348816,7,0.14620615541934967,0.0
14.503375045023859,18.761145333002787,0.0,0.0,0.41568952798843384,,0.013001625018659979,284,21548,0.0,2.489861181814712e-12,1.0051837834312849e-11,0.8068060278892517,0.0,0.125,0,0,18.76113112497842,18.759643625002354,0,0,1789187541.8223958,0.6666666865348816,7,0.15009617805480957,0.0
17.414833011571318,18.830820749979466,0.0,0.0,0.41653844714164734,,0.016287708014715463,285,21648,0.0,2.526059222907051e-12,1.0218739916745267e-11,0.8066564202308655,0.0,0.125,0,0,18.830809250008315,18.82969383301679,0,0,1789187541.8920739,0.6666666865348816,7,0.14947272837162018,0.0
20.713625010102987,18.902191125031095,0.0,0.0,0.4196624755859375,,0.019600125029683113,286,21697,0.0,2.5470977323832633e-12,1.031594427935989e-11,0.8065735697746277,0.0,0.125,0,0,18.90217620797921,18.901077833026648,0,0,1789187541.963441,0.6666666865348816,7,0.144680917263031,0.0
4.730874963570386,18.95229962503072,0.0,0.0,0.411526083946228,,0.003641250019427389,287,21747,0.0,2.5669206343836848e-12,1.0407668650513902e-11,0.8064981698989868,0.0,0.125,0,0,18.95228708302602,18.951210083032493,0,0,1789187542.013551,0.6666666865348816,7,0.14295415580272675,0.0
4.9085000064224005,19.01862341701053,0.0,0.0,0.42078331112861633,,0.0038913749740459025,288,21798,0.0,2.5841416680105755e-12,1.0487533584624398e-11,0.8064298033714294,0.0,0.125,0,0,19.01861187501345,19.01760637498228,0,0,1789187542.0798762,0.6666666865348816,7,0.14636056125164032,0.0
12.579625006765127,19.094335375004448,0.0,0.0,0.40040308237075806,,0.01129783398937434,289,21898,0.0,2.622801064874891e-12,1.0667074862302783e-11,0.8062867522239685,0.0,0.125,0,0,19.094323083001655,19.09305366699118,0,0,1789187542.155587,0.6666666865348816,7,0.12064032256603241,0.0
16.180000035092235,19.163723916979507,0.0,0.0,0.4074435830116272,,0.013611334026791155,290,21947,0.0,2.6456146301478967e-12,1.0773247745288206e-11,0.8062071204185486,0.0,0.125,0,0,19.16370979201747,19.161155292007606,0,0,1789187542.2249742,0.6666666865348816,7,0.13074955344200134,0.0
20.87916695745662,19.23495345801348,0.0,0.0,0.4103109538555145,,0.019624667009338737,291,21997,0.0,2.66689621775118e-12,1.0872470458667127e-11,0.8061333298683167,0.0,0.125,0,0,19.234941042028368,19.233699167030863,0,0,1789187542.296205,0.6666666865348816,7,0.13705241680145264,0.0
1.7415420152246952,19.282070583023597,0.0,0.0,0.40503600239753723,,0.0006280000088736415,292,22048,0.0,2.6879579291538835e-12,1.0970798054732445e-11,0.8060629963874817,0.0,0.125,0,0,19.28205458301818,19.2809571250109,0,0,1789187542.343318,0.6666666865348816,7,0.14105631411075592,0.0
2.9541249969042838,19.350171125028282,0.0,0.0,0.40349385142326355,,0.0013383749756030738,293,22148,0.0,2.7310608202019138e-12,1.1172555068605927e-11,0.8059223294258118,0.0,0.125,0,0,19.350129749975167,19.348555749980733,0,0,1789187542.411395,0.6666666865348816,7,0.1349325031042099,0.0
8.299707958940417,19.42243379203137,0.0,0.0,0.40425848960876465,,0.007233415963128209,294,22198,0.0,2.748462698751175e-12,1.1254213706790583e-11,0.8058657050132751,0.0,0.125,0,0,19.42242083302699,19.421367582981475,0,0,1789187542.483684,0.6666666865348816,7,0.13288527727127075,0.0
11.615791998337954,19.491402707993984,0.0,0.0,0.40236616134643555,,0.010326708026695997,295,22247,0.0,2.769526795398658e-12,1.1353127639390781e-11,0.8058009147644043,0.0,0.125,0,0,19.49139004200697,19.490113708015997,0,0,1789187542.552653,0.6666666865348816,7,0.1413547694683075,0.0
18.195957993157208,19.565254167013336,0.0,0.0,0.403435081243515,,0.017020917031913996,296,22348,0.0,2.809847406831656e-12,1.154292980642957e-11,0.8056765794754028,0.0,0.125,0,0,19.565240791998804,19.564079167030286,0,0,1789187542.626504,0.6666666865348816,7,0.14106956124305725,0.0
10.253500018734485,19.622813166992273,0.0,0.0,0.40656110644340515,,0.008530250051990151,297,22397,0.0,2.8330081336402912e-12,1.165220784443699e-11,0.8056057691574097,0.0,0.125,0,0,19.62278645799961,19.621090167027432,0,0,1789187542.684052,0.6666666865348816,7,0.14272628724575043,0.0
13.10741703491658,19.69429987500189,0.0,0.0,0.40662673115730286,,0.011905000021215528,298,22448,0.0,2.8548723714910684e-12,1.175550629062272e-11,0.8055398464202881,0.0,0.125,0,0,19.694286499987356,19.693097583018243,0,0,1789187542.75555,0.6666666865348816,7,0.14476680755615234,0.0
16.471957962494344,19.764567375008482,0.0,0.0,0.4053041636943817,,0.015282000007573515,299,22550,0.0,2.8986695856103584e-12,1.1962871665494035e-11,0.805412232875824,0.0,0.125,0,0,19.76455308299046,19.76337754202541,0,0,1789187542.8258162,0.6666666865348816,7,0.1432301551103592,0.0
17.470666964072734,19.832381875021383,0.0,0.0,0.40201303362846375,,0.01611858297837898,300,22597,0.0,2.9155653585855035e-12,1.2043091350555368e-11,0.8053608536720276,0.0,0.125,0,0,19.832369624986313,19.831029833003413,0,0,1789187542.893632,0.6666666865348816,7,0.14958980679512024,0.0
18.114459002390504,19.89842179202242,0.0,0.0,0.4017002284526825,,0.01690808398416266,301,22647,0.0,2.9372795428556087e-12,1.2146244079969115e-11,0.8052992820739746,0.0,0.125,0,0,19.898409167013597,19.89721554197604,0,0,1789187542.959672,0.6666666865348816,7,0.15274828672409058,0.0
22.979083994869143,19.96877937501995,0.0,0.0,0.4044870436191559,,0.021798500034492463,302,22748,0.0,2.9827286474048975e-12,1.2362610067595536e-11,0.8051713705062866,0.0,0.125,0,0,19.968766874982975,19.967598833027296,0,0,1789187543.03003,0.6666666865348816,7,0.15495944023132324,0.0
2.5004170020110905,20.01440983300563,0.0,0.0,0.4026309549808502,,0.0010736670228652656,303,22798,0.0,3.001399909857705e-12,1.2451715873662561e-11,0.805117130279541,0.0,0.125,0,0,20.014397917024326,20.01298316702014,0,0,1789187543.075661,0.6666666865348816,7,0.1637250781059265,0.0
3.3385419519618154,20.085388167004567,0.0,0.0,0.39895492792129517,,0.0020480419625528157,304,22848,0.0,3.0232138407276787e-12,1.2555927651758392e-11,0.8050554394721985,0.0,0.125,0,0,20.08537362498464,20.084097791987006,0,0,1789187543.146636,0.6666666865348816,7,0.16132131218910217,0.0
8.263207972049713,20.156380792031996,0.0,0.0,0.3996952176094055,,0.0069003329845145345,305,22900,0.0,3.0479659594850883e-12,1.2674276558821695e-11,0.8049907684326172,0.0,0.125,0,0,20.156367500021588,20.155017999990378,0,0,1789187543.21763,0.6666666865348816,7,0.16734682023525238,0.0
13.409000006504357,20.227424875018187,0.0,0.0,0.40049800276756287,,0.012225917016621679,306,22999,0.0,3.091680123717966e-12,1.288386758391269e-11,0.8048717379570007,0.0,0.125,0,0,20.227413124986924,20.22624187503243,0,0,1789187543.288675,0.6666666865348816,7,0.1704479157924652,0.0
21.86474995687604,20.302349541976582,0.0,0.0,0.40184321999549866,,0.020562083984259516,307,23047,0.0,3.1105003555492727e-12,1.2974309127056216e-11,0.8048200011253357,0.0,0.125,0,0,20.302325917000417,20.301047042012215,0,0,1789187543.363588,0.6666666865348816,7,0.16926391422748566,0.0
2.570500015281141,20.348194707999937,0.0,0.0,0.4023704528808594,,0.0012478749849833548,308,23097,0.0,3.1325502088119794e-12,1.3080354507866154e-11,0.804763674736023,0.0,0.125,0,0,20.348182249988895,20.346872207999695,0,0,1789187543.409444,0.6666666865348816,7,0.17168626189231873,0.0
5.6255829986184835,20.42036004201509,0.0,0.0,0.40032312273979187,,0.004228916950523853,309,23148,0.0,3.1559485927368236e-12,1.3193023062907372e-11,0.8047062158584595,0.0,0.125,0,0,20.42034650000278,20.418963541975245,0,0,1789187543.4816089,0.8888888955116272,8,0.17190711200237274,0.0
15.092499961610883,20.4944223749917,0.0,0.0,0.3988356292247772,,0.013696457957848907,310,23247,0.0,3.2003291076249107e-12,1.3407193757974945e-11,0.8045996427536011,0.0,0.125,0,0,20.494409666978754,20.49302658298984,0,0,1789187543.5556722,0.6666666865348816,7,0.17341122031211853,0.0
15.680291980970651,20.56357158301398,0.0,0.0,0.39764291048049927,,0.01456758298445493,311,23298,0.0,3.2231049426623137e-12,1.3517361709125542e-11,0.8045448660850525,0.0,0.125,0,0,20.563559082977008,20.56245908298297,0,0,1789187543.624821,0.6666666865348816,7,0.17306220531463623,0.0
21.841750014573336,20.63548204198014,0.0,0.0,0.39470067620277405,,0.020984125032555312,312,23347,0.0,3.2469838449900035e-12,1.363297062045854e-11,0.8044918775558472,0.0,0.125,0,0,20.63547020801343,20.634624542028178,0,0,1789187543.6967318,0.6666666865348816,7,0.1708991527557373,0.0
3.532750008162111,20.683023000019602,0.0,0.0,0.3993116319179535,,0.0024230419658124447,313,23398,0.0,3.2672191774968384e-12,1.373112474417626e-11,0.8044455647468567,0.0,0.125,0,0,20.683005125029013,20.681913374981377,0,0,1789187543.744267,0.6666666865348816,7,0.17266488075256348,0.0
6.740875018294901,20.752207208017353,0.0,0.0,0.39369145035743713,,0.005569959001149982,314,23497,0.0,3.3166373293591622e-12,1.3971217412145354e-11,0.8043404221534729,0.0,0.125,0,0,20.752190041996073,20.75103654200211,0,0,1789187543.813451,0.8888888955116272,8,0.17325472831726074,0.0
4.667334025725722,20.81552466697758,0.0,0.0,0.3937690556049347,,0.0035276670241728425,315,23547,0.0,3.3350076172888876e-12,1.4060673632354526e-11,0.8043016791343689,0.0,0.125,0,0,20.81551137502538,20.814385125006083,0,0,1789187543.8767722,0.8888888955116272,8,0.17202799022197723,0.0
3.160207998007536,20.885394416982308,0.0,0.0,0.39478135108947754,,0.0016264999867416918,316,23598,0.0,3.3600967060815057e-12,1.4182955157537869e-11,0.8042522668838501,0.0,0.125,0,0,20.885383250017185,20.88386087497929,0,0,1789187543.946644,0.8888888955116272,8,0.17121027410030365,0.0
8.228292048443109,20.957385750021785,0.0,0.0,0.39337489008903503,,0.006908917042892426,317,23697,0.0,3.404740248416638e-12,1.4401022908894223e-11,0.8041654229164124,0.0,0.125,0,0,20.95737283298513,20.95606662501814,0,0,1789187544.018634,0.8888888955116272,8,0.16960793733596802,0.0
6.05641701258719,21.020825874991715,0.0,0.0,0.3943425714969635,,0.005071500025223941,318,23747,0.0,3.4287783116232484e-12,1.4518649303629783e-11,0.8041201233863831,0.0,0.125,0,0,21.020811832975596,21.019841000030283,0,0,1789187544.082073,0.8888888955116272,8,0.1701299101114273,0.0
6.207500002346933,21.08693624997977,0.0,0.0,0.39430251717567444,,0.005221333005465567,319,23797,0.0,3.4523957043869347e-12,1.463439612547912e-11,0.8040721416473389,0.0,0.125,0,0,21.08692220802186,21.085950208012946,0,0,1789187544.148183,0.8888888955116272,8,0.16582952439785004,0.0
11.428666999563575,21.158340207999572,0.0,0.0,0.39485153555870056,,0.010347208997700363,320,23897,0.0,3.495594222066578e-12,1.4846540663526753e-11,0.8039831519126892,0.0,0.125,0,0,21.15832849999424,21.15725879202364,0,0,1789187544.2195892,0.8888888955116272,8,0.17396892607212067,0.0
6.6520830150693655,21.221764333022293,0.0,0.0,0.3936209976673126,,0.005695250001735985,321,23948,0.0,3.5207884784699273e-12,1.4970464104480108e-11,0.803938090801239,0.0,0.125,0,0,21.221747750008944,21.220807541976683,0,0,1789187544.283008,0.8888888955116272,8,0.1704125851392746,0.0
12.225707992911339,21.293229250004515,0.0,0.0,0.3896828591823578,,0.011076707975007594,322,23997,0.0,3.543691165161511e-12,1.5083248885994216e-11,0.8038997054100037,0.0,0.125,0,0,21.293216874997597,21.292080332990736,0,0,1789187544.3544772,0.8888888955116272,8,0.16656151413917542,0.0
12.226458988152444,21.360454000008758,0.0,0.0,0.392954021692276,,0.010833250009454787,323,24097,0.0,3.5911781361142037e-12,1.531757706785264e-11,0.8038215041160583,0.0,0.125,0,0,21.36044195800787,21.359060832997784,0,0,1789187544.4217029,0.8888888955116272,8,0.16647645831108093,0.0
22.763166984077543,21.436773082998116,0.0,0.0,0.3928573727607727,,0.020252832968253642,324,24147,0.0,3.614725272577113e-12,1.5434039463135818e-11,0.8037813901901245,0.0,0.125,0,0,21.43676116701681,21.434262832975946,0,0,1789187544.4980211,0.8888888955116272,8,0.17083872854709625,0.0
4.651791998185217,21.484526208019815,0.0,0.0,0.39362600445747375,,0.003329875005874783,325,24198,0.0,3.63870001837685e-12,1.5552741386426483e-11,0.8037375211715698,0.0,0.125,0,0,21.484509958012495,21.48320433299523,0,0,1789187544.54577,0.8888888955116272,8,0.17084121704101562,0.0
8.934041019529104,21.5572965000174,0.0,0.0,0.3931441605091095,,0.007671958010178059,326,24247,0.0,3.6588817912963645e-12,1.5652808910138205e-11,0.8036980628967285,0.0,0.125,0,0,21.557282750029117,21.556034500012174,0,0,1789187544.6185431,0.8888888955116272,8,0.17195919156074524,0.0
8.096709032543004,21.623085000028368,0.0,0.0,0.3922911584377289,,0.006711292022373527,327,24353,0.0,3.7066816629960364e-12,1.5890165919185684e-11,0.803620457649231,0.0,0.125,0,0,21.623071916983463,21.621699750015978,0,0,1789187544.6843321,0.8888888955116272,8,0.1691359132528305,0.0
12.542042008135468,21.69441816699691,0.0,0.0,0.395681232213974,,0.011110207997262478,328,24398,0.0,3.7321786286459435e-12,1.6017000226131728e-11,0.8035830855369568,0.0,0.125,0,0,21.694405500020366,21.692986458016094,0,0,1789187544.755666,0.8888888955116272,8,0.1680217981338501,0.0
15.442666015587747,21.764366333023645,0.0,0.0,0.3977809250354767,,0.014056415995582938,329,24447,0.0,3.752907273141259e-12,1.6120285661891387e-11,0.8035508394241333,0.0,0.125,0,0,21.76435291703092,21.762980207975488,0,0,1789187544.825613,0.8888888955116272,8,0.17140844464302063,0.0
19.26970900967717,21.835024667030666,0.0,0.0,0.39962780475616455,,0.018276375019922853,330,24548,0.0,3.7995023793868654e-12,1.6352766363247895e-11,0.8034746646881104,0.0,0.125,0,0,21.83501083299052,21.83403145801276,0,0,1789187544.89627,0.8888888955116272,8,0.17401546239852905,0.0
19.834417034871876,21.901262792001944,0.0,0.0,0.3988499939441681,,0.01856091700028628,331,24598,0.0,3.825706244853233e-12,1.6483736250960668e-11,0.8034303784370422,0.0,0.125,0,0,21.90125141700264,21.899989416997414,0,0,1789187544.962511,0.8888888955116272,8,0.17667299509048462,0.0
22.891375003382564,21.970038792002015,0.0,0.0,0.39548757672309875,,0.02154466597130522,332,24697,0.0,3.873536040532866e-12,1.6723246051841834e-11,0.8033628463745117,0.0,0.125,0,0,21.970026750001125,21.968692207999993,0,0,1789187545.031286,0.8888888955116272,8,0.17367374897003174,0.0
5.943458003457636,22.019604667031672,0.0,0.0,0.3943935036659241,,0.0047692080261185765,333,24747,0.0,3.900191367783856e-12,1.68569099651128e-11,0.8033296465873718,0.0,0.125,0,0,22.01959291700041,22.018430458032526,0,0,1789187545.080852,0.8888888955116272,8,0.17801839113235474,0.0
8.750124950893223,22.08809391700197,0.0,0.0,0.3902339041233063,,0.0075424579554237425,334,24798,0.0,3.9246986736907186e-12,1.6980030229096776e-11,0.8032967448234558,0.0,0.125,0,0,22.088072500017006,22.086886457982473,0,0,1789187545.149332,0.8888888955116272,8,0.1749480664730072,0.0
16.80987502913922,22.162006500002462,0.0,0.0,0.3884262442588806,,0.015812500030733645,335,24847,0.0,3.945747808348221e-12,1.708588305560088e-11,0.8032656908035278,0.0,0.125,0,0,22.161994458001573,22.16100920800818,0,0,1789187545.223254,0.8888888955116272,8,0.1704200804233551,0.0
27.43570797611028,22.241113999974914,0.0,0.0,0.39156579971313477,,0.02316645794780925,336,24948,0.0,3.9965092867022545e-12,1.734151711119125e-11,0.8031870722770691,0.0,0.125,0,0,22.241103250009473,22.23684487497667,0,0,1789187545.3023622,0.8888888955116272,8,0.1709056794643402,0.0
5.625416000839323,22.284739167022053,0.0,0.0,0.3957562744617462,,0.003907666017767042,337,25000,0.0,4.022201842424078e-12,1.7471152996550998e-11,0.8031540513038635,0.0,0.125,0,0,22.284726749989204,22.283021458017174,0,0,1789187545.3459861,0.8888888955116272,8,0.17505769431591034,0.0
5.981208989396691,22.353262207994703,0.0,0.0,0.39249342679977417,,0.0046562920324504375,338,25048,0.0,4.047530539896815e-12,1.7599094057074716e-11,0.8031238317489624,0.0,0.125,0,0,22.353249832987785,22.35193737503141,0,0,1789187545.414509,0.8888888955116272,8,0.1738610714673996,0.0
10.234458022750914,22.42330399999628,0.0,0.0,0.3895350396633148,,0.008745292027015239,339,25097,0.0,4.070682159407202e-12,1.7716142788892775e-11,0.8030974864959717,0.0,0.125,0,0,22.423289375030436,22.421814917004667,0,0,1789187545.484548,0.8888888955116272,8,0.17054228484630585,0.0
13.493250007741153,22.492945624981076,0.0,0.0,0.3879251778125763,,0.01249600003939122,340,25198,0.0,4.1251598491276464e-12,1.7992012393830414e-11,0.803031325340271,0.0,0.125,0,0,22.49293258303078,22.49194845801685,0,0,1789187545.554191,0.8888888955116272,8,0.16324323415756226,0.0
23.331667005550116,22.569088166987058,0.0,0.0,0.3855119049549103,,0.022179833962582052,341,25247,0.0,4.1447474792566386e-12,1.8091450212920357e-11,0.8029990196228027,0.0,0.125,0,0,22.569074833008926,22.56793654197827,0,0,1789187545.630334,0.8888888955116272,8,0.16994312405586243,0.0
3.8565419963561,22.61759170802543,0.0,0.0,0.38908863067626953,,0.00118041702080518,342,25298,0.0,4.171634825772541e-12,1.8227953868521496e-11,0.8029630780220032,0.0,0.125,0,0,22.617579207988456,22.614915625017602,0,0,1789187545.678837,0.8888888955116272,8,0.1664244532585144,0.0
4.69933298882097,22.68514725001296,0.0,0.0,0.3884742856025696,,0.0034771249629557133,343,25354,0.0,4.201308571871731e-12,1.83787794011403e-11,0.8029308915138245,0.0,0.125,0,0,22.685134332976304,22.68392512499122,0,0,1789187545.7463932,0.8888888955116272,8,0.16487205028533936,0.0
11.08283398207277,22.758211000007577,0.0,0.0,0.38189953565597534,,0.00996508402749896,344,25449,0.0,4.249705622128008e-12,1.862521248341409e-11,0.8028828501701355,0.0,0.125,0,0,22.758198374998756,22.757093292020727,0,0,1789187545.819457,0.8888888955116272,8,0.14990311861038208,0.0
14.705667039379478,22.826901708031073,0.0,0.0,0.38228511810302734,,0.013428333040792495,345,25498,0.0,4.271668522376482e-12,1.873723745604572e-11,0.8028573989868164,0.0,0.125,0,0,22.826885082991794,22.82562445802614,0,0,1789187545.888143,0.8888888955116272,8,0.1487669050693512,0.0
16.36258402140811,22.898186291975435,0.0,0.0,0.38427096605300903,,0.014938167005311698,346,25549,0.0,4.2989774066970465e-12,1.887659473176484e-11,0.8028215765953064,0.0,0.125,0,0,22.898174082976766,22.896761999989394,0,0,1789187545.959432,0.8888888955116272,8,0.14811643958091736,0.0
19.77333298418671,22.96927829203196,0.0,0.0,0.38670873641967773,,0.018580624950118363,347,25651,0.0,4.354062683314952e-12,1.915820800613144e-11,0.8027560710906982,0.0,0.125,0,0,22.969262917002197,22.968085624976084,0,0,1789187546.0305212,0.8888888955116272,8,0.1469627171754837,0.0
21.472749998793006,23.03859295800794,0.0,0.0,0.3848560154438019,,0.02025741699617356,348,25701,0.0,4.379701028928151e-12,1.9289491878793363e-11,0.8027327656745911,0.0,0.125,0,0,23.038579542015214,23.037377749977168,0,0,1789187546.0998368,0.8888888955116272,8,0.14666056632995605,0.0
2.201791969127953,23.086066416988615,0.0,0.0,0.3832017183303833,,0.0010993749601766467,349,25747,0.0,4.401332596992713e-12,1.940034591307871e-11,0.8027138113975525,0.0,0.125,0,0,23.08605300000636,23.084964082983788,0,0,1789187546.1473112,0.8888888955116272,8,0.15016251802444458,0.0
3.517540986649692,23.152608458010945,0.0,0.0,0.3838292956352234,,0.002419374999590218,350,25798,0.0,4.428326195321519e-12,1.953883235761289e-11,0.8026881217956543,0.0,0.125,0,0,23.15259579202393,23.151510416995734,0,0,1789187546.213853,0.8888888955116272,8,0.15200558304786682,0.0
8.131208014674485,23.221060124982614,0.0,0.0,0.36398375034332275,,0.0071062499773688614,351,25897,0.0,4.484001277921257e-12,1.9824844890714566e-11,0.8026189208030701,0.0,0.125,0,0,23.221047083032317,23.22003537497949,0,0,1789187546.282305,0.8888888955116272,8,0.15536117553710938,0.0
5.4323330405168235,23.286535583029035,0.0,0.0,0.36435043811798096,,0.0038188330363482237,352,25947,0.0,4.5076542325162006e-12,1.9946534007830863e-11,0.8025938272476196,0.0,0.125,0,0,23.286521458008792,23.284922250022646,0,0,1789187546.347779,0.8888888955116272,8,0.15580584108829498,0.0
12.663125002291054,23.361118000000715,0.0,0.0,0.3654634952545166,,0.01151070900959894,353,25997,0.0,4.53596578700588e-12,2.0092290678452862e-11,0.8025694489479065,0.0,0.125,0,0,23.361104124982376,23.359965667012148,0,0,1789187546.4223611,0.8888888955116272,8,0.1518547236919403,0.0
15.806166979018599,23.430394291994162,0.0,0.0,0.3662131428718567,,0.014560083975084126,354,26097,0.0,4.587109771886366e-12,2.0356041505187328e-11,0.802529513835907,0.0,0.125,0,0,23.43038074998185,23.429148291994352,0,0,1789187546.491638,0.8888888955116272,8,0.15160249173641205,0.0
21.483000018633902,23.502768874983303,0.0,0.0,0.3626129925251007,,0.020135125028900802,355,26147,0.0,4.613710455347864e-12,2.049341425724993e-11,0.8025042414665222,0.0,0.125,0,0,23.50275225000223,23.5014210420195,0,0,1789187546.564009,0.8888888955116272,8,0.1509111076593399,0.0
3.525500011164695,23.552035874978174,0.0,0.0,0.36145228147506714,,0.002478790993336588,356,26202,0.0,4.640376624620579e-12,2.063129354856752e-11,0.8024724125862122,0.0,0.125,0,0,23.552021750016138,23.550989207986277,0,0,1789187546.6132789,0.8888888955116272,8,0.15344862639904022,0.0
3.1536250025965273,23.618133749987464,0.0,0.0,0.3601154685020447,,0.0020493330084718764,357,26297,0.0,4.689399910051684e-12,2.0885085327826403e-11,0.8024215698242188,0.0,0.125,0,0,23.61812166700838,23.61702962499112,0,0,1789187546.679378,0.8888888955116272,8,0.15480083227157593,0.0
23.913041048217565,23.706163124996237,0.0,0.0,0.3589792847633362,,0.022688625031150877,358,26347,0.0,4.7179148608689214e-12,2.1032888972150054e-11,0.8024000525474548,0.0,0.125,0,0,23.706150082987733,23.70493891701335,0,0,1789187546.7674072,0.8888888955116272,8,0.1532479077577591,0.0
3.526958986185491,23.753173292032443,0.0,0.0,0.3600168824195862,,0.0013163340045139194,359,26398,0.0,4.746268048722024e-12,2.1179972706231176e-11,0.8023812174797058,0.0,0.125,0,0,23.75316062499769,23.75096279202262,0,0,1789187546.814417,0.8888888955116272,8,0.15089017152786255,0.0
13.081167009659111,23.829390250029974,0.0,0.0,0.36349940299987793,,0.00986754201585427,360,26501,0.0,4.8032437402478756e-12,2.1475992859065762e-11,0.8023278713226318,0.0,0.125,0,0,23.82937687501544,23.826176667003892,0,0,1789187546.890634,0.8888888955116272,8,0.15174221992492676,0.0
14.64166701771319,23.89797729201382,0.0,0.0,0.3677820563316345,,0.013619666977319866,361,26548,0.0,4.827132617235552e-12,2.1600330898929876e-11,0.8022999167442322,0.0,0.125,0,0,23.897965000011027,23.89695537497755,0,0,1789187546.959221,0.8888888955116272,8,0.1565973460674286,0.0
13.995832996442914,23.964205667027272,0.0,0.0,0.36576008796691895,,0.012795957969501615,362,26598,0.0,4.850276430490297e-12,2.1720890711063312e-11,0.8022786378860474,0.0,0.125,0,0,23.964192792016547,23.963005832978524,0,0,1789187547.025449,0.8888888955116272,8,0.1530291885137558,0.0
19.791708036791533,24.03608437499497,0.0,0.0,0.36085373163223267,,0.018394333019386977,363,26697,0.0,4.907236509504864e-12,2.201787537015054e-11,0.8022408485412598,0.0,0.125,0,0,24.036072958027944,24.034687208011746,0,0,1789187547.097329,0.8888888955116272,8,0.15127448737621307,0.0
3.030541993211955,24.08592237503035,0.0,0.0,0.36317163705825806,,0.0018532079993747175,364,26748,0.0,4.934525878186324e-12,2.2160401985660272e-11,0.8022224307060242,0.0,0.125,0,0,24.08591012499528,24.084745083004236,0,0,1789187547.147166,0.8888888955116272,8,0.1514052301645279,0.0
9.05570900067687,24.160233542032074,0.0,0.0,0.3649645447731018,,0.007636292022652924,365,26797,0.0,4.95741902389879e-12,2.2280084027714864e-11,0.802200973033905,0.0,0.125,0,0,24.16022050002357,24.158814250025898,0,0,1789187547.221477,0.8888888955116272,8,0.15092596411705017,0.0
18.402958987280726,24.235712875030003,0.0,0.0,0.3608151376247406,,0.01730666699586436,366,26899,0.0,5.014069454772896e-12,2.2576527453077588e-11,0.8021441698074341,0.0,0.125,0,0,24.235702875012066,24.23461662500631,0,0,1789187547.296959,0.8888888955116272,8,0.14991433918476105,0.0
19.760416995268315,24.30325683299452,0.0,0.0,0.3596491515636444,,0.018494457995984703,367,26948,0.0,5.043036301055626e-12,2.2728374737823742e-11,0.8021232485771179,0.0,0.125,0,0,24.303244541981257,24.30199095798889,0,0,1789187547.3645,0.8888888955116272,8,0.15180353820323944,0.0
1.628457976039499,24.350368958024774,0.0,0.0,0.36000335216522217,,2.26249685510993e-05,368,26997,0.0,5.0708651687381145e-12,2.287433090164548e-11,0.802107036113739,0.0,0.125,0,0,24.350357291987166,24.348763249989133,0,0,1789187547.411613,0.8888888955116272,8,0.15159815549850464,0.0
3.813958028331399,24.417036707978696,0.0,0.0,0.358995258808136,,0.0026688750367611647,369,27047,0.0,5.095307422514628e-12,2.300269696942081e-11,0.8020923137664795,0.0,0.125,0,0,24.417020125023555,24.415891667013057,0,0,1789187547.4782772,0.8888888955116272,8,0.15068696439266205,0.0
10.492665984202176,24.490681499999482,0.0,0.0,0.35993823409080505,,0.009071125008631498,370,27147,0.0,5.149386993197336e-12,2.3286985187387366e-11,0.8020474910736084,0.0,0.125,0,0,24.490658707974944,24.489260166999884,0,0,1789187547.5519161,0.8888888955116272,8,0.14955012500286102,0.0
16.77662500878796,24.564605917024892,0.0,0.0,0.3603159487247467,,0.015491666970774531,371,27201,0.0,5.180840999263747e-12,2.3452566277892828e-11,0.8020170331001282,0.0,0.125,0,0,24.56459145800909,24.563321041991003,0,0,1789187547.625847,0.8888888955116272,8,0.1474432647228241,0.0
17.589041963219643,24.630885375023354,0.0,0.0,0.35841137170791626,,0.016571166983339936,372,27247,0.0,5.206761671122662e-12,2.3589135852986054e-11,0.8019980788230896,0.0,0.125,0,0,24.630871667002793,24.629867625015322,0,0,1789187547.692127,0.8888888955116272,8,0.1542612910270691,0.0
23.181374999694526,24.703479124989826,0.0,0.0,0.3573620021343231,,0.021789499965962023,373,27348,0.0,5.259147718011947e-12,2.3865570977776862e-11,0.8019686937332153,0.0,0.125,0,0,24.703467999992426,24.702087291982025,0,0,1789187547.764723,0.8888888955116272,8,0.15289977192878723,0.0
22.315542038995773,24.770060957991518,0.0,0.0,0.35701072216033936,,0.020882250042632222,374,27400,0.0,5.291084844566418e-12,2.4034286713603414e-11,0.8019509315490723,0.0,0.125,0,0,24.770047250029165,24.768627708021086,0,0,1789187547.831302,0.8888888955116272,8,0.15493755042552948,0.0
2.350208000279963,24.815880417008884,0.0,0.0,0.3548518419265747,,0.0011877079959958792,375,27448,0.0,5.31546725038301e-12,2.4163232179019722e-11,0.8019304871559143,0.0,0.125,0,0,24.81586808298016,24.814718000008725,0,0,1789187547.877123,0.8888888955116272,8,0.15478532016277313,0.0
3.5789580433629453,24.883954750024714,0.0,0.0,0.3568098545074463,,0.0024206670350395143,376,27548,0.0,5.372944710674288e-12,2.4467558187857286e-11,0.8018796443939209,0.0,0.125,0,0,24.88393095799256,24.882796542020515,0,0,1789187547.9451861,0.8888888955116272,8,0.15251417458057404,0.0
8.085041015874594,24.95565820799675,0.0,0.0,0.35692456364631653,,0.006125999963842332,377,27599,0.0,5.404920868506968e-12,2.463711006039926e-11,0.8018616437911987,0.0,0.125,0,0,24.955644875008147,24.95369929197477,0,0,1789187548.0169,0.8888888955116272,8,0.15210354328155518,0.0
13.796042010653764,25.027691458002664,0.0,0.0,0.35665765404701233,,0.01250570802949369,378,27652,0.0,5.4341526938006535e-12,2.479226199336715e-11,0.8018481731414795,0.0,0.125,0,0,25.027678332990035,25.02640120801516,0,0,1789187548.0889332,0.8888888955116272,8,0.15379850566387177,0.0
16.32058300310746,25.09782433300279,0.0,0.0,0.3573969900608063,,0.01514274999499321,379,27748,0.0,5.483872904388232e-12,2.505651068573922e-11,0.8018169403076172,0.0,0.125,0,0,25.09781083301641,25.096646666992456,0,0,1789187548.159065,0.8888888955116272,8,0.15794025361537933,0.0
22.465749992989004,25.16943612502655,0.0,0.0,0.35967370867729187,,0.020928625017404556,380,27797,0.0,5.514537611273074e-12,2.521966489810179e-11,0.801790177822113,0.0,0.125,0,0,25.169423417013604,25.167899125022814,0,0,1789187548.230678,0.8888888955116272,8,0.16368155181407928,0.0
2.005834016017616,25.216451874992345,0.0,0.0,0.3618920147418976,,0.0009301669779233634,381,27847,0.0,5.544506694044049e-12,2.5379252518997752e-11,0.8017660975456238,0.0,0.125,0,0,25.216440249991138,25.21537624998018,0,0,1789187548.277694,0.8888888955116272,8,0.16543954610824585,0.0
8.821833005640656,25.289412292011548,0.0,0.0,0.3607741594314575,,0.0077179999789223075,382,27950,0.0,5.6012416926876085e-12,2.568182992657153e-11,0.8017377853393555,0.0,0.125,0,0,25.2894015830243,25.288308541988954,0,0,1789187548.350655,0.8888888955116272,8,0.16582077741622925,0.0
8.730874978937209,25.355931749974843,0.0,0.0,0.362337589263916,,0.0073904169839806855,383,27998,0.0,5.631108426773501e-12,2.5841309994611983e-11,0.8017255067825317,0.0,0.125,0,0,25.35592041700147,25.354591417009942,0,0,1789187548.417174,0.8888888955116272,8,0.1691870242357254,0.0
10.597875050734729,25.423893500003032,0.0,0.0,0.3603350818157196,,0.0096022910438478,384,28050,0.0,5.656257146685606e-12,2.5975759737617565e-11,0.8017090559005737,0.0,0.125,0,0,25.423880833026487,25.422897958022077,0,0,1789187548.4851341,0.8888888955116272,8,0.16864614188671112,0.0
15.464750002138317,25.495283042022493,0.0,0.0,0.3616226315498352,,0.014179416000843048,385,28153,0.0,5.718011134026035e-12,2.63061846611512e-11,0.8016594648361206,0.0,0.125,0,0,25.495268500002567,25.493997832993045,0,0,1789187548.556522,0.8888888955116272,8,0.17157334089279175,0.0
23.21079099783674,25.56905354198534,0.0,0.0,0.3626902103424072,,0.02208437502849847,386,28197,0.0,5.745790562089459e-12,2.645504475207172e-11,0.8016436100006104,0.0,0.125,0,0,25.569041792012285,25.56792729202425,0,0,1789187548.630295,0.8888888955116272,8,0.16985228657722473,0.0
14.63991601485759,25.627919542021118,0.0,0.0,0.35934165120124817,,0.013598999998066574,387,28247,0.0,5.777501740911184e-12,2.6625087551357396e-11,0.8016300201416016,0.0,0.125,0,0,25.6279077079962,25.626878792012576,0,0,1789187548.689161,0.8888888955116272,8,0.16368216276168823,0.0
19.675666990224272,25.699518041976262,0.0,0.0,0.36055853962898254,,0.018412584031466395,388,28298,0.0,5.809417617103074e-12,2.6796396698780534e-11,0.8016180992126465,0.0,0.125,0,0,25.69950454198988,25.69825504202163,0,0,1789187548.760758,0.8888888955116272,8,0.16149692237377167,0.0
18.937917018774897,25.765409332991112,0.0,0.0,0.36019402742385864,,0.017626333981752396,389,28402,0.0,5.869792932960971e-12,2.7120923562495847e-11,0.8015827536582947,0.0,0.125,0,0,25.76539633300854,25.76409779198002,0,0,1789187548.8266501,0.8888888955116272,8,0.1623310148715973,0.0
18.823415972292423,25.831092124979477,0.0,0.0,0.35655519366264343,,0.01777945796493441,390,28450,0.0,5.900587310425642e-12,2.7286671186455003e-11,0.8015592694282532,0.0,0.125,0,0,25.83107962500071,25.830048249976244,0,0,1789187548.892333,0.8888888955116272,8,0.15702363848686218,0.0
22.044166980776936,25.903294250019826,0.0,0.0,0.3581361174583435,,0.020817084005102515,391,28547,0.0,5.953881051373733e-12,2.757389976071334e-11,0.8015342950820923,0.0,0.125,0,0,25.903281042003073,25.902067292016,0,0,1789187548.964534,0.8888888955116272,8,0.15377476811408997,0.0
2.579374995548278,25.950681250018533,0.0,0.0,0.35666725039482117,,0.0012619170011021197,392,28547,0.0,5.953881051373733e-12,2.757389976071334e-11,0.8015342950820923,0.0,0.125,0,0,25.950668708013836,25.94936387502821,0,0,1789187549.011922,0.8888888955116272,8,0.1512659192085266,0.0
3.467292001005262,26.018628082994837,0.0,0.0,0.35958680510520935,,0.002413292007986456,393,28648,0.0,6.013646178248955e-12,2.7896575674479784e-11,0.8015124797821045,0.0,0.125,0,0,26.018614583008457,26.017574166995473,0,0,1789187549.079867,0.8888888955116272,8,0.15336883068084717,0.0
9.399832983035594,26.091996249975637,0.0,0.0,0.3615099787712097,,0.008485458034556359,394,28698,0.0,6.045881677241294e-12,2.8070807830959943e-11,0.8014926314353943,0.0,0.125,0,0,26.09198316698894,26.091081958031282,0,0,1789187549.153236,0.8888888955116272,8,0.15393228828907013,0.0
14.78970900643617,26.16519608302042,0.0,0.0,0.36155587434768677,,0.013581667037215084,395,28798,0.0,6.102513026157164e-12,2.8377388980316276e-11,0.8014547824859619,0.0,0.125,0,0,26.165182832977735,26.1639882500167,0,0,1789187549.2264361,0.8888888955116272,8,0.1562640368938446,0.0
17.909999995026737,26.236071416991763,0.0,0.0,0.3612551689147949,,0.01640145800774917,396,28850,0.0,6.132404480052589e-12,2.8539439908548125e-11,0.8014437556266785,0.0,0.125,0,0,26.23605695797596,26.23456295800861,0,0,1789187549.297309,0.8888888955116272,8,0.15778082609176636,0.0
24.650166044011712,26.310561583028175,0.0,0.0,0.36059078574180603,,0.023401166021358222,397,28948,0.0,6.187702693977171e-12,2.8839545335168637e-11,0.8014279007911682,0.0,0.125,0,0,26.31054704199778,26.309312833007425,0,0,1789187549.3718,0.8888888955116272,8,0.16036903858184814,0.0
9.726707998197526,26.361279457982164,0.0,0.0,0.360294908285141,,0.008185832994058728,398,28999,0.0,6.219249074068678e-12,2.9010979382682045e-11,0.8014124035835266,0.0,0.125,0,0,26.361263833008707,26.359738625003956,0,0,1789187549.422517,0.8888888955116272,8,0.15924501419067383,0.0
18.125624977983534,26.43560037499992,0.0,0.0,0.3609009385108948,,0.017087374988477677,399,29048,0.0,6.250298889565187e-12,2.917988767281443e-11,0.8013914823532104,0.0,0.125,0,0,26.435586166975554,26.43456220801454,0,0,1789187549.4968388,0.8888888955116272,8,0.15839534997940063,0.0
26.50841703871265,26.511691833031364,0.0,0.0,0.35970738530158997,,0.02492050000000745,400,29147,0.0,6.312780593403788e-12,2.952017102986204e-11,0.8013591170310974,0.0,0.125,0,0,26.51167608302785,26.510103999986313,0,0,1789187549.572929,0.8888888955116272,8,0.1559762805700302,0.0
5.7334169978275895,26.556840332981665,0.0,0.0,0.3607587516307831,,0.004303125024307519,401,29147,0.0,6.312780593403788e-12,2.952017102986204e-11,0.8013591170310974,0.0,0.125,0,0,26.55682529200567,26.555410208005924,0,0,1789187549.618078,0.8888888955116272,8,0.1548134982585907,0.0
10.777999996207654,26.628347249992657,0.0,0.0,0.36091694235801697,,0.008680208004079759,402,29247,0.0,6.370446704873078e-12,2.983491578789632e-11,0.8013445734977722,0.0,0.125,0,0,26.62831591698341,26.626249708002433,0,0,1789187549.689569,0.8888888955116272,8,0.1540469527244568,0.0
16.498041979502887,26.702424000017345,0.0,0.0,0.3622274398803711,,0.014942625013645738,403,29298,0.0,6.398910481347775e-12,2.999046844198716e-11,0.8013345003128052,0.0,0.125,0,0,26.702408667013515,26.700868708023336,0,0,1789187549.7636611,0.8888888955116272,8,0.1539878249168396,0.0
24.612999986857176,26.77786908298731,0.0,0.0,0.3619063198566437,,0.023018707986921072,404,29398,0.0,6.463387984545488e-12,3.034319670525143e-11,0.8012964129447937,0.0,0.125,0,0,26.77785433299141,26.776274833013304,0,0,1789187549.839106,0.8888888955116272,8,0.15192434191703796,0.0
7.568999950308353,26.828096250013914,0.0,0.0,0.361237496137619,,0.0057387909619137645,405,29447,0.0,6.487929551241001e-12,3.04777626747299e-11,0.8012851476669312,0.0,0.125,0,0,26.828081874991767,26.826266082993243,0,0,1789187549.889334,0.8888888955116272,8,0.15212474763393402,0.0
6.5752919763326645,26.89380004198756,0.0,0.0,0.36221495270729065,,0.004897666978649795,406,29497,0.0,6.5192048807893865e-12,3.064926090701192e-11,0.8012757897377014,0.0,0.125,0,0,26.89378487499198,26.892122499994002,0,0,1789187549.9550369,0.8888888955116272,8,0.15335863828659058,0.0
11.78716600406915,26.96558429201832,0.0,0.0,0.36276301741600037,,0.010068458039313555,407,29598,0.0,6.584116932217832e-12,3.1005691070173924e-11,0.8012611269950867,0.0,0.125,0,0,26.96557479200419,26.963865625031758,0,0,1789187550.026826,0.8888888955116272,8,0.15269844233989716,0.0
18.255791976116598,27.038627583009657,0.0,0.0,0.3651173710823059,,0.01731191697763279,408,29650,0.0,6.615978164620229e-12,3.118091548848234e-11,0.80124431848526,0.0,0.125,0,0,27.038612083008047,27.037683792004827,0,0,1789187550.099863,0.8888888955116272,8,0.15060685575008392,0.0
23.621541040483862,27.110841582994908,0.0,0.0,0.3658313453197479,,0.022418875014409423,409,29698,0.0,6.646743051785808e-12,3.135024531641939e-11,0.8012256622314453,0.0,0.125,0,0,27.110828541975934,27.10963904199889,0,0,1789187550.17208,0.8888888955116272,8,0.15385431051254272,0.0
7.21154100028798,27.161572833021637,0.0,0.0,0.36510083079338074,,0.0059386250213719904,410,29749,0.0,6.677668400872916e-12,3.152060557010117e-11,0.8012112975120544,0.0,0.125,0,0,27.16155862499727,27.16030004201457,0,0,1789187550.22281,0.8888888955116272,8,0.15473446249961853,0.0
13.10437498614192,27.233676125004422,0.0,0.0,0.36680683493614197,,0.01216095796553418,411,29851,0.0,6.736141592439404e-12,3.1843253728292e-11,0.8011980652809143,0.0,0.125,0,0,27.233662999991793,27.232732874981593,0,0,1789187550.294914,0.8888888955116272,8,0.15724587440490723,0.0
17.54570798948407,27.30496683297679,0.0,0.0,0.3655472695827484,,0.016085874987766147,412,29897,0.0,6.769425298092102e-12,3.202702339444308e-11,0.8011926412582397,0.0,0.125,0,0,27.304954958031885,27.303507042001,0,0,1789187550.366206,0.8888888955116272,8,0.1557176113128662,0.0
23.092999996151775,27.377481000032276,0.0,0.0,0.3647986948490143,,0.021859208995010704,413,29998,0.0,6.830608561408935e-12,3.236542631124273e-11,0.801161527633667,0.0,0.125,0,0,27.37746970797889,27.37624729197705,0,0,1789187550.43872,0.8888888955116272,8,0.15520380437374115,0.0
3.2567079761065543,27.424326749984175,0.0,0.0,0.3659074902534485,,0.0018798329983837903,414,29998,0.0,6.830608561408935e-12,3.236542631124273e-11,0.801161527633667,0.0,0.125,0,0,27.42431229201611,27.422949958010577,0,0,1789187550.4855628,0.8888888955116272,8,0.15590155124664307,0.0
7.089166960213333,27.494363708014134,0.0,0.0,0.36637285351753235,,0.005599374999292195,415,30099,0.0,6.901672375964063e-12,3.275910792632786e-11,0.8011360764503479,0.0,0.125,0,0,27.494349332991987,27.492873958020937,0,0,1789187550.5556,0.8888888955116272,8,0.1557222306728363,0.0
8.381666033528745,27.56188904203009,0.0,0.0,0.3662325143814087,,0.007406708027701825,416,30147,0.0,6.928545844692158e-12,3.2908207409088064e-11,0.8011311292648315,0.0,0.125,0,0,27.56187591701746,27.560914125002455,0,0,1789187550.623126,0.8888888955116272,8,0.1577593982219696,0.0
2.6110830367542803,27.62273300002562,0.0,0.0,0.36590346693992615,,0.001206332992296666,417,30197,0.0,6.967704191396251e-12,3.3125561321734054e-11,0.8011265993118286,0.0,0.125,0,0,27.62271970801521,27.621328332985286,0,0,1789187550.68397,0.8888888955116272,8,0.15880991518497467,0.0
3.6042919964529574,27.690247917023953,0.0,0.0,0.3682788908481598,,0.0023244170006364584,418,30298,0.0,7.028278133092147e-12,3.3462330129019335e-11,0.8011007308959961,0.0,0.125,0,0,27.690232833032496,27.68896812503226,0,0,1789187550.751483,0.8888888955116272,8,0.15981830656528473,0.0
7.358625007327646,27.760418249992654,0.0,0.0,0.36956438422203064,,0.005897332972381264,419,30349,0.0,7.0622223347083235e-12,3.3651248454447114e-11,0.8010839223861694,0.0,0.125,0,0,27.76040012500016,27.75895699998364,0,0,1789187550.82165,0.8888888955116272,8,0.1596716344356537,0.0
13.305709057021886,27.833228375006,0.0,0.0,0.3696390688419342,,0.012374209007248282,420,30397,0.0,7.088730644144725e-12,3.379892893340397e-11,0.8010762929916382,0.0,0.125,0,0,27.833215708029456,27.83229691698216,0,0,1789187550.8944662,0.8888888955116272,8,0.15888375043869019,0.0
14.521250035613775,27.90130345802754,0.0,0.0,0.36981943249702454,,0.01327729201875627,421,30497,0.0,7.1560973292916774e-12,3.4174559015998085e-11,0.8010672330856323,0.0,0.125,0,0,27.901291124988347,27.900059667008463,0,0,1789187550.962541,0.8888888955116272,8,0.161384716629982,0.0
15.808249998372048,27.96898983302526,0.0,0.0,0.3676431179046631,,0.014760666992515326,422,30548,0.0,7.188361884902239e-12,3.435470311008437e-11,0.801059365272522,0.0,0.125,0,0,27.96897570800502,27.96794229198713,0,0,1789187551.030226,0.8888888955116272,8,0.16031117737293243,0.0
17.351125017739832,28.03659291699296,0.0,0.0,0.36658775806427,,0.01604900002712384,423,30598,0.0,7.224810593536857e-12,3.455832148224758e-11,0.8010440468788147,0.0,0.125,0,0,28.036580333020538,28.0352909170324,0,0,1789187551.0978298,0.8888888955116272,8,0.15800638496875763,0.0
20.93183301622048,28.1060174999875,0.0,0.0,0.36107316613197327,,0.01977050001733005,424,30697,0.0,7.288827527651698e-12,3.4916375346583095e-11,0.801017165184021,0.0,0.125,0,0,28.106004083005246,28.104856249992736,0,0,1789187551.167253,0.8888888955116272,8,0.16767719388008118,0.0
5.151999997906387,28.156720375001896,0.0,0.0,0.3580895662307739,,0.004192874999716878,425,30747,0.0,7.32306663225879e-12,3.51080935157011e-11,0.8010122776031494,0.0,0.125,0,0,28.15671008301433,28.155761292029638,0,0,1789187551.217959,0.8888888955116272,8,0.1652839481830597,0.0
9.560291946399957,28.227041208010633,0.0,0.0,0.359041303396225,,0.008705208951141685,426,30798,0.0,7.358006565150177e-12,3.5303846651624227e-11,0.8010095357894897,0.0,0.125,0,0,28.22703020798508,28.226186166983098,0,0,1789187551.288279,0.8888888955116272,8,0.16458986699581146,0.0
17.47845800127834,28.301561792031862,0.0,0.0,0.3588784337043762,,0.016187708009965718,427,30899,0.0,7.42376039114534e-12,3.567264192372299e-11,0.8009940981864929,0.0,0.125,0,0,28.301550832984503,28.30027120799059,0,0,1789187551.3628001,0.8888888955116272,8,0.16524754464626312,0.0
22.981124988291413,28.37473029200919,0.0,0.0,0.35812729597091675,,0.021996416035108268,428,30947,0.0,7.45141188335241e-12,3.5827948247080244e-11,0.8009804487228394,0.0,0.125,0,0,28.37471737503074,28.373745708027855,0,0,1789187551.435967,0.8888888955116272,8,0.1645374447107315,0.0
6.148000014945865,28.42489908298012,0.0,0.0,0.35588106513023376,,0.004909042036160827,429,30998,0.0,7.487305914155584e-12,3.602959250392779e-11,0.8009647130966187,0.0,0.125,0,0,28.424886749999132,28.423660167027265,0,0,1789187551.486136,0.8888888955116272,8,0.16274493932724,0.0
7.9044580343179405,28.493400582985487,0.0,0.0,0.35786306858062744,,0.006581749999895692,430,31047,0.0,7.522031608697688e-12,3.622480093667946e-11,0.8009575009346008,0.0,0.125,0,0,28.493388167000376,28.49207799998112,0,0,1789187551.554637,0.8888888955116272,8,0.15983480215072632,0.0
17.029041948262602,28.56879220798146,0.0,0.0,0.35720884799957275,,0.016099667001981288,431,31147,0.0,7.588871371588812e-12,3.6600899394612085e-11,0.8009535074234009,0.0,0.125,0,0,28.568782666989136,28.567862917028833,0,0,1789187551.630031,0.8888888955116272,8,0.1596495807170868,0.0
14.742667030077428,28.6328066670103,0.0,0.0,0.35728901624679565,,0.01361916703172028,432,31197,0.0,7.6163771470239e-12,3.675588999829671e-11,0.8009454011917114,0.0,0.125,0,0,28.63279462500941,28.631683250016067,0,0,1789187551.694043,0.8888888955116272,8,0.15941819548606873,0.0
17.829749966040254,28.702576707990374,0.0,0.0,0.35684967041015625,,0.01644012500764802,433,31247,0.0,7.653128998585945e-12,3.6962988225752724e-11,0.8009316325187683,0.0,0.125,0,0,28.702560791978613,28.701187167025637,0,0,1789187551.763809,0.8888888955116272,8,0.15908610820770264,0.0
25.038624997250736,28.777362250024453,0.0,0.0,0.35533440113067627,,0.02388183295261115,434,31350,0.0,7.719638296654896e-12,3.7338167280243084e-11,0.8009069561958313,0.0,0.125,0,0,28.77734991698526,28.776205624977592,0,0,1789187551.8385978,0.8888888955116272,8,0.1605602502822876,0.0
2.398666983935982,28.821511166985147,0.0,0.0,0.35488083958625793,,0.0013394169509410858,435,31397,0.0,7.753359586304409e-12,3.75285774678602e-11,0.8009034395217896,0.0,0.125,0,0,28.82149954198394,28.820452041982207,0,0,1789187551.882748,0.8888888955116272,8,0.15973791480064392,0.0
5.107000004500151,28.890304957982153,0.0,0.0,0.3558970093727112,,0.0037625000113621354,436,31448,0.0,7.785067729360051e-12,3.770772583067128e-11,0.8009017705917358,0.0,0.125,0,0,28.890288375027012,28.888960624986794,0,0,1789187551.951537,0.8888888955116272,8,0.15881046652793884,0.0
4.243000003043562,28.95562991697807,0.0,0.0,0.3558970093727112,,0.002905124973040074,437,31500,0.0,7.822515205035963e-12,3.791937597252826e-11,0.8008981347084045,0.0,0.125,0,0,28.955614875012543,28.95429216697812,0,0,1789187552.0168629,0.8888888955116272,8,0.15881046652793884,0.0
9.407499979715794,29.027422083017882,0.0,0.0,0.35630255937576294,,0.008062875014729798,438,31598,0.0,7.891438370821735e-12,3.8309341809927844e-11,0.8008719682693481,0.0,0.125,0,0,29.027406041976064,29.026077583024744,0,0,1789187552.088655,0.8888888955116272,8,0.1604582816362381,0.0
11.75483298720792,29.09620199998608,0.0,0.0,0.3562193512916565,,0.01059049996547401,439,31647,0.0,7.918688274544117e-12,3.846369403537331e-11,0.8008629679679871,0.0,0.125,0,0,29.096181333006825,29.0950377919944,0,0,1789187552.157429,0.8888888955116272,8,0.16243551671504974,0.0
14.648875046987087,29.166309749998618,0.0,0.0,0.3564330041408539,,0.013593125040642917,440,31697,0.0,7.953701933183233e-12,3.866206313429821e-11,0.8008580207824707,0.0,0.125,0,0,29.166297124989796,29.165254042018205,0,0,1789187552.227545,0.8888888955116272,8,0.16270765662193298,0.0
17.26712501840666,29.23579691699706,0.0,0.0,0.3561736047267914,,0.016001708048861474,441,31799,0.0,8.02586989923082e-12,3.907130521896285e-11,0.8008543252944946,0.0,0.125,0,0,29.235785167024005,29.23453158303164,0,0,1789187552.297033,0.8888888955116272,8,0.161133274435997,0.0
23.47958303289488,29.308382207993418,0.0,0.0,0.3573957085609436,,0.022289875021670014,442,31848,0.0,8.056808692424866e-12,3.9246952909799404e-11,0.8008443713188171,0.0,0.125,0,0,29.308368999976665,29.307192542008124,0,0,1789187552.369617,0.8888888955116272,8,0.16255713999271393,0.0
4.743916972074658,29.356889499991667,0.0,0.0,0.35790491104125977,,0.0036700419732369483,443,31897,0.0,8.09389274353256e-12,3.9457558748123844e-11,0.8008308410644531,0.0,0.125,0,0,29.356875292025506,29.355815791990608,0,0,1789187552.418123,0.8888888955116272,8,0.16305691003799438,0.0
5.854959017597139,29.42527483298909,0.0,0.0,0.35909199714660645,,0.004524459014646709,444,31948,0.0,8.129975859194616e-12,3.9662568368514783e-11,0.8008184432983398,0.0,0.125,0,0,29.42526116699446,29.42394454200985,0,0,1789187552.4865081,0.8888888955116272,8,0.16131864488124847,0.0
9.580291982274503,29.495292957988568,0.0,0.0,0.3597780764102936,,0.008339375024661422,445,32048,0.0,8.194588237142586e-12,4.003008688413523e-11,0.800812840461731,0.0,0.125,0,0,29.495279458002187,29.49405212502461,0,0,1789187552.5565271,0.8888888955116272,8,0.1610015630722046,0.0
8.872792008332908,29.560582541977055,0.0,0.0,0.3601745665073395,,0.007788792019709945,446,32098,0.0,8.229670417359003e-12,4.022982641460615e-11,0.8008114099502563,0.0,0.125,0,0,29.560571082984097,29.559498667018488,0,0,1789187552.621818,0.8888888955116272,8,0.16480420529842377,0.0
3.6048750043846667,29.62185708299512,0.0,0.0,0.36064547300338745,,0.002634208998642862,447,32148,0.0,8.267648718418563e-12,4.0446122145931795e-11,0.800803542137146,0.0,0.125,0,0,29.6218444579863,29.620886542019434,0,0,1789187552.683091,0.8888888955116272,8,0.16493791341781616,0.0
9.28358401870355,29.694854250003118,0.0,0.0,0.35983139276504517,,0.008205916965380311,448,32247,0.0,8.335136400527965e-12,4.0830942793501634e-11,0.8007773756980896,0.0,0.125,0,0,29.694840750016738,29.693776624975726,0,0,1789187552.756088,0.8888888955116272,8,0.16623561084270477,0.0
13.036249962169677,29.76463158300612,0.0,0.0,0.3591805100440979,,0.011661625001579523,449,32298,0.0,8.373044445286748e-12,4.104722811648642e-11,0.8007714152336121,0.0,0.125,0,0,29.76461879198905,29.76325708301738,0,0,1789187552.825866,0.8888888955116272,8,0.16560497879981995,0.0
16.91937498981133,29.835307875007857,0.0,0.0,0.3595230281352997,,0.015799209009855986,450,32348,0.0,8.403397769307652e-12,4.122058944178164e-11,0.8007698059082031,0.0,0.125,0,0,29.835294708027504,29.834187792032026,0,0,1789187552.8965409,0.8888888955116272,8,0.165773406624794,0.0
18.640584021341056,29.903838917030953,0.0,0.0,0.360105961561203,,0.017261583998333663,451,32448,0.0,8.480391736065407e-12,4.166054654031193e-11,0.800762414932251,0.0,0.125,0,0,29.903825999994297,29.902460041979793,0,0,1789187552.9650729,0.8888888955116272,8,0.1685820370912552,0.0
25.827708013821393,29.977280082996003,0.0,0.0,0.36079761385917664,,0.024818375008180737,452,32498,0.0,8.518662338030669e-12,4.187948945966191e-11,0.8007484674453735,0.0,0.125,0,0,29.977266417001374,29.976270916988142,0,0,1789187553.038513,0.8888888955116272,8,0.1668022722005844,0.0
8.4237499977462,30.02708245802205,0.0,0.0,0.3606460392475128,,0.00719658297020942,453,32547,0.0,8.549497047816157e-12,4.205601492057731e-11,0.800737202167511,0.0,0.125,0,0,30.027069917006884,30.02585537498817,0,0,1789187553.088316,0.8888888955116272,8,0.1679701805114746,0.0
8.479167008772492,30.09409833297832,0.0,0.0,0.3605927526950836,,0.007378041977062821,454,32598,0.0,8.587954999916825e-12,4.2276234596405615e-11,0.800730288028717,0.0,0.125,0,0,30.094084958021995,30.092997291998472,0,0,1789187553.155332,0.8888888955116272,8,0.16787369549274445,0.0
16.8810419854708,30.1685784169822,0.0,0.0,0.36231744289398193,,0.015459374990314245,455,32699,0.0,8.655490386921816e-12,4.266333814006984e-11,0.8007283210754395,0.0,0.125,0,0,30.168566291977186,30.167156832991168,0,0,1789187553.229813,0.8888888955116272,8,0.1680479347705841,0.0
25.868500000797212,30.244395082991105,0.0,0.0,0.3622637391090393,,0.024352750042453408,456,32747,0.0,8.693806959059192e-12,4.288314842115781e-11,0.8007239103317261,0.0,0.125,0,0,30.24438062502304,30.24287950003054,0,0,1789187553.3056269,0.8888888955116272,8,0.16944265365600586,0.0
6.415625044610351,30.290166791994125,0.0,0.0,0.36295390129089355,,0.005178374995011836,457,32797,0.0,8.727182171375247e-12,4.307473128184469e-11,0.8007135987281799,0.0,0.125,0,0,30.29015266703209,30.288929666974582,0,0,1789187553.351399,0.8888888955116272,8,0.16950586438179016,0.0
8.98279098328203,30.359042999974918,0.0,0.0,0.36181434988975525,,0.007821374980267137,458,32897,0.0,8.804062513745325e-12,4.351639881772229e-11,0.8006937503814697,0.0,0.125,0,0,30.359031874977518,30.357881666976027,0,0,1789187553.4202769,0.8888888955116272,8,0.16920121014118195,0.0
9.565459040459245,30.427960250002798,0.0,0.0,0.36327821016311646,,0.008623500005342066,459,32948,0.0,8.835408966956226e-12,4.3696716384156176e-11,0.8006925582885742,0.0,0.125,0,0,30.42794970801333,30.42701833299361,0,0,1789187553.489195,0.8888888955116272,8,0.16915853321552277,0.0
17.669624998234212,30.501590457977727,0.0,0.0,0.36307013034820557,,0.01588845794321969,460,32998,0.0,8.87562766338501e-12,4.392809380138196e-11,0.8006933331489563,0.0,0.125,0,0,30.501571749977302,30.499809374974575,0,0,1789187553.562817,0.8888888955116272,8,0.16946923732757568,0.0
2.3865409893915057,30.55230404197937,0.0,0.0,0.36658382415771484,,0.00112279097083956,461,33048,0.0,8.914280771876726e-12,4.415060678164551e-11,0.8006898164749146,0.0,0.125,0,0,30.552289917017333,30.551040332997218,0,0,1789187553.613536,0.8888888955116272,8,0.16778849065303802,0.0
8.177832991350442,30.622868457983714,0.0,0.0,0.36766400933265686,,0.006893165991641581,462,33148,0.0,8.983666241468846e-12,4.455047789009292e-11,0.8006673455238342,0.0,0.125,0,0,30.622855374997016,30.621583833009936,0,0,1789187553.684101,0.8888888955116272,8,0.16618767380714417,0.0
15.32087504165247,30.69486866699299,0.0,0.0,0.3673688769340515,,0.01413895800942555,463,33197,0.0,9.020693914063571e-12,4.4763987655516146e-11,0.8006609082221985,0.0,0.125,0,0,30.69485450000502,30.693686874990817,0,0,1789187553.7561002,0.8888888955116272,8,0.16516715288162231,0.0
14.721040963195264,30.762837333022617,0.0,0.0,0.3666520416736603,,0.013589874957688153,464,33297,0.0,9.094979110113588e-12,4.5192783543202e-11,0.8006616830825806,0.0,0.125,0,0,30.762827416998334,30.761706291988958,0,0,1789187553.824073,0.8888888955116272,8,0.16671225428581238,0.0
11.936332972254604,30.828422708029393,0.0,0.0,0.3665546178817749,,0.01050466694869101,465,33348,0.0,9.124256038217649e-12,4.536199540994268e-11,0.8006579875946045,0.0,0.125,0,0,30.828409541980363,30.826991166977677,0,0,1789187553.889655,0.8888888955116272,8,0.16672399640083313,0.0
17.388249980285764,30.90143666701624,0.0,0.0,0.36764219403266907,,0.016174874966964126,466,33398,0.0,9.164384529025682e-12,4.5593924469233826e-11,0.8006486296653748,0.0,0.125,0,0,30.901423708011862,30.900223416974768,0,0,1789187553.9626691,0.8888888955116272,8,0.16528314352035522,0.0
23.370624985545874,30.974085583002307,0.0,0.0,0.36745092272758484,,0.022109750017989427,467,33498,0.0,9.229297881496734e-12,4.596955455182794e-11,0.8006301522254944,0.0,0.125,0,0,30.974072417011485,30.97282487503253,0,0,1789187554.035317,0.8888888955116272,8,0.16558738052845,0.0
3.99675004882738,31.02231720800046,0.0,0.0,0.3655778467655182,,0.0026480420492589474,468,33547,0.0,9.265603909125453e-12,4.617978568988157e-11,0.8006284832954407,0.0,0.125,0,0,31.02230408298783,31.02096854202682,0,0,1789187554.083549,0.8888888955116272,8,0.1630547046661377,0.0
6.797500012908131,31.091042332991492,0.0,0.0,0.3659289479255676,,0.005683625000528991,469,33597,0.0,9.307984071005304e-12,4.64253566145878e-11,0.8006302714347839,0.0,0.125,0,0,31.09103066701209,31.08992858300917,0,0,1789187554.152276,0.8888888955116272,8,0.16235214471817017,0.0
6.124707986600697,31.157960375014227,0.0,0.0,0.3650830388069153,,0.004879374988377094,470,33647,0.0,9.338390304092226e-12,4.6601698194814745e-11,0.8006289005279541,0.0,0.125,0,0,31.157948124979157,31.156715249991976,0,0,1789187554.219193,0.8888888955116272,8,0.1633192002773285,0.0
8.436666976194829,31.227383041987196,0.0,0.0,0.36554408073425293,,0.007032208959572017,471,33747,0.0,9.41123654701892e-12,4.7024436428122485e-11,0.8006118535995483,0.0,0.125,0,0,31.227366750012152,31.225978666974697,0,0,1789187554.2886121,0.8888888955116272,8,0.16315871477127075,0.0
4.922541964333504,31.28995866701007,0.0,0.0,0.3655936121940613,,0.0038593749632127583,472,33798,0.0,9.45053410528196e-12,4.7252694812538465e-11,0.8006024360656738,0.0,0.125,0,0,31.289945124997757,31.288895624980796,0,0,1789187554.351189,0.8888888955116272,8,0.16301670670509338,0.0
8.736375020816922,31.361144500027876,0.0,0.0,0.36740100383758545,,0.007356167014222592,473,33848,0.0,9.489756203073796e-12,4.7480689518986097e-11,0.8006001710891724,0.0,0.125,0,0,31.36113120801747,31.359764499997254,0,0,1789187554.422376,0.8888888955116272,8,0.16328544914722443,0.0
13.030334026552737,31.431441083026584,0.0,0.0,0.36998841166496277,,0.011495959013700485,474,33947,0.0,9.563612055063508e-12,4.7910456851818495e-11,0.8006015419960022,0.0,0.125,0,0,31.4314294999931,31.429906792007387,0,0,1789187554.492674,0.8888888955116272,8,0.16745306551456451,0.0
16.978333005681634,31.502210707985796,0.0,0.0,0.3683244287967682,,0.0159446659963578,475,34000,0.0,9.604980005795127e-12,4.815138565650301e-11,0.8005947470664978,0.0,0.125,0,0,31.50219854200259,31.501177333004307,0,0,1789187554.563443,0.8888888955116272,8,0.17137745022773743,0.0
21.88650000607595,31.573791457980406,0.0,0.0,0.3684835135936737,,0.020908000005874783,476,34048,0.0,9.644909003403423e-12,4.8384074524676635e-11,0.8005843758583069,0.0,0.125,0,0,31.573778124991804,31.57281308301026,0,0,1789187554.6350222,0.8888888955116272,8,0.1718122959136963,0.0
21.248792007099837,31.640167624980677,0.0,0.0,0.3677477240562439,,0.017181084025651217,477,34149,0.0,9.718749242881852e-12,4.881490697772328e-11,0.8005746603012085,0.0,0.125,0,0,31.640155041997787,31.636100042029284,0,0,1789187554.701399,0.8888888955116272,8,0.17000514268875122,0.0
24.260332982521504,31.71058641700074,0.0,0.0,0.3676300048828125,,0.023340665968135,478,34197,0.0,9.759106717188715e-12,4.905056222304083e-11,0.8005770444869995,0.0,0.125,0,0,31.710577499994542,31.70966683299048,0,0,1789187554.771821,0.8888888955116272,8,0.1690320074558258,0.0
8.458584023173898,31.760697457997594,0.0,0.0,0.3676300048828125,,0.00713550002546981,479,34248,0.0,9.79704858905528e-12,4.927233968055056e-11,0.800578236579895,0.0,0.125,0,0,31.760683625005186,31.7593745830236,0,0,1789187554.8219268,0.8888888955116272,8,0.1690320074558258,0.0
8.12574999872595,31.827265082974918,0.0,0.0,0.367560476064682,,0.006283957976847887,480,34297,0.0,9.831950358030195e-12,4.9476475000309605e-11,0.8005726933479309,0.0,0.125,0,0,31.82725308299996,31.825423458009027,0,0,1789187554.8884962,0.8888888955116272,8,0.1693935990333557,0.0
8.456124982330948,31.893722707987763,0.0,0.0,0.3666287362575531,,0.007343207951635122,481,34347,0.0,9.873913318914074e-12,4.972202163888717e-11,0.8005626201629639,0.0,0.125,0,0,31.893705583002884,31.892609832983,0,0,1789187554.9549491,0.8888888955116272,8,0.16904252767562866,0.0
10.841332958079875,31.96232200000668,0.0,0.0,0.36633002758026123,,0.009798457962460816,482,34447,0.0,9.946388331016909e-12,5.0146633373548966e-11,0.800550103187561,0.0,0.125,0,0,31.96230904199183,31.96127924998291,0,0,1789187555.023552,0.8888888955116272,8,0.16903409361839294,0.0
11.535792029462755,32.02917412499664,0.0,0.0,0.3677242398262024,,0.010310999990906566,483,34498,0.0,9.983875705332768e-12,5.036644365463694e-11,0.8005508780479431,0.0,0.125,0,0,32.02915962500265,32.02794937498402,0,0,1789187555.090403,0.8888888955116272,8,0.16722114384174347,0.0
15.690958010964096,32.10000862501329,0.0,0.0,0.36719024181365967,,0.014287292025983334,484,34549,0.0,1.0025799634938437e-11,5.0612417035189594e-11,0.8005529642105103,0.0,0.125,0,0,32.09999258298194,32.09860516700428,0,0,1789187555.161236,0.8888888955116272,8,0.16619843244552612,0.0
16.147834016010165,32.16817770799389,0.0,0.0,0.3669021427631378,,0.014940374996513128,485,34648,0.0,1.0108964880461979e-11,5.1100845777085624e-11,0.8005394339561462,0.0,0.125,0,0,32.16816333302995,32.166970457998104,0,0,1789187555.2294059,0.8888888955116272,8,0.1651066392660141,0.0
24.352958018425852,32.24329387501348,0.0,0.0,0.367262065410614,,0.02308812498813495,486,34698,0.0,1.0148332695025797e-11,5.1332389727765104e-11,0.800528883934021,0.0,0.125,0,0,32.24327691702638,32.24202912498731,0,0,1789187555.30452,0.8888888955116272,8,0.16424578428268433,0.0
4.842791997361928,32.2903266249923,0.0,0.0,0.3673657178878784,,0.0036886250018142164,487,34747,0.0,1.0181214378512937e-11,5.1525929356532885e-11,0.80052649974823,0.0,0.125,0,0,32.29031125002075,32.289172624994535,0,0,1789187555.3515542,0.8888888955116272,8,0.16409748792648315,0.0
13.981750002130866,32.36617416702211,0.0,0.0,0.3655969202518463,,0.012802915996871889,488,34847,0.0,1.0254653029506677e-11,5.195850347194941e-11,0.8005298376083374,0.0,0.125,0,0,32.36616379203042,32.3649954579887,0,0,1789187555.427406,0.8888888955116272,8,0.16548117995262146,0.0
12.4206249602139,32.43141291697975,0.0,0.0,0.36543527245521545,,0.01110825000796467,489,34899,0.0,1.029553178821807e-11,5.219959881008762e-11,0.8005263805389404,0.0,0.125,0,0,32.4313997499994,32.43010062503163,0,0,1789187555.4926422,0.8888888955116272,8,0.1655111014842987,0.0
15.205625037197024,32.50010699999984,0.0,0.0,0.36532503366470337,,0.014101915992796421,490,34947,0.0,1.0335552726170594e-11,5.243572243074368e-11,0.8005178570747375,0.0,0.125,0,0,32.50009337498341,32.499003332981374,0,0,1789187555.561336,0.8888888955116272,8,0.16602830588817596,0.0
14.428582973778248,32.5663305830094,0.0,0.0,0.3651805520057678,,0.013158500019926578,491,34997,0.0,1.0370869961418006e-11,5.264429864260123e-11,0.8005083203315735,0.0,0.125,0,0,32.56631716701668,32.5650606250274,0,0,1789187555.62756,0.8888888955116272,8,0.16708755493164062,0.0
16.50712499395013,32.6351380830165,0.0,0.0,0.3656790852546692,,0.015456957975402474,492,35098,0.0,1.0444192385938855e-11,5.3077719303074034e-11,0.8005033731460571,0.0,0.125,0,0,32.635125375003554,32.63408799999161,0,0,1789187555.6963682,0.8888888955116272,8,0.16686594486236572,0.0
16.919375048018992,32.702153542020824,0.0,0.0,0.3651815950870514,,0.01591929205460474,493,35152,0.0,1.0497054614422296e-11,5.339059402920121e-11,0.8005063533782959,0.0,0.125,0,0,32.702139333006926,32.701153542031534,0,0,1789187555.763382,0.8888888955116272,8,0.16701367497444153,0.0
16.197625023778528,32.76846083300188,0.0,0.0,0.36520737409591675,,0.01474054204300046,494,35197,0.0,1.0530496613592177e-11,5.3588682102923e-11,0.8005034923553467,0.0,0.125,0,0,32.76844545803033,32.76700391701888,0,0,1789187555.829688,0.8888888955116272,8,0.16702157258987427,0.0
25.138749973848462,32.84453783300705,0.0,0.0,0.3668323755264282,,0.023415374977048486,495,35297,0.0,1.0611870757126773e-11,5.407120931555376e-11,0.8004855513572693,0.0,0.125,0,0,32.84452533302829,32.842814499977976,0,0,1789187555.905767,0.8888888955116272,8,0.16592051088809967,0.0
4.3692089966498315,32.89046766702086,0.0,0.0,0.36715981364250183,,0.003125083982013166,496,35349,0.0,1.065445995318548e-11,5.4324076487199946e-11,0.8004818558692932,0.0,0.125,0,0,32.890456833003554,32.88922366697807,0,0,1789187555.951699,0.8888888955116272,8,0.16611163318157196,0.0
4.136041970923543,32.95627249998506,0.0,0.0,0.36751338839530945,,0.0028540000203065574,497,35398,0.0,1.0693794808003254e-11,5.455783394503477e-11,0.8004839420318604,0.0,0.125,0,0,32.956259250000585,32.954990625032224,0,0,1789187556.0175009,0.8888888955116272,8,0.16626514494419098,0.0
9.504250017926097,33.02747837500647,0.0,0.0,0.3686021566390991,,0.00835125002777204,498,35447,0.0,1.0727150938361074e-11,5.475626549400481e-11,0.8004860281944275,0.0,0.125,0,0,33.02746383298654,33.02632554201409,0,0,1789187556.088705,0.8888888955116272,8,0.16683167219161987,0.0
12.2258749906905,33.097096832992975,0.0,0.0,0.36918920278549194,,0.011140207992866635,499,35548,0.0,1.081043501244272e-11,5.525219171076401e-11,0.8004754781723022,0.0,0.125,0,0,33.097084083012305,33.09601120802108,0,0,1789187556.158326,0.8888888955116272,8,0.1660100817680359,0.0
15.018959005828947,33.166897666989826,0.0,0.0,0.3689745366573334,,0.013475959014613181,500,35597,0.0,1.085322977323333e-11,5.55073695340802e-11,0.800464391708374,0.0,0.125,0,0,33.16688495798735,33.165354792028666,0,0,1789187556.228127,0.8888888955116272,8,0.16721855103969574,0.0
13.35245801601559,33.23187220800901,0.0,0.0,0.3690911829471588,,0.012272333027794957,501,35647,0.0,1.0886173906765606e-11,5.570407329846816e-11,0.8004612326622009,0.0,0.125,0,0,33.231859958032146,33.23079225001857,0,0,1789187556.293101,0.8888888955116272,8,0.16710081696510315,0.0
14.08537500537932,33.29932554200059,0.0,0.0,0.366292268037796,,0.012807791004888713,502,35698,0.0,1.0928690244438322e-11,5.59580125292225e-11,0.8004618287086487,0.0,0.125,0,0,33.299307957990095,33.29804808303015,0,0,1789187556.3605492,0.8888888955116272,8,0.16676151752471924,0.0
16.331334016285837,33.368693833006546,0.0,0.0,0.36619776487350464,,0.015002500033006072,503,35748,0.0,1.0975669158252988e-11,5.623898222117951e-11,0.800463855266571,0.0,0.125,0,0,33.36868058302207,33.36736508301692,0,0,1789187556.429922,0.8888888955116272,8,0.16685795783996582,0.0
20.656791981309652,33.43914933298947,0.0,0.0,0.3651597201824188,,0.019412500027101487,504,35847,0.0,1.1062757480917451e-11,5.676042275082338e-11,0.8004515171051025,0.0,0.125,0,0,33.439134582993574,33.43790512502892,0,0,1789187556.500376,0.8888888955116272,8,0.16769921779632568,0.0
2.3282080073840916,33.487516166991554,0.0,0.0,0.36367741227149963,,0.0013705000164918602,505,35897,0.0,1.1109441491741201e-11,5.7040348139247854e-11,0.8004424571990967,0.0,0.125,0,0,33.487505791999865,33.486558542004786,0,0,1789187556.5487459,0.8888888955116272,8,0.1688086837530136,0.0
25.745041959453374,33.57803583302302,0.0,0.0,0.3638249635696411,,0.02449745894409716,506,35948,0.0,1.1145565373404942e-11,5.725725449323704e-11,0.8004412055015564,0.0,0.125,0,0,33.57802287500817,33.57678829197539,0,0,1789187556.639264,0.8888888955116272,8,0.16886596381664276,0.0
18.40508298482746,33.63735020800959,0.0,0.0,0.36352038383483887,,0.017080332967452705,507,36047,0.0,1.1226626399352124e-11,5.77445834204493e-11,0.8004465699195862,0.0,0.125,0,0,33.63733833300648,33.63602562499,0,0,1789187556.6985788,0.8888888955116272,8,0.16886892914772034,0.0
20.780000020749867,33.70614825002849,0.0,0.0,0.362902969121933,,0.01961654203478247,508,36098,0.0,1.1271591299211181e-11,5.801536681615538e-11,0.8004427552223206,0.0,0.125,0,0,33.706135708023794,33.70498491701437,0,0,1789187556.767376,0.8888888955116272,8,0.16827142238616943,0.0
19.38416698249057,33.77177283301717,0.0,0.0,0.36361539363861084,,0.01824454200686887,509,36148,0.0,1.1310111701356984e-11,5.824764282014172e-11,0.800433874130249,0.0,0.125,0,0,33.771759458002634,33.77063325000927,0,0,1789187556.833,0.8888888955116272,8,0.16724073886871338,0.0
2.3821659851819277,33.82155641698046,0.0,0.0,0.36320263147354126,,0.0011757910251617432,510,36198,0.0,1.1344360346943194e-11,5.845441491958425e-11,0.8004258871078491,0.0,0.125,0,0,33.821541082987096,33.820350208028685,0,0,1789187556.882781,0.8888888955116272,8,0.16787616908550262,0.0
9.988542005885392,33.895309458021075,0.0,0.0,0.3638291656970978,,0.008776750008109957,511,36298,0.0,1.1421035124581369e-11,5.891784976563841e-11,0.8004242181777954,0.0,0.125,0,0,33.89529745798791,33.89409770799102,0,0,1789187556.9565382,0.8888888955116272,8,0.16869637370109558,0.0
14.196958974935114,33.96617716702167,0.0,0.0,0.36505386233329773,,0.013009499991312623,512,36348,0.0,1.1462662416472646e-11,5.916980794218318e-11,0.8004278540611267,0.0,0.125,0,0,33.96616416698089,33.964989833009895,0,0,1789187557.027404,0.8888888955116272,8,0.1696203202009201,0.0
20.191874995362014,34.03831070801243,0.0,0.0,0.3654926121234894,,0.018326958001125604,513,36398,0.0,1.1506974192942998e-11,5.943825986953755e-11,0.8004278540611267,0.0,0.125,0,0,34.03829929197673,34.03644587501185,0,0,1789187557.099539,0.8888888955116272,8,0.16939854621887207,0.0
3.510541981086135,34.086658041982446,0.0,0.0,0.3640498220920563,,0.0022474590223282576,514,36447,0.0,1.1552107360979225e-11,5.971195760068326e-11,0.8004211187362671,0.0,0.125,0,0,34.08664699998917,34.08539504202781,0,0,1789187557.147887,0.8888888955116272,8,0.16697879135608673,0.0
7.257541990838945,34.15659012499964,0.0,0.0,0.3637378215789795,,0.006149207998532802,515,36547,0.0,1.1627591250951141e-11,6.01707364489279e-11,0.8004070520401001,0.0,0.125,0,0,34.15657549997559,34.15548195800511,0,0,1789187557.217815,0.8888888955116272,8,0.16721948981285095,0.0
10.167959029786289,34.22751454199897,0.0,0.0,0.3637378215789795,,0.008592833997681737,516,36597,0.0,1.1666426505407834e-11,6.04071098697645e-11,0.800407886505127,0.0,0.125,0,0,34.22750116698444,34.22593954199692,0,0,1789187557.288741,0.8888888955116272,8,0.16721948981285095,0.0
15.56816598167643,34.29905729199527,0.0,0.0,0.3637072443962097,,0.014477582997642457,517,36647,0.0,1.1709782449242923e-11,6.067122498842892e-11,0.8004125356674194,0.0,0.125,0,0,34.299044458020944,34.29796687501948,0,0,1789187557.3602839,0.8888888955116272,8,0.16730563342571259,0.0
21.065292006824166,34.37104154197732,0.0,0.0,0.36458900570869446,,0.0197879170300439,518,36747,0.0,1.1788778286891954e-11,6.115343648138705e-11,0.8004094958305359,0.0,0.125,0,0,34.37102808302734,34.369764250004664,0,0,1789187557.432267,0.8888888955116272,8,0.16548921167850494,0.0
2.0693750120699406,34.418139291985426,0.0,0.0,0.3645969331264496,,0.0008285410003736615,519,36802,0.0,1.183007858340801e-11,6.140602609727708e-11,0.8004008531570435,0.0,0.125,0,0,34.418125208001584,34.41689870797563,0,0,1789187557.479365,0.8888888955116272,8,0.16603247821331024,0.0
7.162916997913271,34.48893308301922,0.0,0.0,0.3647956848144531,,0.00564220902742818,520,36847,0.0,1.1866552879213899e-11,6.162927113084748e-11,0.8003943562507629,0.0,0.125,0,0,34.488922958029434,34.48741241701646,0,0,1789187557.5501618,0.8888888955116272,8,0.16595889627933502,0.0
8.568791032303125,34.55747599998722,0.0,0.0,0.36443954706192017,,0.007345666002947837,521,36947,0.0,1.1945556523118572e-11,6.211373776432438e-11,0.8003968000411987,0.0,0.125,0,0,34.557463000004645,34.55625308299204,0,0,1789187557.6187022,0.8888888955116272,8,0.16620178520679474,0.0
8.82749998709187,34.62581900000805,0.0,0.0,0.3643287420272827,,0.007233999960590154,522,37000,0.0,1.199159434944752e-11,6.239658095763545e-11,0.8004007339477539,0.0,0.125,0,0,34.62580566701945,34.62422558298567,0,0,1789187557.687045,0.8888888955116272,8,0.16682006418704987,0.0
12.342915986664593,34.697185542027,0.0,0.0,0.3650287389755249,,0.01099329098360613,523,37049,0.0,1.203560948820348e-11,6.266729496440249e-11,0.8003973364830017,0.0,0.125,0,0,34.69716804201016,34.695835958002135,0,0,1789187557.7584069,0.8888888955116272,8,0.16655927896499634,0.0
15.930916997604072,34.76819041703129,0.0,0.0,0.36632150411605835,,0.014697250036988407,524,37149,0.0,1.2114956607356397e-11,6.31562233066596e-11,0.8003810048103333,0.0,0.125,0,0,34.76817745802691,34.76695683301659,0,0,1789187557.829416,0.8888888955116272,8,0.16676823794841766,0.0
23.471000022254884,34.842738792009186,0.0,0.0,0.3661486804485321,,0.021945749991573393,525,37197,0.0,1.2156421702602671e-11,6.3412324002865e-11,0.8003801703453064,0.0,0.125,0,0,34.84270745801041,34.84121379198041,0,0,1789187557.903955,0.8888888955116272,8,0.1675131767988205,0.0
25.000958994496614,34.91075974999694,0.0,0.0,0.365775465965271,,0.023708083957899362,526,37299,0.0,1.2230372097021824e-11,6.386983303352523e-11,0.8003872036933899,0.0,0.125,0,0,34.91074845800176,34.909466916986275,0,0,1789187557.971987,0.8888888955116272,8,0.1682923287153244,0.0
7.495166035369039,34.96048087498639,0.0,0.0,0.366367369890213,,0.006161375029478222,527,37348,0.0,1.2274902448650149e-11,6.414571651625067e-11,0.8003864884376526,0.0,0.125,0,0,34.96046920801746,34.95914729201468,0,0,1789187558.021708,0.8888888955116272,8,0.169364333152771,0.0
,,,,,after-land,,,44198,,1.6315265111144228e-11,9.120211530433409e-11,0.019887544214725494,,,,,42.01326058298582,,,,,,,,
