applied_lat_ms,applied_t,cmd_vx,cmd_yaw,conf,event,frame_age,frame_count,fw_ts,pitch,px,py,pz,roll,size,size_bucket,streak,t,t_proc,torn_frames,tracking,wall,x,x_bin,x_soft,yaw
14.744042011443526,11.450857791001908,0.0,0.0,0.8873040676116943,,0.010920792003162205,165,14284,0.0,1.745874712161255e-12,1.1776312618203694e-13,0.8465948104858398,0.0,0.375,1,1,11.450819207995664,11.44703495799331,0,0,1789187379.917042,-0.444444477558136,2,-0.47470802068710327,0.0
6.278500019107014,11.509699124959297,0.0,0.0,0.9187908172607422,,0.004707875021267682,166,14334,0.0,1.7757316884275953e-12,1.1966282457108457e-13,0.8445523977279663,0.0,0.375,1,2,11.509683582989965,11.508128624991514,0,0,1789187379.975904,-0.444444477558136,2,-0.5025855898857117,0.0
10.411125025711954,11.57903283298947,0.2,26.66666865348816,0.955508291721344,,0.009256749995984137,167,14435,0.0,1.8418825492583224e-12,1.2388514151161212e-13,0.8403704166412354,0.0,0.375,1,3,11.57901899999706,11.577878540963866,0,1,1789187380.045239,-0.444444477558136,2,-0.5200150012969971,0.0
18.61179096158594,11.653713083011098,0.2,26.66666865348816,0.9913396239280701,,0.017564999987371266,168,14484,-0.044225629419088364,2.3862698981247377e-06,-1.6003228964223126e-08,0.8383108377456665,4.350978244360704e-08,0.375,1,4,11.653700208000373,11.6526663749828,0,1,1789187380.11992,-0.444444477558136,2,-0.5168531537055969,9.951704851118848e-05
2.7206660015508533,11.703658332990017,0.2,26.66666865348816,0.9990954399108887,,0.0013414580025710166,169,14535,-1.3418551683425903,7.126921991584823e-05,-3.456334809470718e-07,0.8363620638847351,0.0023837178014218807,0.375,1,5,11.703644540975802,11.702279207995161,0,1,1789187380.169864,-0.444444477558136,2,-0.4998266100883484,0.020664850249886513
8.017292013391852,11.773774333007168,0.2,26.66666865348816,0.9951944947242737,,0.006552083999849856,170,14584,-3.293398141860962,0.00047272234223783016,-7.76533568114246e-07,0.8348420262336731,-0.003009004285559058,0.375,1,6,11.773760249954648,11.772309249965474,0,1,1789187380.23998,-0.444444477558136,2,-0.4685029983520508,0.10513710975646973
9.636125003453344,11.840902165975422,0.0,26.66666865348816,0.978498637676239,,0.0082171669928357,171,14685,-3.651766538619995,0.003929802216589451,1.3400049283518456e-05,0.831987202167511,0.02690095268189907,0.625,2,7,11.840888957958668,11.839483249990735,0,1,1789187380.3071082,-0.444444477558136,2,-0.4711029827594757,0.7484118938446045
11.9619169854559,11.908145124965813,0.2,26.66666865348816,0.9414539337158203,,0.010721082973759621,172,14735,-3.142512321472168,0.007376071531325579,3.483332693576813e-05,0.8306625485420227,0.10098349303007126,0.375,1,8,11.908131000003777,11.906904415984172,0,1,1789187380.37435,-0.444444477558136,2,-0.4580632150173187,1.513098955154419
13.35712498985231,11.974717707955278,0.2,26.66666865348816,0.9702197313308716,,0.012150832975748926,173,14785,-2.3966574668884277,0.011228284798562527,4.98958834214136e-05,0.8295610547065735,0.1131134107708931,0.375,1,9,11.974704166001175,11.973511457967106,0,1,1789187380.440923,-0.444444477558136,2,-0.42849692702293396,2.5296146869659424
15.447875019162893,12.04132254095748,0.2,26.66666865348816,0.9867342710494995,,0.014362000045366585,174,14885,-1.3286586999893188,0.018906526267528534,8.596870611654595e-05,0.8278263211250305,-0.034492626786231995,0.375,1,10,12.041309457970783,12.040236708009616,0,1,1789187380.5075278,-0.444444477558136,2,-0.42852941155433655,5.013753890991211
15.905249980278313,12.105829957989044,0.2,26.66666865348816,0.9956661462783813,,0.01439170801313594,175,14934,-2.581251859664917,0.02160118892788887,0.00014169191126711667,0.8272275328636169,-0.060387615114450455,0.375,1,11,12.105816582974512,12.104316457989626,0,1,1789187380.572035,-0.444444477558136,2,-0.4090755879878998,6.1079182624816895
13.658332987688482,12.172133957967162,0.2,26.66666865348816,0.9939530491828918,,0.012225957994814962,176,14984,-2.7283430099487305,0.025871925055980682,0.00031697744270786643,0.8266326785087585,-0.00916291493922472,0.375,1,12,12.172120500006713,12.170701665978413,0,1,1789187380.638339,-0.444444477558136,2,-0.4035598933696747,7.4548797607421875
16.002333955839276,12.23871920799138,0.2,26.66666865348816,0.9869011044502258,,0.014994999975897372,177,15085,-1.4614118337631226,0.03539533168077469,0.0009095343411900103,0.8257380723953247,-0.1254805475473404,0.375,1,13,12.238705665979069,12.237711915979162,0,1,1789187380.7049239,-0.444444477558136,2,-0.3501102924346924,9.444788932800293
1.4737920137122273,12.290044665976893,0.2,13.333333432674408,0.9579331278800964,,0.00016941700596362352,178,15135,-2.025635242462158,0.04055986553430557,0.0013022103812545538,0.8253951072692871,-0.20616169273853302,0.375,1,14,12.290033916011453,12.288740332995076,0,1,1789187380.7562518,-0.2222222238779068,3,-0.308357834815979,10.247802734375
2.6623340090736747,12.359545999963302,0.2,13.333333432674408,0.9595630764961243,,0.0011823750101029873,179,15187,-2.058898448944092,0.0465192086994648,0.0018705053953453898,0.8251306414604187,-0.1935017704963684,0.375,1,15,12.359536040981766,12.358066165994387,0,1,1789187380.8257542,-0.2222222238779068,3,-0.30434778332710266,11.100874900817871
5.007667001336813,12.429760541010182,0.2,13.333333432674408,0.9575138092041016,,0.0035583749995566905,180,15234,-1.5454814434051514,0.05208282545208931,0.0024892811197787523,0.8249557018280029,-0.16540907323360443,0.375,1,16,12.429748583002947,12.428311290976126,0,1,1789187380.895966,-0.2222222238779068,3,-0.25021061301231384,11.914287567138672
3.654374973848462,12.492979208007455,0.2,13.333333432674408,0.9963964819908142,,0.002288290997967124,181,15334,-1.4565002918243408,0.06415607035160065,0.003975258208811283,0.8247008919715881,-0.2516808807849884,0.375,1,17,12.492967207974289,12.491613165999297,0,1,1789187380.959185,-0.2222222238779068,3,-0.22461403906345367,13.64577579498291
4.759625007864088,12.562816541001666,0.2,13.333333432674408,0.9915773868560791,,0.002982292033266276,182,15385,-1.5437957048416138,0.07100933790206909,0.004949463065713644,0.8246251344680786,-0.26268869638442993,0.375,1,18,12.562806540983729,12.561039249994792,0,1,1789187381.029024,-0.2222222238779068,3,-0.23157070577144623,14.585779190063477
8.878084016032517,12.632168125011958,0.2,13.333333432674408,0.9674829244613647,,0.007368709018919617,183,15434,-1.3236684799194336,0.07728815823793411,0.005935400724411011,0.8245767951011658,-0.24671489000320435,0.375,1,19,12.632157082960475,12.630658874986693,0,1,1789187381.098374,-0.2222222238779068,3,-0.23363065719604492,15.404745101928711
14.900832960847765,12.703776000009384,0.2,13.333333432674408,0.9682005643844604,,0.013789999997243285,184,15534,-1.1202436685562134,0.09077879041433334,0.008216727524995804,0.8244938850402832,-0.31482359766960144,0.375,1,20,12.703761374985334,12.702665249991696,0,1,1789187381.1699789,-0.2222222238779068,3,-0.2424960881471634,16.83461570739746
18.15216604154557,12.776204750000034,0.2,13.333333432674408,0.9855454564094543,,0.016816375020425767,185,15586,-1.1734107732772827,0.09883257001638412,0.00974231120198965,0.8244609832763672,-0.3464314937591553,0.375,1,21,12.776146665972192,12.774869374989066,0,1,1789187381.2423732,-0.2222222238779068,3,-0.21388386189937592,17.535566329956055
21.121750003658235,12.84432116599055,0.2,13.333333432674408,0.9762259721755981,,0.01958712504711002,186,15684,-0.8990960717201233,0.11423277109861374,0.012981423176825047,0.8244008421897888,-0.34076419472694397,0.375,1,22,12.844308166007977,12.842786583001725,0,1,1789187381.310525,-0.2222222238779068,3,-0.20641721785068512,18.563209533691406
24.845875042956322,12.916158040985465,0.2,13.333333432674408,0.9880117177963257,,0.023536833003163338,187,15734,-0.8535293340682983,0.12260520458221436,0.014902369119226933,0.8243647217750549,-0.3567679822444916,0.375,1,23,12.916145875002258,12.914849040971603,0,1,1789187381.3823628,-0.2222222238779068,3,-0.1837819218635559,19.075531005859375
5.281875026412308,12.961195415991824,0.0,13.333333432674408,0.9855916500091553,,0.0037579580093733966,188,15784,-0.8477833867073059,0.1304800659418106,0.016772741451859474,0.8243224620819092,-0.3643450140953064,0.625,2,24,12.961181540973485,12.95967158296844,0,1,1789187381.427399,-0.2222222238779068,3,-0.15321575105190277,19.57382583618164
11.310917034279555,13.033141541003715,0.2,13.333333432674408,0.8718363642692566,,0.01005404203897342,189,15834,-0.7316969633102417,0.13894778490066528,0.018917430192232132,0.8242658376693726,-0.353591650724411,0.375,1,25,13.033128540962934,13.031884750002064,0,1,1789187381.4993448,-0.2222222238779068,3,-0.16930879652500153,20.175525665283203
3.892042033839971,13.095226665958762,0.2,13.333333432674408,0.7998136281967163,,0.0028652920154854655,190,15936,2.278740406036377,0.15569250285625458,0.023375216871500015,0.8240861296653748,-0.3703263998031616,0.375,1,26,13.095213665976189,13.09419999999227,0,1,1789187381.56143,-0.2222222238779068,3,-0.13567209243774414,21.51030158996582
8.384957967791706,13.164432332967408,0.2,0.0,0.9065381288528442,,0.0068134579923935235,191,15984,1.6478219032287598,0.16108986735343933,0.024750761687755585,0.8239806294441223,-0.4419834613800049,0.375,1,27,13.164420374960173,13.162860915996134,0,1,1789187381.6306372,0.0,4,-0.06625624746084213,21.88788414001465
10.437124990858138,13.235191290965304,0.2,0.0,0.9850008487701416,,0.007529750000685453,192,16035,-0.7951342463493347,0.1680988222360611,0.02666322886943817,0.8238030672073364,-0.4690299928188324,0.375,1,28,13.235178707982413,13.232283958001062,0,1,1789187381.701395,0.0,4,-0.031142637133598328,22.458826065063477
9.631624969188124,13.299501291010529,0.2,0.0,0.9177870750427246,,0.008535792003385723,193,16135,-0.3542487621307373,0.18383477628231049,0.031430408358573914,0.8233106136322021,-0.2922210097312927,0.375,1,29,13.299490582954604,13.29840550001245,0,1,1789187381.765707,0.0,4,-0.037250734865665436,23.630271911621094
7.022125006187707,13.362289124983363,0.2,0.0,0.9845595955848694,,0.005819333018735051,194,16184,-0.1976677030324936,0.1905902475118637,0.033497028052806854,0.8231087327003479,-0.3098244071006775,0.375,1,30,13.36227683298057,13.361086416000035,0,1,1789187381.828493,0.0,4,-0.015102311037480831,23.977800369262695
6.181874952744693,13.430854999984149,0.2,0.0,0.996063768863678,,0.004891540971584618,195,16235,-1.0495545864105225,0.1987031102180481,0.03612135350704193,0.8228517174720764,-0.35971641540527344,0.375,1,31,13.430843207985163,13.429564790974837,0,1,1789187381.897059,0.0,4,-0.018959330394864082,24.40959930419922
20.51474998006597,13.509741791000124,0.2,0.0,0.9729210734367371,,0.019253708014730364,196,16335,-0.7592900395393372,0.2151878923177719,0.04175378009676933,0.8223536610603333,-0.30773577094078064,0.375,1,32,13.509730040968861,13.508480791002512,0,1,1789187381.975946,0.0,4,-0.01748831197619438,24.911056518554688
19.44395899772644,13.577644374978263,0.2,0.0,0.9858601093292236,,0.01797304197680205,197,16384,-0.34088969230651855,0.2241346538066864,0.04495454579591751,0.8220934867858887,-0.31492000818252563,0.375,1,33,13.577629624982364,13.576173457957339,0,1,1789187382.043846,0.0,4,-0.017155975103378296,25.058622360229492
16.291875042952597,13.640992540982552,0.2,0.0,0.983803927898407,,0.015195125015452504,198,16434,-0.5406243801116943,0.23085011541843414,0.04738057032227516,0.8219035863876343,-0.33610692620277405,0.375,1,34,13.64097916596802,13.639895832980983,0,1,1789187382.107195,0.0,4,-0.01842924766242504,25.06654167175293
17.23608298925683,13.707221499993466,0.2,0.0,0.9698151350021362,,0.016253332956694067,199,16534,-0.5905333757400513,0.24695812165737152,0.05350271612405777,0.8214606046676636,-0.2919839322566986,0.375,1,35,13.707208165957127,13.706238832965028,0,1,1789187382.1734242,0.0,4,-0.024347545579075813,25.025962829589844
18.339166999794543,13.77652220800519,0.2,0.0,0.9764668345451355,,0.016841417003888637,200,16584,-0.3457392752170563,0.25518593192100525,0.05671123415231705,0.8212327361106873,-0.24749763309955597,0.375,1,36,13.776496415957808,13.775024625007063,0,1,1789187382.2427142,0.0,4,-0.019993070513010025,24.999937057495117
22.23879098892212,13.846923874982167,0.2,0.0,0.9655680656433105,,0.021134000038728118,201,16635,-0.39703649282455444,0.26341426372528076,0.059997279196977615,0.8210119009017944,-0.22380508482456207,0.375,1,37,13.846911125001498,13.845819125010166,0,1,1789187382.3131268,0.0,4,-0.023540958762168884,24.996662139892578
1.3164999545551836,13.891299915965647,0.2,0.0,0.9675286412239075,,1.85410026460886e-05,202,16684,-0.5420212745666504,0.27199387550354004,0.06347053498029709,0.8207859396934509,-0.20624718070030212,0.375,1,38,13.891289290972054,13.890002041007392,0,1,1789187382.357505,0.0,4,-0.021525757387280464,25.02241325378418
23.813124978914857,13.9821183749591,0.2,0.0,0.9690856337547302,,0.022459166997577995,203,16785,-0.3824078440666199,0.28879618644714355,0.07026881724596024,0.8203480839729309,-0.1491638869047165,0.375,1,39,13.982105040980969,13.980764499981888,0,1,1789187382.448321,0.0,4,-0.013366573490202427,25.174884796142578
4.037958977278322,14.028825249988586,0.2,0.0,0.9671275615692139,,0.0024479589774273336,204,16834,-0.3883812129497528,0.29524707794189453,0.07288551330566406,0.8201766610145569,-0.14210590720176697,0.375,1,40,14.02881070796866,14.027235374960583,0,1,1789187382.4950259,0.0,4,-0.012747334316372871,25.257436752319336
2.6286669890396297,14.092173790966626,0.2,0.0,0.9831103086471558,,0.0011028749868273735,205,16884,-0.45398664474487305,0.3038325309753418,0.07645498216152191,0.8199491500854492,-0.14142584800720215,0.375,1,41,14.09216058300808,14.090648040990345,0,1,1789187382.5583758,0.0,4,-0.011137135326862335,25.3337345123291
1.8667909898795187,14.15999399998691,0.2,0.0,0.9853706359863281,,0.0005378330242820084,206,16984,-0.4082721471786499,0.3192989230155945,0.08286160230636597,0.8195356726646423,-0.1334298700094223,0.375,1,42,14.159976041002665,14.158665082999505,0,1,1789187382.6261911,0.0,4,-0.006287782918661833,25.43414878845215
24.660957977175713,14.24891420797212,0.2,0.0,0.9840070605278015,,0.02341729198815301,207,17035,-0.38635051250457764,0.32735589146614075,0.0862584263086319,0.8193259835243225,-0.12826308608055115,0.375,1,43,14.248901915969327,14.247670624987222,0,1,1789187382.715117,0.0,4,-0.0023002740927040577,25.35372543334961
21.89466601703316,14.315571874962188,0.2,0.0,0.9816015958786011,,0.020631332998163998,208,17135,-0.41946640610694885,0.34380435943603516,0.0932975709438324,0.8189117312431335,-0.12339775264263153,0.375,1,44,14.315560457995161,14.31430858297972,0,1,1789187382.781775,0.0,4,0.0007453297730535269,25.268569946289062
23.842499998863786,14.383926790964324,0.2,0.0,0.9822229146957397,,0.02165337500628084,209,17185,-0.4149762988090515,0.352070689201355,0.09684459120035172,0.8186994194984436,-0.11333835124969482,0.375,1,45,14.383914415957406,14.381737707997672,0,1,1789187382.850129,0.0,4,0.0016356081468984485,25.242734909057617
2.05670902505517,14.427857790957205,0.2,0.0,0.9805387258529663,,0.0007924169767647982,210,17235,-0.4078748822212219,0.36101359128952026,0.10074417293071747,0.818467915058136,-0.10038937628269196,0.375,1,46,14.427845624973997,14.426593582960777,0,1,1789187382.8940601,0.0,4,0.005096051841974258,25.2286376953125
6.409166962839663,14.498254625010304,0.2,0.0,0.9791746735572815,,0.005455666978377849,211,17284,-0.4145083427429199,0.36796125769615173,0.10373615473508835,0.8182851076126099,-0.09251084178686142,0.375,1,47,14.49824395799078,14.49730120797176,0,1,1789187382.964458,0.0,4,0.008036214858293533,25.229717254638672
5.639125010930002,14.56582904100651,0.2,0.0,0.9828457236289978,,0.004424458020366728,212,17385,-0.4207838475704193,0.3840310573577881,0.11075786501169205,0.8178649544715881,-0.07892034947872162,0.375,1,48,14.565817207971122,14.5646144580096,0,1,1789187383.032031,0.0,4,0.007173224352300167,25.268600463867188
10.610750003252178,14.636172458005603,0.2,0.0,0.9864410758018494,,0.009725040988996625,213,17434,-0.3727193772792816,0.39314067363739014,0.11477771401405334,0.8176287412643433,-0.0720658227801323,0.375,1,49,14.636157875007484,14.635286790959071,0,1,1789187383.1023722,0.0,4,0.006262466311454773,25.304162979125977
12.57449999684468,14.70475350000197,0.2,0.0,0.9751054644584656,,0.011147917015478015,214,17487,-0.34251874685287476,0.4026661217212677,0.11898181587457657,0.8173826336860657,-0.06957107782363892,0.375,1,50,14.704725415969733,14.703327208000701,0,1,1789187383.170942,0.0,4,0.0021981510799378157,25.326950073242188
14.376958017237484,14.774514374963474,0.2,0.0,0.9808938503265381,,0.013374125002883375,215,17584,-0.3490631580352783,0.41704902052879333,0.125248983502388,0.8170230984687805,-0.06838811188936234,0.375,1,51,14.774502374988515,14.77351158298552,0,1,1789187383.240716,0.0,4,-0.0013858480378985405,25.344552993774414
16.24675001949072,14.841242249996867,0.2,0.0,0.9856640100479126,,0.015266166999936104,216,17634,-0.336597204208374,0.4258318245410919,0.12911172211170197,0.8168008327484131,-0.06838199496269226,0.375,1,52,14.84122895798646,14.840261749981437,0,1,1789187383.307443,0.0,4,-0.0011533929500728846,25.345388412475586
16.984709014650434,14.908522040990647,0.2,0.0,0.9820942282676697,,0.015743958996608853,217,17685,-0.3152215778827667,0.434874027967453,0.1331002116203308,0.8165668249130249,-0.06843670457601547,0.375,1,53,14.908508332970086,14.90728137496626,0,1,1789187383.374722,0.0,4,-0.0019358578138053417,25.335693359375
22.922292002476752,14.98298354097642,0.2,0.0,0.9745768904685974,,0.02161037496989593,218,17785,-0.3052457869052887,0.4518280029296875,0.1406027227640152,0.8161382079124451,-0.0652032420039177,0.375,1,54,14.982970082957763,14.98167166596977,0,1,1789187383.449184,0.0,4,0.0030272146686911583,25.297521591186523
24.641749972943217,15.049240207998082,0.2,0.0,0.9869745969772339,,0.02325904101599008,219,17835,-0.29132896661758423,0.46022769808769226,0.14427527785301208,0.8159307241439819,-0.06359368562698364,0.375,1,55,15.049226249975618,15.047857541008852,0,1,1789187383.5154402,0.0,4,0.001318605151027441,25.276758193969727
4.902834014501423,15.09671991597861,0.2,0.0,0.9863830804824829,,0.003932375053409487,220,17885,-0.28610527515411377,0.46954411268234253,0.14839337766170502,0.815699577331543,-0.061423808336257935,0.375,1,56,15.096707707969472,15.095749541011173,0,1,1789187383.562921,0.0,4,0.005334778223186731,25.262088775634766
5.304249993059784,15.165716082963627,0.2,0.0,0.9852568507194519,,0.003795167023781687,221,17934,-0.29179584980010986,0.47715264558792114,0.15172185003757477,0.8155090808868408,-0.06144837662577629,0.375,1,57,15.165702582977246,15.164207082998473,0,1,1789187383.631916,0.0,4,0.004496368579566479,25.2564697265625
8.084417029749602,15.232735499972478,0.2,0.0,0.9899665117263794,,0.007106749981176108,222,17985,-0.24317513406276703,0.4876049757003784,0.15637461841106415,0.81526118516922,-0.06114372983574867,0.375,1,58,15.23272220796207,15.231758040958084,0,1,1789187383.698936,0.0,4,0.0027206065133213997,25.2556209564209
8.91887495527044,15.30062395799905,0.2,0.0,0.9936448335647583,,0.007534624950494617,223,18035,-0.16917391121387482,0.4957994818687439,0.15992318093776703,0.8150513172149658,-0.06042658910155296,0.375,1,59,15.300610457954463,15.299239749961998,0,1,1789187383.766824,0.0,4,-0.006184773053973913,25.257823944091797
5.80779102165252,15.366248000005726,0.2,0.0,0.9911577105522156,,0.004814999992959201,224,18135,-0.10742437839508057,0.5138809084892273,0.1679072231054306,0.8146175742149353,-0.061865389347076416,0.375,1,60,15.366234749963041,15.365255249955226,0,1,1789187383.832448,0.0,4,-0.011976558715105057,25.26985740661621
8.365500019863248,15.434029374970123,0.2,0.0,0.9821657538414001,,0.006601792003493756,225,18184,-0.029722321778535843,0.521953284740448,0.17147338390350342,0.814430296421051,-0.06491028517484665,0.375,1,61,15.434014874976128,15.432265707990155,0,1,1789187383.900228,0.0,4,-0.010311795398592949,25.275279998779297
7.2054589982144535,15.499264332989696,0.2,0.0,0.9680271744728088,,0.005903000012040138,226,18235,-0.018874576315283775,0.5305506587028503,0.17524684965610504,0.8142256736755371,-0.06711440533399582,0.375,1,62,15.499251374974847,15.497962041001301,0,1,1789187383.965464,0.0,4,-0.011792825534939766,25.277124404907227
7.605542021337897,15.568333665956743,0.2,0.0,0.963266909122467,,0.006531834020279348,227,18334,-0.26100093126296997,0.5479165315628052,0.18294483423233032,0.8138297200202942,-0.05940057337284088,0.375,1,63,15.568316332995892,15.567259999981616,0,1,1789187384.034529,0.0,4,-0.011709585785865784,25.27036476135254
7.181417022366077,15.632642665994354,0.2,0.0,0.9662776589393616,,0.006139708042610437,228,18385,-0.2760095000267029,0.5543193221092224,0.18567757308483124,0.8136857151985168,-0.05857986956834793,0.375,1,64,15.63263145799283,15.631601041008253,0,1,1789187384.0988438,0.0,4,-0.011422728188335896,25.262910842895508
15.723999997135252,15.707611332996748,0.2,0.0,0.9188510179519653,,0.014768958033528179,229,18434,-0.2703752815723419,0.5627499222755432,0.1893925964832306,0.8135073781013489,-0.05875416472554207,0.375,1,65,15.70759966596961,15.706656333000865,0,1,1789187384.173812,0.0,4,0.0037337085232138634,25.239347457885742
13.284625019878149,15.773725457955152,0.2,0.0,0.9544514417648315,,0.01228999998420477,230,18535,-0.41853776574134827,0.5786044001579285,0.1963626742362976,0.8131816387176514,-0.05899518355727196,0.375,1,66,15.77371466596378,15.772730999975465,0,1,1789187384.239927,0.0,4,0.004058817867189646,25.205364227294922
13.937583018559963,15.839201040973421,0.0,0.0,0.968289852142334,,0.01300533302128315,231,18584,-0.4441970884799957,0.5862421989440918,0.19968444108963013,0.8130252957344055,-0.05972711369395256,0.625,2,67,15.839191957958974,15.838268833002076,0,1,1789187384.305404,0.0,4,0.01542372815310955,25.186914443969727
15.145833953283727,15.906813790963497,0.0,0.0,0.9458334445953369,,0.013913250004407018,232,18634,-0.42658907175064087,0.5950005650520325,0.20353838801383972,0.8128511309623718,-0.05974540859460831,0.625,2,68,15.906802207988221,15.905581291008275,0,1,1789187384.373014,0.0,4,0.015324316918849945,25.184547424316406
9.531832998618484,15.969836750009563,0.2,0.0,0.9482356905937195,,0.00833029201021418,233,18685,0.4099482595920563,0.6024429798126221,0.20677605271339417,0.8126958608627319,-0.05952444300055504,0.375,1,69,15.969824375002645,15.968635249999352,0,1,1789187384.436037,0.0,4,0.006775984540581703,25.17536163330078
14.576583984307945,16.0402415409917,0.2,0.0,0.9446508288383484,,0.01359654200496152,234,18784,3.07719087600708,0.6178877353668213,0.21352842450141907,0.812301516532898,-0.05818399786949158,0.375,1,70,16.0402304159943,16.03926158300601,0,1,1789187384.506442,0.0,4,-0.0015795406652614474,25.181867599487305
15.750958991702646,16.107180666003842,0.2,0.0,0.9803125262260437,,0.014607458957470953,235,18835,0.5360340476036072,0.624553918838501,0.21645575761795044,0.8120709657669067,-0.06398439407348633,0.375,1,71,16.10716879100073,16.106037249963265,0,1,1789187384.5733812,0.0,4,0.015482324175536633,25.1888370513916
11.314959032461047,16.172669457970187,0.2,0.0,0.977581262588501,,0.009921666991431266,236,18884,-0.3331046402454376,0.6310072541236877,0.21925543248653412,0.8118215203285217,-0.06167873367667198,0.375,1,72,16.172654833004344,16.17127620795509,0,1,1789187384.638867,0.0,4,0.02287469431757927,25.17572593688965
16.29575004335493,16.24231800000416,0.2,0.0,0.9868876338005066,,0.014254917041398585,237,18934,0.4499950408935547,0.6393756866455078,0.22293879091739655,0.8114951252937317,-0.04808637127280235,0.375,1,73,16.24230504099978,16.24027725000633,0,1,1789187384.708517,0.0,4,0.012330016121268272,25.184307098388672
15.84762497805059,16.308228499954566,0.0,0.0,0.993695080280304,,0.01440837502013892,238,18984,-0.2374994307756424,0.647093653678894,0.2263513058423996,0.8112093210220337,-0.042780451476573944,0.625,2,74,16.308214958000463,16.30678933300078,0,1,1789187384.774427,0.0,4,0.01968458667397499,25.1889591217041
21.344374981708825,16.377593665965833,0.0,0.0,0.9949895739555359,,0.0200656249653548,239,19034,-1.0994319915771484,0.6562188863754272,0.23031970858573914,0.8109010457992554,-0.045744359493255615,0.625,2,75,16.37758033297723,16.37631495797541,0,1,1789187384.843792,0.0,4,0.024324173107743263,25.171674728393555
3.39766702381894,16.425837332964875,0.2,0.0,0.9942560791969299,,0.002284125017467886,240,19084,0.6842625737190247,0.6650869250297546,0.23422205448150635,0.8106427192687988,-0.04573918879032135,0.375,1,76,16.425825499987695,16.424723832984455,0,1,1789187384.8920372,0.0,4,0.03603468835353851,25.1731014251709
21.66191698051989,16.51636754098581,0.2,0.0,0.9970031380653381,,0.02048304199706763,241,19184,2.9302942752838135,0.6803444623947144,0.24098724126815796,0.8102426528930664,-0.05214020982384682,0.375,1,77,16.5163556659827,16.515188749996014,0,1,1789187384.9825668,0.0,4,0.04939904808998108,25.161325454711914
5.724791961256415,16.565538208000362,0.0,0.0,0.9949538111686707,,0.004494207969401032,242,19234,0.4643801748752594,0.6845017075538635,0.2426868975162506,0.810131311416626,-0.0683634951710701,0.625,2,78,16.565525290963706,16.56430766597623,0,1,1789187385.0317361,0.0,4,0.03830934315919876,25.116479873657227
8.146209002006799,16.634037957992405,0.0,0.0,0.9961820244789124,,0.007117166998796165,243,19285,-1.519681692123413,0.6902459859848022,0.24510543048381805,0.8099731206893921,-0.054419007152318954,0.625,2,79,16.634024082974065,16.633009082986973,0,1,1789187385.100235,0.0,4,0.03873708099126816,25.115541458129883
11.479415989015251,16.702367957972456,0.0,0.0,0.9942501783370972,,0.01037066598655656,244,19335,0.22258254885673523,0.6969040632247925,0.24791055917739868,0.8097818493843079,-0.03357752785086632,0.625,2,80,16.70235541596776,16.70125929097412,0,1,1789187385.168566,0.0,4,0.06852690875530243,25.123945236206055
10.649875039234757,16.766622124996502,0.2,0.0,0.9903386235237122,,0.009657125046942383,245,19435,2.3939714431762695,0.7103217244148254,0.25358259677886963,0.8093587160110474,-0.055051449686288834,0.375,1,81,16.766598874994088,16.76562954101246,0,1,1789187385.23281,0.0,4,0.08162041008472443,25.138782501220703
4.835291998460889,16.832737541000824,0.0,0.0,0.9958808422088623,,0.003643666976131499,246,19485,1.4185711145401,0.716600775718689,0.2562272846698761,0.8091481328010559,-0.06270486861467361,0.625,2,82,16.83272445795592,16.83154599997215,0,1,1789187385.298935,0.0,4,0.06863414496183395,25.15094566345215
7.918707968201488,16.90038129099412,0.0,0.0,0.9952083230018616,,0.005786707974039018,247,19535,0.7980726957321167,0.7212638854980469,0.2581593692302704,0.8090154528617859,-0.05445943400263786,0.625,2,83,16.900363707973156,16.89824933296768,0,1,1789187385.366574,0.0,4,0.07136672735214233,25.160001754760742
7.543375017121434,16.966543332964648,0.0,0.0,0.9923237562179565,,0.006137582997325808,248,19584,0.4288720190525055,0.7260585427284241,0.2601064145565033,0.8089035153388977,-0.04597482830286026,0.625,2,84,16.966529124998488,16.965137665974908,0,1,1789187385.4327402,0.0,4,0.08451372385025024,25.165054321289062
17.11770799010992,17.04023420799058,0.0,-13.333333432674408,0.978898823261261,,0.01603320799767971,249,19685,2.4922430515289307,0.7371789813041687,0.26465466618537903,0.8087159991264343,-0.06779360771179199,0.625,2,85,17.04022199998144,17.039149791002274,0,1,1789187385.506432,0.2222222238779068,5,0.10266254842281342,25.165870666503906
24.433374986983836,17.11340333300177,0.0,-13.333333432674408,0.978400468826294,,0.023420749988872558,250,19734,2.2256598472595215,0.7411829233169556,0.26627838611602783,0.808654248714447,-0.07352391630411148,0.625,2,86,17.113391374994535,17.112390749971382,0,1,1789187385.579602,0.2222222238779068,5,0.0982854813337326,25.15970802307129
22.197124955710024,17.182911582989618,0.0,0.0,0.9594166874885559,,0.0210645409533754,251,19835,1.7397775650024414,0.7493770718574524,0.2695777118206024,0.8085805773735046,-0.062430668622255325,0.625,2,87,17.182900957996026,17.181779040955007,0,1,1789187385.649111,0.0,4,0.09154172986745834,25.08898162841797
3.4212080063298345,17.229448791011237,0.0,-13.333333432674408,0.9537661671638489,,0.002295957994647324,252,19885,2.0444154739379883,0.7531546950340271,0.2710328996181488,0.8085587024688721,-0.05811465531587601,0.625,2,88,17.22943479096284,17.228323582967278,0,1,1789187385.6956449,0.2222222238779068,5,0.10996519029140472,25.004995346069336
3.733042045496404,17.29615216597449,0.2,-13.333333432674408,0.9463486671447754,,0.0025805840268731117,253,19935,1.7699100971221924,0.7566118836402893,0.27236390113830566,0.808551549911499,-0.05758851766586304,0.375,1,89,17.296138707955834,17.2949997499818,0,1,1789187385.762348,0.2222222238779068,5,0.11065379530191422,24.833057403564453
6.697083998005837,17.364229166007135,0.0,0.0,0.976549506187439,,0.005723791953641921,254,19986,1.3481695652008057,0.7595707774162292,0.27347612380981445,0.8085528612136841,-0.05150938034057617,0.625,2,90,17.36421699996572,17.363255957956426,0,1,1789187385.830427,0.0,4,0.10040685534477234,24.603561401367188
8.798750001005828,17.430937582976185,0.0,0.0,0.9768075942993164,,0.005093291983939707,255,20084,-0.7635506987571716,0.7658524513244629,0.2758089303970337,0.808576226234436,-0.03737090528011322,0.625,2,91,17.430926124972757,17.427232207963243,0,1,1789187385.8971362,0.0,4,0.08322644233703613,23.865615844726562
18.565749982371926,17.51279870799044,0.0,-13.333333432674408,0.9957834482192993,,0.017405291029717773,256,20135,-0.5249636173248291,0.7699770927429199,0.27732232213020325,0.8085641860961914,-0.06275324523448944,0.625,2,92,17.51278570800787,17.51163829100551,0,1,1789187385.9789948,0.2222222238779068,5,0.09892216324806213,23.330503463745117
19.389000022783875,17.578328375006095,0.0,0.0,0.9961740374565125,,0.017919041973073035,257,20185,1.607129454612732,0.7742261290550232,0.2789439857006073,0.8085265755653381,-0.06720662862062454,0.625,2,93,17.578290458011907,17.576858749962412,0,1,1789187386.044502,0.0,4,0.07088878750801086,22.78985595703125
1.23683299170807,17.62674724997487,0.0,0.0,0.9969515800476074,,0.000110041000880301,258,20235,1.806581735610962,0.7778708934783936,0.28035417199134827,0.8084633946418762,-0.016474351286888123,0.625,2,94,17.62673558300594,17.625620540988166,0,1,1789187386.0929449,0.0,4,0.04767708480358124,22.344303131103516
22.201792045962065,17.712210415978916,0.0,0.0,0.9986011385917664,,0.021247291995678097,259,20334,0.7213539481163025,0.7837721705436707,0.28250232338905334,0.8083374500274658,-0.014481727965176105,0.625,2,95,17.712198416003957,17.711255957954563,0,1,1789187386.178408,0.0,4,0.05438059940934181,21.75014305114746
8.883500006049871,17.763405749981757,0.0,0.0,0.9980344176292419,,0.007720292021986097,260,20334,0.7213539481163025,0.7837721705436707,0.28250232338905334,0.8083374500274658,-0.014481727965176105,0.625,2,96,17.763392374967225,17.762242625001818,0,1,1789187386.229602,0.0,4,0.05367593467235565,21.75014305114746
5.22779201855883,17.83255279099103,0.0,0.0,0.9864799380302429,,0.003913792024832219,261,20334,0.7213539481163025,0.7837721705436707,0.28250232338905334,0.8083374500274658,-0.014481727965176105,0.625,2,97,17.832538249960635,17.83123887499096,0,1,1789187386.298748,0.0,4,0.08286995440721512,21.75014305114746
9.393999993335456,17.901456790976226,0.0,-13.333333432674408,0.9850137829780579,,0.008382708008866757,262,20434,-1.286311149597168,0.7934406995773315,0.28595098853111267,0.8081691265106201,-0.10752024501562119,0.625,2,98,17.90144424996106,17.900445582985412,0,1,1789187386.3676531,0.2222222238779068,5,0.0895778089761734,21.5805606842041
12.458540964871645,17.971457582956646,0.0,-13.333333432674408,0.9591813683509827,,0.01104841596679762,263,20484,-1.9758771657943726,0.7993088364601135,0.2881331145763397,0.8079748749732971,-0.07011902332305908,0.625,2,99,17.971446125011425,17.970047540962696,0,1,1789187386.437655,0.2222222238779068,5,0.12154823541641235,21.76487159729004
13.58516700565815,18.037674415973015,0.0,-13.333333432674408,0.9414047002792358,,0.012260666990187019,264,20484,-1.9758771657943726,0.7993088364601135,0.2881331145763397,0.8079748749732971,-0.07011902332305908,0.625,2,100,18.037661957961973,18.036349957983475,0,1,1789187386.503871,0.2222222238779068,5,0.13798654079437256,21.76487159729004
18.446624977514148,18.107622125011403,0.0,-13.333333432674408,0.9978383183479309,,0.01715029199840501,265,20585,0.41975122690200806,0.8138058185577393,0.2930056154727936,0.8070533871650696,-0.09713763743638992,0.625,2,101,18.10760858299909,18.10632587497821,0,1,1789187386.573817,0.2222222238779068,5,0.17698344588279724,21.766263961791992
17.947625019587576,18.17856024997309,0.0,-13.333333432674408,0.985230028629303,,0.016877375019248575,266,20634,1.258059024810791,0.8191730380058289,0.2946074604988098,0.8065418004989624,-0.03713619336485863,0.625,2,102,18.178545540955383,18.177490082976874,0,1,1789187386.644754,0.2222222238779068,5,0.17584913969039917,21.427892684936523
23.428209009580314,18.24875966599211,0.0,-13.333333432674408,0.985636830329895,,0.022220209008082747,267,20685,5.07959508895874,0.8244845867156982,0.2961105406284332,0.8059755563735962,-0.07007616013288498,0.625,2,103,18.248747665958945,18.247551749984268,0,1,1789187386.714956,0.2222222238779068,5,0.11409670859575272,20.778329849243164
7.357915979810059,18.299711457977537,0.0,-13.333333432674408,0.9929227828979492,,0.006430040986742824,268,20685,5.07959508895874,0.8244845867156982,0.2961105406284332,0.8059755563735962,-0.07007616013288498,0.625,2,104,18.299698999966495,18.298783665988594,0,1,1789187386.765907,0.2222222238779068,5,0.11521761119365692,20.778329849243164
10.375792044214904,18.36743366596056,0.0,0.0,0.996298611164093,,0.009214333025738597,269,20735,2.311344623565674,0.8295712471008301,0.2972441613674164,0.8051304817199707,-0.14259859919548035,0.625,2,105,18.367414999986067,18.366272290993948,0,1,1789187386.833623,0.0,4,0.06367241591215134,19.679872512817383
9.626332961488515,18.432388915971387,0.0,0.0,0.9988192915916443,,0.008485333004500717,270,20735,2.311344623565674,0.8295712471008301,0.2972441613674164,0.8051304817199707,-0.14259859919548035,0.625,2,106,18.432376040960662,18.43124808301218,0,1,1789187386.8985841,0.0,4,0.06168545410037041,19.679872512817383
6.132541981060058,18.49968041596003,0.2,0.0,0.9995599389076233,,0.004891916993074119,271,20785,1.0455981492996216,0.8338109254837036,0.2980654537677765,0.8045157790184021,-0.2190883606672287,0.375,1,107,18.49966787500307,18.498439832997974,0,1,1789187386.9658759,0.0,4,0.030244220048189163,18.561452865600586
10.697040997911245,18.569413457997143,0.0,0.0,0.9936610460281372,,0.009752790967468172,272,20835,6.054500102996826,0.8383216261863708,0.29893967509269714,0.8039798736572266,-0.23158222436904907,0.625,2,108,18.56940358300926,18.568469290970825,0,1,1789187387.035611,0.0,4,0.015643594786524773,17.419506072998047
7.350083964411169,18.633355833007954,0.0,0.0,0.9990353584289551,,0.0062397499568760395,273,20935,-2.9312584400177,0.8449580073356628,0.2991998791694641,0.8030081391334534,-0.1425633579492569,0.625,2,109,18.63334620796377,18.632245540968142,0,1,1789187387.099554,0.0,4,0.005479590501636267,15.87144660949707
8.057207975070924,18.699335832963698,0.0,0.0,0.9855597019195557,,0.007032166991848499,274,20984,-0.21216851472854614,0.8492802381515503,0.299467533826828,0.8025882840156555,-0.39233165979385376,0.625,2,110,18.699327415961307,18.6983108749846,0,1,1789187387.165535,0.0,4,0.015775229781866074,15.699383735656738
9.781125001609325,18.76624745799927,0.0,0.0,0.9966038465499878,,0.008653333003167063,275,21034,3.499196767807007,0.853977382183075,0.29989051818847656,0.8023062944412231,-0.27210524678230286,0.625,2,111,18.766232374997344,18.76511970796855,0,1,1789187387.23244,0.0,4,0.03600911796092987,15.748197555541992
3.564291982911527,18.83116554096341,0.0,0.0,0.9967228770256042,,0.002546625037211925,276,21134,-0.20827007293701172,0.8620039820671082,0.30035871267318726,0.8018047213554382,-0.22390832006931305,0.625,2,112,18.83115624997299,18.830147958011366,0,1,1789187387.297363,0.0,4,0.04790027067065239,16.20282554626465
1.0378749575465918,18.893340040987823,0.0,0.0,0.9992398023605347,,0.0001218749675899744,277,21185,0.22667518258094788,0.8669390678405762,0.3005659878253937,0.8017194271087646,-0.2844895124435425,0.625,2,113,18.893330416001845,18.89242408296559,0,1,1789187387.359537,0.0,4,0.06030106171965599,16.61153793334961
1.3667920138686895,18.96064933296293,0.0,-13.333333432674408,0.9953858256340027,,0.00012304203119128942,278,21235,2.341702461242676,0.8715307116508484,0.30079934000968933,0.8017514944076538,-0.2730729281902313,0.625,2,114,18.960636875010096,18.959405625006184,0,1,1789187387.426844,0.2222222238779068,5,0.12478231638669968,16.80671501159668
3.3682920038700104,19.02634629100794,0.0,-13.333333432674408,0.9933103322982788,,0.0023830420104786754,279,21284,2.066415309906006,0.876628577709198,0.30096134543418884,0.801909863948822,-0.29361993074417114,0.625,2,115,19.026334166002925,19.025361082982272,0,1,1789187387.4925408,0.2222222238779068,5,0.10684680938720703,16.831546783447266
4.755083995405585,19.093553207989316,0.0,-13.333333432674408,0.9983134269714355,,0.0036584589979611337,280,21334,0.8929522633552551,0.8814430236816406,0.3008991777896881,0.8021447062492371,-0.3194565773010254,0.625,2,116,19.093540749978274,19.092456624959596,0,1,1789187387.5597482,0.2222222238779068,5,0.11548483371734619,16.71023941040039
2.1790420287288725,19.163052749994677,0.0,-13.333333432674408,0.9983116388320923,,0.000990667031146586,281,21434,2.450707197189331,0.8902330994606018,0.30071884393692017,0.8028937578201294,-0.36675310134887695,0.625,2,117,19.16304037498776,19.16186445800122,0,1,1789187387.629247,0.2222222238779068,5,0.12772591412067413,16.131338119506836
3.9147920324467123,19.22850591596216,0.0,-13.333333432674408,0.998602569103241,,0.0026571250054985285,282,21484,1.9443614482879639,0.8942996859550476,0.30047109723091125,0.8033775091171265,-0.35459741950035095,0.625,2,118,19.228492541005835,19.227248290961143,0,1,1789187387.694699,0.2222222238779068,5,0.12512484192848206,15.61884880065918
3.2065000268630683,19.295396790956147,0.0,-13.333333432674408,0.9977819323539734,,0.002048333000857383,283,21534,1.2279384136199951,0.8980641961097717,0.3001136779785156,0.803910493850708,-0.369792103767395,0.625,2,119,19.295387499965727,19.294238707982004,0,1,1789187387.761594,0.2222222238779068,5,0.10092032700777054,15.075575828552246
4.028291965369135,19.360831541009247,0.0,0.0,0.9952599406242371,,0.00281295896274969,284,21635,1.8494141101837158,0.9049943685531616,0.2993801236152649,0.8049513101577759,-0.4017499089241028,0.625,2,120,19.36081879097037,19.35961624997435,0,1,1789187387.827025,0.0,4,0.06846631318330765,14.020440101623535
2.0514580537565053,19.424310208007228,0.0,0.0,0.9991673231124878,,0.0012375000515021384,285,21685,1.5979105234146118,0.9084069728851318,0.29893752932548523,0.8054950833320618,-0.3790934085845947,0.625,2,121,19.424299374979455,19.423496333009098,0,1,1789187387.890506,0.0,4,0.04157654568552971,13.483025550842285
14.127541973721236,19.508174999966286,0.0,0.0,0.9990881681442261,,0.013174499967135489,286,21734,1.1551052331924438,0.9114893078804016,0.29846230149269104,0.8060241937637329,-0.36661165952682495,0.625,2,122,19.508161957957782,19.507222040963825,0,1,1789187387.974368,0.0,4,0.055130112916231155,12.971466064453125
18.412416975479573,19.57730654097395,0.0,0.0,0.9997485280036926,,0.017377917014528066,287,21835,1.3341915607452393,0.9174007773399353,0.2975052297115326,0.8069621324539185,-0.3789519667625427,0.625,2,123,19.57729708298575,19.576272125006653,0,1,1789187388.043503,0.0,4,0.0543818362057209,12.118246078491211
19.467958947643638,19.645756374986377,0.0,0.0,0.9975665807723999,,0.018135624995920807,288,21886,1.2151994705200195,0.9205223321914673,0.29696062207221985,0.8074188232421875,-0.3647376000881195,0.625,2,124,19.645744665991515,19.6444241660065,0,1,1789187388.111951,0.0,4,0.03551695495843887,11.803685188293457
23.346000001765788,19.713948749995325,0.0,0.0,0.9885963797569275,,0.02221954200649634,289,21934,1.000078558921814,0.9231361150741577,0.29646778106689453,0.8077808022499084,-0.3561359941959381,0.625,2,125,19.713937207998242,19.712822499976028,0,1,1789187388.180143,0.0,4,0.043829385191202164,11.623680114746094
4.790292005054653,19.760555499990005,0.0,0.0,0.9981244206428528,,0.0036377080250531435,290,21985,0.9702503085136414,0.9260663390159607,0.2959010601043701,0.8081571459770203,-0.3644534945487976,0.625,2,126,19.76053749996936,19.75940304098185,0,1,1789187388.226743,0.0,4,0.08082130551338196,11.552764892578125
20.421416964381933,19.847973165975418,-0.2,0.0,0.9814460873603821,,0.019080957979895175,291,22084,1.0496000051498413,0.9315589666366577,0.29481756687164307,0.8087356090545654,-0.3796403408050537,0.875,3,127,19.847960499988403,19.846632790984586,0,1,1789187388.314167,0.0,4,0.09453340619802475,11.687386512756348
20.682667032815516,19.913141582976095,0.0,-13.333333432674408,0.9996009469032288,,0.01951391703914851,292,22134,0.9410735964775085,0.9340183734893799,0.2943030893802643,0.8089497089385986,-0.3801412284374237,0.625,2,128,19.913129707972985,19.91197287500836,0,1,1789187388.379335,0.2222222238779068,5,0.1738353967666626,11.826285362243652
22.652000014204532,19.981779749970883,0.0,-13.333333432674408,0.9991347193717957,,0.021501499984879047,293,22235,2.934019088745117,0.9390257000923157,0.2931637465953827,0.809258222579956,-0.37364232540130615,0.625,2,129,19.98176749999402,19.98062929097796,0,1,1789187388.447973,0.2222222238779068,5,0.1691380739212036,12.046404838562012
4.5143329771235585,20.028888874978293,0.0,-13.333333432674408,0.9929909706115723,,0.002781542018055916,294,22284,2.985816240310669,0.9409997463226318,0.2924593389034271,0.8093029260635376,-0.37121543288230896,0.625,2,130,20.02887587499572,20.02715612499742,0,1,1789187388.495081,0.2222222238779068,5,0.18368902802467346,12.132405281066895
3.5887090489268303,20.093097749981098,0.0,-13.333333432674408,0.9976727366447449,,0.0023912920150905848,295,22334,0.6360539793968201,0.9423061609268188,0.29155537486076355,0.8092538714408875,-0.35718590021133423,0.625,2,131,20.09308650001185,20.091900457977317,0,1,1789187388.5592918,0.2222222238779068,5,0.18313191831111908,12.018305778503418
21.498124988283962,20.182392290967982,0.0,-13.333333432674408,0.9850619435310364,,0.020349750004243106,296,22434,0.7289969325065613,0.9454562664031982,0.2900756895542145,0.8091074824333191,-0.3485264778137207,0.625,2,132,20.182381915976293,20.181243958009873,0,1,1789187388.648587,0.2222222238779068,5,0.18324801325798035,11.419992446899414
19.475625013001263,20.24537566601066,0.0,-13.333333432674408,0.9899429082870483,,0.018026667006779462,297,22484,1.3594454526901245,0.947585940361023,0.2893880605697632,0.8090441226959229,-0.37047988176345825,0.625,2,133,20.24536266596988,20.24392674997216,0,1,1789187388.7115679,0.2222222238779068,5,0.20847301185131073,10.932234764099121
20.654124964494258,20.3132857499877,0.0,-13.333333432674408,0.999428927898407,,0.019569500000216067,298,22535,0.6382878422737122,0.9494426250457764,0.28866568207740784,0.8089450597763062,-0.35588234663009644,0.625,2,134,20.31327333295485,20.312201166001614,0,1,1789187388.779478,0.2222222238779068,5,0.19535724818706512,10.336461067199707
24.678374989889562,20.382599790988024,0.0,-13.333333432674408,0.9999545812606812,,0.02339166699675843,299,22634,0.451007604598999,0.9533650875091553,0.2872123122215271,0.8086899518966675,-0.358285516500473,0.625,2,135,20.38258766598301,20.381313124962617,0,1,1789187388.848793,0.2222222238779068,5,0.1939460039138794,9.023174285888672
2.0718330051749945,20.425043541006744,0.0,-13.333333432674408,0.9996333122253418,,0.0009291250025853515,300,22684,0.8800418972969055,0.9552822709083557,0.28658953309059143,0.8085644245147705,-0.3674773871898651,0.625,2,136,20.425034374988172,20.423900957976002,0,1,1789187388.891239,0.2222222238779068,5,0.19487451016902924,8.490985870361328
3.227834007702768,20.49763554095989,0.0,-13.333333432674408,0.9999468326568604,,0.0019201249815523624,301,22734,0.7020591497421265,0.9573968648910522,0.28585755825042725,0.8083925843238831,-0.34859758615493774,0.625,2,137,20.497621790971607,20.496327915985603,0,1,1789187388.963827,0.2222222238779068,5,0.1966570019721985,7.857063293457031
10.287416982464492,20.569622415991034,0.0,-13.333333432674408,0.9999849796295166,,0.009088332997635007,302,22785,0.279220312833786,0.9593988656997681,0.2851380705833435,0.8082003593444824,-0.30493175983428955,0.625,2,138,20.569610750011634,20.56842341599986,0,1,1789187389.035816,0.2222222238779068,5,0.19206511974334717,7.298470973968506
11.002541985362768,20.637046874966472,0.0,-13.333333432674408,0.9999105930328369,,0.009714749990962446,303,22884,0.6570420265197754,0.9629988074302673,0.2838897109031677,0.8078955411911011,-0.2943921983242035,0.625,2,139,20.637036375002936,20.635759332973976,0,1,1789187389.103241,0.2222222238779068,5,0.17872855067253113,6.530943393707275
10.062916961032897,20.701446457998827,0.0,-13.333333432674408,0.9999130964279175,,0.008933457953389734,304,22934,0.6532936096191406,0.9650151133537292,0.2831890881061554,0.807722806930542,-0.28716063499450684,0.625,2,140,20.701433624955826,20.700317040958907,0,1,1789187389.167638,0.2222222238779068,5,0.18202269077301025,6.122380256652832
14.439916994888335,20.7709472909919,0.0,-13.333333432674408,0.9998818635940552,,0.013119500013999641,305,22984,0.4709303081035614,0.9669172167778015,0.282514363527298,0.8075528144836426,-0.2721531093120575,0.625,2,141,20.77093433297705,20.769626958004665,0,1,1789187389.237139,0.2222222238779068,5,0.17579545080661774,5.721956253051758
13.101042015478015,20.840978665975854,0.0,-13.333333432674408,0.9995256662368774,,0.0119270000141114,306,23085,0.6557486653327942,0.9706910848617554,0.28121626377105713,0.8072120547294617,-0.270211786031723,0.625,2,142,20.84096733300248,20.83980466600042,0,1,1789187389.307171,0.2222222238779068,5,0.16429245471954346,4.751195430755615
13.645917002577335,20.906379790976644,0.0,-13.333333432674408,0.9976539015769958,,0.01253300003008917,307,23134,0.6250196695327759,0.9725093245506287,0.2805873155593872,0.8070516586303711,-0.2565160393714905,0.625,2,143,20.906368082971312,20.90526695799781,0,1,1789187389.372572,0.2222222238779068,5,0.11934762448072433,4.307619571685791
11.73591602127999,20.970818041008897,0.0,-13.333333432674408,0.9985550045967102,,0.010224375000689179,308,23185,0.5066573619842529,0.9742815494537354,0.2799675762653351,0.8068905472755432,-0.23822984099388123,0.625,2,144,20.970805249991827,20.969306624960154,0,1,1789187389.4370089,0.2222222238779068,5,0.1265120655298233,3.755638360977173
13.16641696030274,21.03699329099618,0.0,0.0,0.999110758304596,,0.012129624956287444,309,23285,0.56318199634552,0.9774184823036194,0.2788887321949005,0.8066074252128601,-0.22789834439754486,0.625,2,145,21.036982040968724,21.035956540959887,0,1,1789187389.503186,0.0,4,0.08044390380382538,2.6139543056488037
10.363832989241928,21.10011941596167,0.0,0.0,0.9965745210647583,,0.009079999988898635,310,23334,0.5753278136253357,0.9790402054786682,0.2783374488353729,0.8064569234848022,-0.22176368534564972,0.625,2,146,21.100107457954437,21.09883562498726,0,1,1789187389.566311,0.0,4,0.06141861155629158,1.940300703048706
15.217792009934783,21.172806290967856,0.0,0.0,0.999503493309021,,0.013643833983223885,311,23384,0.5176051259040833,0.9802635312080383,0.2779146730899811,0.8063482046127319,-0.20644515752792358,0.625,2,147,21.172786540992092,21.171232374967076,0,1,1789187389.6389902,0.0,4,0.04096231237053871,1.4945565462112427
8.841041999403387,21.23641462496016,0.0,0.0,0.999705970287323,,0.007692667015362531,312,23434,0.4739457368850708,0.9817154407501221,0.27742505073547363,0.8062033653259277,-0.1921042650938034,0.625,2,148,21.23640220798552,21.235266332980245,0,1,1789187389.702606,0.0,4,0.039677999913692474,0.838600218296051
8.518791000824422,21.301258499966934,0.0,0.0,0.9997382760047913,,0.007476500002667308,313,23537,0.470725417137146,0.9842347502708435,0.2765754461288452,0.8059619069099426,-0.1696222722530365,0.625,2,149,21.301243708003312,21.300216250005178,0,1,1789187389.767447,0.0,4,0.056302040815353394,0.10919065028429031
15.729499980807304,21.37491495796712,0.0,0.0,0.9994638562202454,,0.01426866598194465,314,23584,0.44885051250457764,0.985417366027832,0.276181697845459,0.8058338165283203,-0.16465699672698975,0.625,2,150,21.374903791001998,21.37345416599419,0,1,1789187389.841107,0.0,4,0.05043528601527214,-0.15948842465877533
11.674541980028152,21.439282083010767,0.0,0.0,0.9971131086349487,,0.010650957992766052,315,23639,0.42895936965942383,0.9865074753761292,0.27581465244293213,0.805718719959259,-0.16156795620918274,0.625,2,151,21.439270375005435,21.438258540991228,0,1,1789187389.905474,0.0,4,0.07925338298082352,-0.294927716255188
2.9504999984055758,21.495868249970954,0.0,0.0,0.9991564750671387,,0.0017223749891854823,316,23735,0.42805036902427673,0.9882897734642029,0.27522706985473633,0.8055357336997986,-0.15884801745414734,0.625,2,152,21.495856374967843,21.49464020796586,0,1,1789187389.96206,0.0,4,0.09890428930521011,-0.3303357660770416
7.250291993841529,21.567006665980443,0.0,-13.333333432674408,0.9981168508529663,,0.006227374949958175,317,23785,0.40767955780029297,0.989133894443512,0.27495574951171875,0.8054434657096863,-0.15214626491069794,0.625,2,153,21.56699533300707,21.56598379096249,0,1,1789187390.033198,0.2222222238779068,5,0.15263885259628296,-0.2888523042201996
5.9827499790117145,21.633752040972468,0.0,-13.333333432674408,0.9998879432678223,,0.0048799579963088036,318,23837,0.370222806930542,0.9899563789367676,0.2746964395046234,0.8053439855575562,-0.14023436605930328,0.625,2,154,21.633738290984184,21.63264933298342,0,1,1789187390.099941,0.2222222238779068,5,0.1717672049999237,-0.22452212870121002
7.5811249553225935,21.69960616598837,0.0,-13.333333432674408,0.9998548030853271,,0.005843624996487051,319,23885,0.35083040595054626,0.990565299987793,0.2745080888271332,0.8052676916122437,-0.13464725017547607,0.625,2,155,21.699591999989934,21.697868791001383,0,1,1789187390.165795,0.2222222238779068,5,0.19516810774803162,-0.20426729321479797
8.584291965235025,21.76819674996659,0.0,-13.333333432674408,0.9998027682304382,,0.0069887079880572855,320,23985,0.31355521082878113,0.9918726682662964,0.27412140369415283,0.8050960302352905,-0.11901221424341202,0.625,2,156,21.768170750001445,21.766601415991317,0,1,1789187390.234376,0.2222222238779068,5,0.19950780272483826,-0.399764746427536
11.854416981805116,21.839735624962486,0.0,-13.333333432674408,0.9993636012077332,,0.01043349999235943,321,24035,0.27956870198249817,0.9924007654190063,0.2739771902561188,0.8050220608711243,-0.10326945036649704,0.625,2,157,21.83972145797452,21.838314833003096,0,1,1789187390.3059242,0.2222222238779068,5,0.198100745677948,-0.6733472943305969
14.629707962740213,21.908019041002262,0.0,-13.333333432674408,0.9995891451835632,,0.013375540962442756,322,24135,0.23140999674797058,0.9933191537857056,0.2737325429916382,0.8048983812332153,-0.0817677453160286,0.625,2,158,21.908004708006047,21.90676491596969,0,1,1789187390.374207,0.2222222238779068,5,0.19759291410446167,-1.5179502964019775
19.77962499950081,21.979312749987002,0.0,-13.333333432674408,0.9996856451034546,,0.018695083039347082,323,24185,0.21728309988975525,0.9936966300010681,0.27363136410713196,0.8048490881919861,-0.07518938183784485,0.625,2,159,21.97930287499912,21.97822841600282,0,1,1789187390.4455051,0.2222222238779068,5,0.1868523806333542,-1.9843839406967163
19.42345901625231,22.047151750011835,0.0,-13.333333432674408,0.999573290348053,,0.018547834013588727,324,24236,0.190527081489563,0.9940922856330872,0.27353712916374207,0.8047832250595093,-0.06448892503976822,0.625,2,160,22.047141499991994,22.04627624998102,0,1,1789187390.5133429,0.2222222238779068,5,0.1902105212211609,-2.606600761413574
1.920082955621183,22.09453612496145,0.0,-13.333333432674408,0.9998189806938171,,0.0006503749755211174,325,24284,0.1716230809688568,0.9944129586219788,0.2734648883342743,0.8047183752059937,-0.055100101977586746,0.625,2,161,22.09452316595707,22.093266499985475,0,1,1789187390.560725,0.2222222238779068,5,0.16556188464164734,-3.1810858249664307
3.373041981831193,22.16264075000072,0.0,-13.333333432674408,0.9994181394577026,,0.0011959169642068446,326,24385,0.15055154263973236,0.9950258135795593,0.27332955598831177,0.8045729398727417,-0.04572587087750435,0.625,2,162,22.16263016598532,22.160463749954943,0,1,1789187390.628832,0.2222222238779068,5,0.16866879165172577,-4.181636810302734
4.667750035878271,22.232420499960426,0.0,-13.333333432674408,0.9986976385116577,,0.003498750040307641,327,24434,0.14444321393966675,0.9953135848045349,0.273274302482605,0.8044863939285278,-0.04498323053121567,0.625,2,163,22.232407708012033,22.231251541001257,0,1,1789187390.6986098,0.2222222238779068,5,0.13851654529571533,-4.6541571617126465
7.220249972306192,22.299726083001588,0.0,-13.333333432674408,0.9975388050079346,,0.006128125009126961,328,24485,0.13807696104049683,0.9955527186393738,0.27323290705680847,0.8044073581695557,-0.04463104158639908,0.625,2,164,22.299713290994987,22.298634000006132,0,1,1789187390.765915,0.2222222238779068,5,0.12268439680337906,-5.034443378448486
7.104666961822659,22.36661974998424,0.0,-13.333333432674408,0.9903873801231384,,0.005765417008660734,329,24585,0.13204535841941833,0.995948076248169,0.2731814682483673,0.8042659759521484,-0.04071449860930443,0.625,2,165,22.366607500007376,22.365280625002924,0,1,1789187390.832809,0.2222222238779068,5,0.1096130758523941,-5.9618330001831055
4.905459005385637,22.432560207962524,0.0,0.0,0.9898651242256165,,0.0036277089966461062,330,24634,0.12365760654211044,0.9961222410202026,0.2731720209121704,0.804194450378418,-0.03722603619098663,0.625,2,166,22.432546540978365,22.431282499979716,0,1,1789187390.8987489,0.0,4,0.0720512866973877,-6.492147445678711
10.925374983344227,22.503514540963806,0.0,0.0,0.9868952631950378,,0.009615374961867929,331,24684,0.11395323276519775,0.996273934841156,0.27317818999290466,0.8041194677352905,-0.032471854239702225,0.625,2,167,22.503500707971398,22.50220458296826,0,1,1789187390.969702,0.0,4,0.0711708515882492,-7.163360595703125
15.744375006761402,22.574664999963716,0.0,0.0,0.9815826416015625,,0.014331041020341218,332,24784,0.10049443691968918,0.9964851140975952,0.2732061445713043,0.8039935827255249,-0.026402035728096962,0.625,2,168,22.574645957967732,22.57325179100735,0,1,1789187391.040847,0.0,4,0.07720599323511124,-8.315991401672363
13.674709014594555,22.641368540993426,0.0,0.0,0.9971410036087036,,0.012541334028355777,333,24835,0.0928313210606575,0.9965741038322449,0.27323344349861145,0.8039186000823975,-0.023947803303599358,0.625,2,169,22.64135637501022,22.640235250000842,0,1,1789187391.1075578,0.0,4,0.054383549839258194,-8.879510879516602
17.333541996777058,22.710005124972668,0.0,0.0,0.9974011182785034,,0.01607104198774323,334,24885,0.08503296226263046,0.9966303110122681,0.27326834201812744,0.8038543462753296,-0.021291682496666908,0.625,2,170,22.709993291005958,22.708742707967758,0,1,1789187391.176194,0.0,4,0.04948318004608154,-9.236321449279785
19.904542015865445,22.778567583009135,0.0,0.0,0.9766058921813965,,0.018471500021405518,335,24985,0.07201796025037766,0.9967003464698792,0.2733622193336487,0.8037192821502686,-0.01926371082663536,0.625,2,171,22.77855795796495,22.7771345829824,0,1,1789187391.244759,0.0,4,0.07285904884338379,-9.753664016723633
19.05666699167341,22.84677850001026,0.0,0.0,0.9072446227073669,,0.01791558403056115,336,25034,0.06931032985448837,0.9967168569564819,0.2734050750732422,0.8036668300628662,-0.01905939169228077,0.625,2,172,22.846764165966306,22.845637499995064,0,1,1789187391.3129652,0.0,4,0.08603204041719437,-9.849995613098145
19.859583000652492,22.91236883297097,0.0,-13.333333432674408,0.9209240674972534,,0.01855979097308591,337,25084,0.06294646859169006,0.9967138767242432,0.2734694480895996,0.8036062717437744,-0.018512409180402756,0.625,2,173,22.912356499989983,22.91106916597346,0,1,1789187391.378557,0.2222222238779068,5,0.11922623962163925,-9.810586929321289
15.899833000730723,22.97569804097293,0.0,-13.333333432674408,0.983803927898407,,0.014579250011593103,338,25134,0.05774321034550667,0.9966981410980225,0.2735341489315033,0.8035545349121094,-0.017328189685940742,0.625,2,174,22.975686124991626,22.974377500009723,0,1,1789187391.441887,0.2222222238779068,5,0.12908881902694702,-9.75094985961914
12.379750027321279,23.040106625005137,0.0,-13.333333432674408,0.9874528050422668,,0.011120458017103374,339,25234,0.05076753348112106,0.9966559410095215,0.27364596724510193,0.8034778237342834,-0.016216373071074486,0.625,2,175,23.040095415955875,23.038847415999044,0,1,1789187391.5062962,0.2222222238779068,5,0.16261090338230133,-9.629952430725098
14.875790977384895,23.10738412500359,0.0,-13.333333432674408,0.9773238301277161,,0.013700874987989664,340,25284,0.04642970860004425,0.9966205954551697,0.2737092673778534,0.8034421801567078,-0.015062475576996803,0.625,2,176,23.107372666010633,23.10620924999239,0,1,1789187391.573573,0.2222222238779068,5,0.1673148274421692,-9.647193908691406
20.053749962244183,23.179582290991675,0.2,-13.333333432674408,0.9204257130622864,,0.01870862499345094,341,25335,0.04210896044969559,0.9965688586235046,0.273782342672348,0.8034077882766724,-0.014912653714418411,0.375,1,177,23.1795697909547,23.178237207990605,0,1,1789187391.64577,0.2222222238779068,5,0.15918287634849548,-9.842865943908691
21.771416009869426,23.24934083299013,0.0,-13.333333432674408,0.9690234065055847,,0.020797999983187765,342,25438,-0.0667048990726471,0.9964579343795776,0.2739177644252777,0.8033515214920044,-0.01280340738594532,0.625,2,178,23.249329582962673,23.24836749996757,0,1,1789187391.71553,0.2222222238779068,5,0.1682930588722229,-10.659256935119629
7.05883395858109,23.300153832999058,0.0,-13.333333432674408,0.9939205646514893,,0.006134999974165112,343,25485,-1.0602608919143677,0.9964730143547058,0.27394726872444153,0.8033197522163391,-0.0055944356136024,0.625,2,179,23.30014179099817,23.299230040982366,0,1,1789187391.766342,0.2222222238779068,5,0.17722010612487793,-11.016677856445312
15.654082992114127,23.375484749965835,0.2,-13.333333432674408,0.987200140953064,,0.014487249951343983,344,25535,-2.467501640319824,0.996841549873352,0.27393776178359985,0.8032467365264893,-0.032266080379486084,0.375,1,180,23.37547295796685,23.374317957961466,0,1,1789187391.841673,0.2222222238779068,5,0.18923476338386536,-11.648362159729004
14.725791988894343,23.442465665983036,0.0,-13.333333432674408,0.9781407117843628,,0.013439374975860119,345,25637,0.5226517915725708,0.9991434216499329,0.27364903688430786,0.8029857873916626,-0.07644709944725037,0.625,2,181,23.44245295797009,23.441179332963657,0,1,1789187391.908653,0.2222222238779068,5,0.15750578045845032,-12.929686546325684
8.117749996017665,23.501270874985494,0.0,-13.333333432674408,0.9759013652801514,,0.006798541988246143,346,25684,-1.3321263790130615,1.0000241994857788,0.27356183528900146,0.8028231263160706,0.02900262549519539,0.625,2,182,23.501258082978893,23.499951707955915,0,1,1789187391.967459,0.2222222238779068,5,0.11532966792583466,-13.438704490661621
15.256207960192114,23.574595290992875,0.0,-13.333333432674408,0.9087355732917786,,0.013911374961026013,347,25735,-2.3435404300689697,1.0011929273605347,0.27340957522392273,0.8025891184806824,0.022860730066895485,0.625,2,183,23.57458154100459,23.573250499961432,0,1,1789187392.040781,0.2222222238779068,5,0.11110443621873856,-14.013195037841797
17.02966698212549,23.64480683300644,0.0,-13.333333432674408,0.9768573045730591,,0.015994417015463114,348,25835,1.8417803049087524,1.0047245025634766,0.27278706431388855,0.8020438551902771,-0.029121438041329384,0.625,2,184,23.644795165979303,23.643771625007503,0,1,1789187392.110995,0.2222222238779068,5,0.13157214224338531,-14.960830688476562
22.737374994903803,23.715396582963876,0.0,-13.333333432674408,0.9193161129951477,,0.021553915983531624,349,25884,0.9647548198699951,1.0055270195007324,0.27268120646476746,0.8018530011177063,0.06509214639663696,0.625,2,185,23.715387083007954,23.714213165978435,0,1,1789187392.181586,0.2222222238779068,5,0.08542855083942413,-15.28952693939209
2.0747920498251915,23.761681415955536,0.0,0.0,0.9490437507629395,,0.000737000023946166,350,25935,-0.2912130653858185,1.0064141750335693,0.27259013056755066,0.8016443252563477,0.11733269691467285,0.625,2,186,23.76166912500048,23.760343790985644,0,1,1789187392.227869,0.0,4,0.07898450642824173,-15.825448989868164
20.415083039551973,23.848198790976312,0.0,0.0,0.9941709637641907,,0.019474000029731542,351,25989,0.5289407968521118,1.0075650215148926,0.27240121364593506,0.8014916181564331,0.03522829711437225,0.625,2,187,23.848185540991835,23.847257749992423,0,1,1789187392.314385,0.0,4,0.06594853848218918,-16.367576599121094
3.5746669746004045,23.89538362500025,0.0,0.0,0.9418666362762451,,0.002459749986883253,352,26035,1.2034353017807007,1.0085644721984863,0.27223166823387146,0.8014060854911804,-0.0008818815695121884,0.625,2,188,23.895369290956296,23.89426883298438,0,1,1789187392.361568,0.0,4,0.0647960677742958,-16.835988998413086
6.401750026270747,23.96590675000334,0.0,0.0,0.9329502582550049,,0.004958375007845461,353,26136,-0.021621186286211014,1.0105104446411133,0.2720016837120056,0.8013147711753845,0.08052654564380646,0.625,2,189,23.965888582984917,23.96446345798904,0,1,1789187392.4320881,0.0,4,0.02060594968497753,-17.98133087158203
9.78770898655057,24.03744204097893,0.0,0.0,0.9838966131210327,,0.00839083397295326,354,26186,0.17843441665172577,1.0115551948547363,0.27186456322669983,0.8013112545013428,0.029521504417061806,0.625,2,190,24.037427707982715,24.03604524995899,0,1,1789187392.503627,0.0,4,0.03572828322649002,-18.373136520385742
14.992291980888695,24.107087290962227,0.0,0.0,0.9846031069755554,,0.013291292008943856,355,26284,0.4470106065273285,1.0138733386993408,0.27158188819885254,0.8014125227928162,0.03309943899512291,0.625,2,191,24.107076665968634,24.105386374983937,0,1,1789187392.5732758,0.0,4,0.03415551036596298,-18.981779098510742
9.320708049926907,24.16907366598025,0.0,0.0,0.9051842093467712,,0.0081099170492962,356,26335,0.1916586309671402,1.014796257019043,0.271501749753952,0.80146324634552,0.05273625999689102,0.625,2,192,24.169062083004974,24.167863000009675,0,1,1789187392.6352608,0.0,4,0.027301134541630745,-19.104999542236328
9.081542026251554,24.236807457986288,0.0,0.0,0.9655691385269165,,0.0075935000204481184,357,26385,0.2459612339735031,1.015885353088379,0.2714107930660248,0.8015626668930054,0.039065685123205185,0.625,2,193,24.236796207958832,24.235319458006416,0,1,1789187392.702995,0.0,4,0.04149017855525017,-19.057859420776367
14.46570799453184,24.307614457968157,0.0,0.0,0.9903637766838074,,0.013574208016507328,358,26434,0.4847899079322815,1.016831874847412,0.2713283896446228,0.8016564249992371,0.020647963508963585,0.625,2,194,24.3076005000039,24.306723040994257,0,1,1789187392.773799,0.0,4,0.054875027388334274,-18.983797073364258
17.885792010929435,24.377568207972217,0.0,-13.333333432674408,0.959642231464386,,0.016794249997474253,359,26535,0.340029239654541,1.0185017585754395,0.2712494730949402,0.8018787503242493,0.04361875727772713,0.625,2,195,24.377557208004873,24.376476707984693,0,1,1789187392.843756,0.2222222238779068,5,0.08845290541648865,-18.833967208862305
18.76287499908358,24.446649833000265,0.0,-13.333333432674408,0.9922114610671997,,0.01740958302980289,360,26584,0.28674188256263733,1.0193333625793457,0.27124467492103577,0.802018404006958,0.0509987436234951,0.625,2,196,24.446634833002463,24.445296582998708,0,1,1789187392.912833,0.2222222238779068,5,0.12496836483478546,-18.752336502075195
23.937541991472244,24.516486415988766,0.0,-13.333333432674408,0.9924449324607849,,0.022848583001177758,361,26685,0.40743809938430786,1.0207319259643555,0.27125784754753113,0.8022693991661072,0.03342412784695625,0.625,2,197,24.516476582968608,24.515397540992126,0,1,1789187392.9826748,0.2222222238779068,5,0.12749429047107697,-18.83440399169922
5.744999973103404,24.565595957974438,0.0,-13.333333432674408,0.991253674030304,,0.0043627090053632855,362,26734,0.33050215244293213,1.0212806463241577,0.27128133177757263,0.8023683428764343,0.0384361706674099,0.625,2,198,24.56558125000447,24.564213750010822,0,1,1789187393.03178,0.2222222238779068,5,0.13540135324001312,-18.975927352905273
7.703041017521173,24.635507458006032,0.0,-13.333333432674408,0.9871312975883484,,0.006502125004772097,363,26784,0.25371429324150085,1.0220184326171875,0.2713487148284912,0.8025189638137817,0.05107825621962547,0.625,2,199,24.635495624970645,24.634306624997407,0,1,1789187393.101693,0.2222222238779068,5,0.14829310774803162,-19.372446060180664
15.774583036545664,24.70857537497068,0.0,-13.333333432674408,0.9544720649719238,,0.014630582998506725,364,26835,0.2691916227340698,1.0225886106491089,0.27139976620674133,0.8026182055473328,0.049830034375190735,0.625,2,200,24.7085624159663,24.70743141596904,0,1,1789187393.1747599,0.2222222238779068,5,0.12655940651893616,-19.709041595458984
14.381624991074204,24.77416195796104,0.0,0.0,0.9863995313644409,,0.013076667033601552,365,26935,0.23071251809597015,1.0236953496932983,0.27152982354164124,0.8027932047843933,0.044953349977731705,0.625,2,201,24.774147499992978,24.772857083007693,0,1,1789187393.2403462,0.0,4,0.08392147719860077,-20.693111419677734
14.948374999221414,24.842743082961533,0.0,-13.333333432674408,0.9960183501243591,,0.01343208400066942,366,26985,0.18009881675243378,1.0242096185684204,0.2715955972671509,0.8028596639633179,0.04811298847198486,0.625,2,202,24.842731249984354,24.841226874967106,0,1,1789187393.308929,0.2222222238779068,5,0.10606029629707336,-21.0820369720459
17.764582997187972,24.910313582979143,0.0,-13.333333432674408,0.9927218556404114,,0.016713667020667344,367,27035,0.1772487908601761,1.0247609615325928,0.27169114351272583,0.8029245138168335,0.05115315318107605,0.625,2,203,24.910298165981658,24.909262750006747,0,1,1789187393.376496,0.2222222238779068,5,0.09616492688655853,-21.67336082458496
14.896415988914669,24.974664332985412,0.0,0.0,0.9863265752792358,,0.013858124963007867,368,27135,0.19062858819961548,1.0257147550582886,0.27187857031822205,0.8029879927635193,0.05133717134594917,0.625,2,204,24.974652707984205,24.97362612496363,0,1,1789187393.440851,0.0,4,0.06767986714839935,-22.689085006713867
15.793707978446037,25.04359412495978,0.0,0.0,0.9806336760520935,,0.014516040973830968,369,27188,0.1699959635734558,1.0261880159378052,0.27198854088783264,0.8030053973197937,0.05376581475138664,0.625,2,205,25.04358316597063,25.04231654095929,0,1,1789187393.50978,0.0,4,0.019946429878473282,-23.060762405395508
14.486624975688756,25.107255665992852,0.0,0.0,0.9538660645484924,,0.013240750005934387,370,27234,0.1627073884010315,1.0265650749206543,0.27209362387657166,0.8030126094818115,0.05528239160776138,0.625,2,206,25.10724233300425,25.10600983299082,0,1,1789187393.57344,0.0,4,0.04003016650676727,-23.35749626159668
9.549124981276691,25.169306374969892,0.0,0.0,0.8126938343048096,,0.008584916999097914,371,27335,0.1798163801431656,1.027314305305481,0.27234822511672974,0.803005039691925,0.057367950677871704,0.625,2,207,25.169297165994067,25.168342332995962,0,1,1789187393.635494,0.0,4,0.01807183027267456,-23.998973846435547
12.964625027962029,25.240806374989916,0.2,0.0,0.8200274109840393,,0.010724249994382262,372,27384,0.17064456641674042,1.0276540517807007,0.2724943459033966,0.8029966354370117,0.05803513526916504,0.375,1,208,25.240793208009563,25.23856608296046,0,1,1789187393.7069912,0.0,4,0.024868350476026535,-24.23753547668457
15.374458977021277,25.30768766597612,0.0,-13.333333432674408,0.9262285828590393,,0.014414749981369823,373,27435,0.1248362809419632,1.0279598236083984,0.272634893655777,0.8029850721359253,0.05741173401474953,0.625,2,209,25.307674457959365,25.30672804097412,0,1,1789187393.7738712,0.2222222238779068,5,0.08081516623497009,-24.38740348815918
11.633000045549124,25.371663541009184,0.2,-13.333333432674408,0.7902297377586365,,0.009508208022452891,374,27484,-0.8465996384620667,1.028257131576538,0.27276134490966797,0.8029595613479614,0.05637260898947716,0.375,1,210,25.371645790990442,25.369538832979742,0,1,1789187393.837843,0.2222222238779068,5,0.08625566959381104,-24.477294921875
11.47704100003466,25.4389043750125,0.0,-13.333333432674408,0.7604445219039917,,0.010135625023394823,375,27585,-2.211729049682617,1.0299859046936035,0.27257460355758667,0.8028125762939453,0.05231926962733269,0.625,2,211,25.438891333003994,25.4375631249859,0,1,1789187393.9050891,0.2222222238779068,5,0.12359626591205597,-24.59330940246582
7.840250036679208,25.50060091598425,0.0,-13.333333432674408,0.7763429880142212,,0.006481832999270409,376,27640,-1.1276617050170898,1.0323333740234375,0.2718733549118042,0.8026050329208374,0.029252896085381508,0.625,2,212,25.50058591598645,25.499242540972773,0,1,1789187393.966783,0.2222222238779068,5,0.09422233700752258,-24.69741439819336
11.292666953522712,25.570646832988132,0.2,-13.333333432674408,0.7170449495315552,,0.009784874971956015,377,27685,-1.4331670999526978,1.0337777137756348,0.2714407742023468,0.8024589419364929,0.03252611681818962,0.375,1,213,25.570632999995723,25.569139332976192,0,1,1789187394.03683,0.2222222238779068,5,0.12338511645793915,-24.862398147583008
9.785458038095385,25.636880000005476,0.2,-13.333333432674408,0.7579574584960938,,0.008217041031457484,378,27784,0.6082665920257568,1.0378367900848389,0.27011924982070923,0.8021150231361389,0.07211843132972717,0.375,1,214,25.63686929096002,25.635311666002963,0,1,1789187394.1030662,0.2222222238779068,5,0.12995284795761108,-25.621671676635742
12.700040999334306,25.70474762498634,0.2,0.0,0.6067689657211304,,0.010814333043526858,379,27836,-0.8690348267555237,1.0392541885375977,0.2696658968925476,0.8019978404045105,0.0823054239153862,0.375,1,0,25.70473283296451,25.702861958008725,0,1,1789187394.170929,0.0,4,0.041330691426992416,-26.059080123901367
12.787959014531225,25.76958779100096,0.2,0.0,0.8329852819442749,,0.011511416989378631,380,27885,-2.9971470832824707,1.0405458211898804,0.2692587077617645,0.8019060492515564,0.06605914235115051,0.375,1,1,25.769574040954467,25.76831133296946,0,1,1789187394.2357702,0.0,4,-0.0008150828070938587,-26.494564056396484
9.538459009490907,25.83729554095771,0.2,0.0,0.7840136885643005,,0.008611499972175807,381,27985,-2.2776451110839844,1.0470380783081055,0.26672905683517456,0.8015751838684082,-0.0525531992316246,0.375,1,2,25.83728350000456,25.83636866597226,0,1,1789187394.3034801,0.0,4,0.02471190132200718,-27.827882766723633
8.724833955056965,25.9016269579879,0.0,0.0,0.28902468085289,,0.007722000009380281,382,28035,-2.0042426586151123,1.0505110025405884,0.26531821489334106,0.80144202709198,0.008982500061392784,0.125,0,0,25.901613915979397,25.900624166009948,0,0,1789187394.36781,0.0,4,-0.04128893464803696,-28.212100982666016
11.920457996893674,25.970732582965866,0.0,0.0,0.47044306993484497,,0.01095720799639821,383,28084,-2.5871453285217285,1.0535122156143188,0.2640875577926636,0.801348090171814,0.07217919826507568,0.375,1,0,25.97072024998488,25.969769415969495,0,0,1789187394.4369159,0.0,4,-0.023144874721765518,-28.4341983795166
9.890375018585473,26.03767529100878,0.0,0.0,0.5847628712654114,,0.008676750003360212,384,28185,1.0152668952941895,1.0635132789611816,0.2596747577190399,0.8011484146118164,0.08111321926116943,0.375,1,0,26.03766341600567,26.03646170796128,0,0,1789187394.503859,0.0,4,-0.02582678571343422,-28.899564743041992
14.593624975532293,26.108362708007917,0.0,0.0,0.6013063788414001,,0.013210333010647446,385,28235,2.626671314239502,1.066491961479187,0.25831541419029236,0.8010995984077454,0.13411450386047363,0.125,0,0,26.108349290967453,26.106979458010755,0,0,1789187394.574545,0.0,4,-0.027091093361377716,-28.844785690307617
20.30941704288125,26.17977200000314,0.0,0.0,0.7232749462127686,,0.016786833992227912,386,28285,2.1219699382781982,1.0700362920761108,0.25666123628616333,0.8010719418525696,0.15490639209747314,0.375,1,1,26.17975720798131,26.17624949995661,0,0,1789187394.645953,0.0,4,-0.007166886702179909,-28.82911491394043
16.982291010208428,26.244765749957878,0.0,0.0,0.7520838379859924,,0.01549641601741314,387,28384,1.5742051601409912,1.0751054286956787,0.25437474250793457,0.8010998368263245,0.08976108580827713,0.375,1,2,26.244739249988925,26.243280040973332,0,0,1789187394.710937,0.0,4,-0.038765329867601395,-28.72531509399414
20.40358301019296,26.31267812498845,0.0,0.0,0.6122438311576843,,0.019274166028480977,388,28435,2.267927885055542,1.0780442953109741,0.2530533969402313,0.801127552986145,0.04037536308169365,0.375,1,0,26.31266604096163,26.311548791010864,0,0,1789187394.778861,0.0,4,-0.0677020326256752,-28.69226837158203
15.321291983127594,26.37474249996012,0.0,0.0,0.5994810461997986,,0.014212000009138137,389,28485,1.8179924488067627,1.0808690786361694,0.2517900764942169,0.8011643886566162,0.022461801767349243,0.375,1,0,26.374728332972154,26.373633290990256,0,0,1789187394.8409238,0.0,4,-0.04346257448196411,-28.71175765991211
17.545291979331523,26.441331000009086,0.0,0.0,0.5795717835426331,,0.016525791957974434,390,28584,0.9669731259346008,1.0858551263809204,0.24967336654663086,0.8012526035308838,0.014410258270800114,0.375,1,0,26.441319415986072,26.440311624959577,0,0,1789187394.9075148,0.0,4,-0.05439174920320511,-28.881662368774414
2.344083972275257,26.491439083009027,0.0,0.0,0.45811426639556885,,0.0008827089914120734,391,28634,1.261277675628662,1.0888242721557617,0.24840931594371796,0.8013346791267395,0.004919485189020634,0.125,0,0,26.491425207990687,26.489977749995887,0,0,1789187394.95762,0.0,4,-0.05172140523791313,-29.012876510620117
1.7761249910108745,26.561315750004724,0.0,0.0,0.5265588760375977,,0.0007687080069445074,392,28684,1.1868407726287842,1.0916063785552979,0.24721446633338928,0.8014304637908936,0.013160294853150845,0.375,1,0,26.561304957955144,26.560308457992505,0,0,1789187395.0275,0.0,4,-0.04311411827802658,-29.13324546813965
2.281124994624406,26.630089165992104,0.0,0.0,0.38079583644866943,,0.0007652920321561396,393,28735,0.8315637111663818,1.0940433740615845,0.24617847800254822,0.801521897315979,0.04626850783824921,0.125,0,0,26.63007504097186,26.62857337499736,0,0,1789187395.09627,-0.2222222238779068,3,-0.046510227024555206,-29.119117736816406
2.1937909768894315,26.696012999978848,0.0,0.0,0.20158417522907257,,0.0011422079987823963,394,28835,0.9030768871307373,1.0992937088012695,0.2439446896314621,0.8017330765724182,0.05280636250972748,0.125,0,0,26.696000124968123,26.694961457978934,0,0,1789187395.162195,-0.2222222238779068,3,-0.05466170236468315,-29.126462936401367
5.8767920127138495,26.765802582958713,0.0,0.0,0.20403006672859192,,0.004898583982139826,395,28889,1.0134155750274658,1.1019017696380615,0.24281030893325806,0.8018473386764526,0.04186467453837395,0.125,0,0,26.76578483299818,26.764824499958195,0,0,1789187395.231979,-0.2222222238779068,3,-0.0532500222325325,-29.114309310913086
13.417083013337106,26.84050179098267,0.0,0.0,0.1644863486289978,,0.012317582964897156,396,28987,0.8448886275291443,1.1065423488616943,0.24079005420207977,0.8020616769790649,0.03955778479576111,0.125,0,0,26.840489832975436,26.839402332960162,0,0,1789187395.306684,-0.2222222238779068,3,-0.029963117092847824,-29.0665340423584
18.32245901459828,26.911258500011172,0.0,0.0,0.1193498969078064,,0.0170063340337947,397,29035,0.908059298992157,1.1088420152664185,0.23981307446956635,0.8021577596664429,0.040774088352918625,0.125,0,0,26.911244874994736,26.909942500002217,0,0,1789187395.377439,-0.2222222238779068,3,-0.042713213711977005,-29.019214630126953
24.58383300108835,26.98347916599596,0.0,0.0,0.12448231130838394,,0.02341175003675744,398,29135,0.9031795859336853,1.1128648519515991,0.23812563717365265,0.8023104071617126,0.022834813222289085,0.125,0,0,26.983466707984917,26.982307124999352,0,0,1789187395.449661,-0.2222222238779068,3,-0.04634740948677063,-28.999523162841797
5.277250020299107,27.03252245800104,0.0,0.0,0.1253281831741333,,0.004426166997291148,399,29135,0.9031795859336853,1.1128648519515991,0.23812563717365265,0.8023104071617126,0.022834813222289085,0.125,0,0,27.032510874967556,27.031671457982156,0,0,1789187395.498705,-0.2222222238779068,3,-0.05453331768512726,-28.999523162841797
12.763375008944422,27.105526332976297,0.0,0.0,0.11503477394580841,,0.011186124989762902,400,29234,0.8012434244155884,1.1168129444122314,0.23653119802474976,0.8024391531944275,0.025869736447930336,0.125,0,0,27.105514249997213,27.103949124983046,0,0,1789187395.571708,-0.2222222238779068,3,-0.05652078241109848,-29.009075164794922
13.456666958518326,27.172163957962766,0.0,0.0,0.11071885377168655,,0.012327375006861985,401,29286,0.81573086977005,1.1188360452651978,0.23573581874370575,0.8024940490722656,0.02887863852083683,0.125,0,0,27.172151165956166,27.17103483300889,0,0,1789187395.638345,-0.2222222238779068,3,-0.05065550655126572,-29.029949188232422
9.770167001988739,27.236993915983476,0.0,0.0,0.10289347916841507,,0.008609541982878,402,29334,0.7921401858329773,1.120607852935791,0.23505118489265442,0.8025358319282532,0.029241610318422318,0.125,0,0,27.23698137496831,27.235833332990296,0,0,1789187395.7031748,-0.2222222238779068,3,-0.0631699338555336,-29.055706024169922
13.31804197980091,27.30662258301163,0.0,0.0,0.09456789493560791,,0.012246541969943792,403,29437,0.7286296486854553,1.124395489692688,0.2336176037788391,0.8025982975959778,0.033706340938806534,0.125,0,0,27.30660941597307,27.305551124969497,0,0,1789187395.772803,-0.2222222238779068,3,-0.06495105475187302,-29.08340835571289
19.754708977416158,27.37924820795888,0.0,0.0,0.09838061034679413,,0.018434541998431087,404,29484,0.7210521697998047,1.1261242628097534,0.23297347128391266,0.8026117086410522,0.038941390812397,0.125,0,0,27.379236582957674,27.377928083005827,0,0,1789187395.84543,-0.2222222238779068,3,-0.0784793570637703,-29.065885543823242
15.812792000360787,27.443209040968213,0.0,0.0,0.0947403535246849,,0.01483041699975729,405,29584,0.6895617246627808,1.129324197769165,0.23179982602596283,0.8026199340820312,0.04196958616375923,0.125,0,0,27.443199999979697,27.44222670799354,0,0,1789187395.9093928,-0.2222222238779068,3,-0.08451785147190094,-29.04178810119629
9.270792012102902,27.50172429101076,0.0,0.0,0.12894338369369507,,0.007809875009115785,406,29635,0.6696683764457703,1.1310360431671143,0.2311789095401764,0.8026173114776611,0.04179462790489197,0.125,0,0,27.501712666009553,27.500263458001427,0,0,1789187395.967906,-0.2222222238779068,3,-0.11223558336496353,-29.02666664123535
8.288790995720774,27.566070957982447,0.0,0.0,0.1265355795621872,,0.007256665965542197,407,29685,0.6642370223999023,1.1327861547470093,0.23054653406143188,0.8026112914085388,0.04160573333501816,0.125,0,0,27.566058708005585,27.565038915956393,0,0,1789187396.0322518,-0.8888888955116272,0,-0.10416781157255173,-29.010417938232422
8.512040949426591,27.635818290989846,0.0,0.0,0.12663131952285767,,0.007309290987905115,408,29734,0.6592164635658264,1.1344926357269287,0.2299308329820633,0.8025970458984375,0.04146214947104454,0.125,0,0,27.63580562500283,27.634615666000172,0,0,1789187396.101999,-0.8888888955116272,0,-0.1361083984375,-28.997997283935547
8.097084006294608,27.700083957985044,0.0,0.0,0.13276129961013794,,0.006863666989374906,409,29835,0.635722279548645,1.137455940246582,0.22888553142547607,0.8025581240653992,0.03922828286886215,0.125,0,0,27.700072332983837,27.698850582994055,0,0,1789187396.166265,-0.8888888955116272,0,-0.12297577410936356,-28.988924026489258
13.665666978340596,27.770533333008643,0.0,0.0,0.1342507004737854,,0.012399667000863701,410,29884,0.6246379017829895,1.1391056776046753,0.22830794751644135,0.8025216460227966,0.039227403700351715,0.125,0,0,27.77051904099062,27.76926737499889,0,0,1789187396.236712,-0.8888888955116272,0,-0.12788105010986328,-28.988924026489258
13.540208979975432,27.84147820796352,0.0,0.0,0.14668744802474976,,0.012275583983864635,411,29934,0.6169087886810303,1.1407684087753296,0.22772739827632904,0.8024746775627136,0.0392322912812233,0.125,0,0,27.84144829097204,27.840213874995243,0,0,1789187396.307641,0.2222222238779068,5,-0.13320903480052948,-28.989381790161133
18.25179101433605,27.911169625003822,0.0,0.0,0.14300437271595,,0.01701716601382941,412,30038,0.6089000105857849,1.1437208652496338,0.22671295702457428,0.8023743033409119,0.04086685553193092,0.125,0,0,27.911157249996904,27.90993504098151,0,0,1789187396.3773499,-0.8888888955116272,0,-0.14080128073692322,-28.985139846801758
14.7754589561373,27.974650290969294,0.0,0.0,0.15010373294353485,,0.013447624980472028,413,30084,0.601360559463501,1.145283818244934,0.22618256509304047,0.8023147583007812,0.04125479236245155,0.125,0,0,27.974636250000913,27.973322540987283,0,0,1789187396.440829,-0.8888888955116272,0,-0.12213972955942154,-28.985122680664062
17.021375009790063,28.04489666596055,0.0,0.0,0.1476837396621704,,0.015728834026958793,414,30134,0.5945132374763489,1.146681785583496,0.22571492195129395,0.802266538143158,0.04200233891606331,0.125,0,0,28.044884208007716,28.043604250007775,0,0,1789187396.5110772,-0.8888888955116272,0,-0.12255938351154327,-28.98511505126953
23.427249980159104,28.116158958000597,0.0,0.0,0.13590149581432343,,0.022366666002199054,415,30234,0.5965966582298279,1.1497809886932373,0.2246655374765396,0.8021523356437683,0.041957419365644455,0.125,0,0,28.11614566599019,28.11509841599036,0,0,1789187396.582338,0.2222222238779068,5,-0.10548119246959686,-28.980777740478516
19.423124962486327,28.179582707991358,0.0,0.0,0.13857769966125488,,0.01842316600959748,416,30285,0.6025251746177673,1.1513996124267578,0.22412484884262085,0.8021019101142883,0.04526138678193092,0.125,0,0,28.179565540980548,28.178582791006193,0,0,1789187396.645758,0.2222222238779068,5,-0.07570525258779526,-28.96434783935547
3.413708007428795,28.23097770800814,0.0,0.0,0.13870853185653687,,0.0016100829816423357,417,30335,0.6000436544418335,1.1529152393341064,0.22361823916435242,0.8020540475845337,0.046638548374176025,0.125,0,0,28.230965540977195,28.22917416598648,0,0,1789187396.6971579,0.2222222238779068,5,-0.05929567664861679,-28.945056915283203
1.3859589817002416,28.29438279097667,0.0,0.0,0.14490489661693573,,0.00027199997566640377,418,30384,0.5958099365234375,1.1542614698410034,0.2231726497411728,0.8020141124725342,0.04655054584145546,0.125,0,0,28.294368000002578,28.29326891596429,0,0,1789187396.760561,0.2222222238779068,5,-0.0766318291425705,-28.936628341674805
1.93425000179559,28.36164474999532,0.0,0.0,0.14221903681755066,,0.0005922080017626286,419,30485,0.5825836062431335,1.1572915315628052,0.22216753661632538,0.801923394203186,0.04525820165872574,0.125,0,0,28.361632207990624,28.360302790999413,0,0,1789187396.827824,0.2222222238779068,5,-0.06030389294028282,-28.916587829589844
5.1912079798057675,28.43325924995588,0.0,0.0,0.1369987577199936,,0.0031948749674484134,420,30535,0.580159068107605,1.1585453748703003,0.2217549830675125,0.8018873333930969,0.042814455926418304,0.125,0,0,28.43324262497481,28.431262957979925,0,0,1789187396.899436,0.2222222238779068,5,-0.05197419598698616,-28.916362762451172
8.227583952248096,28.501267082989216,0.0,0.0,0.1255655735731125,,0.0070013339864090085,421,30584,0.580083966255188,1.1599539518356323,0.22128885984420776,0.8018466830253601,0.04174845293164253,0.125,0,0,28.501253707974683,28.5000408749911,0,0,1789187396.967446,0.2222222238779068,5,-0.04411196708679199,-28.916358947753906
13.110625033732504,28.57259754097322,0.0,0.0,0.11367330700159073,,0.012071000004652888,422,30685,0.562790036201477,1.162723422050476,0.22038471698760986,0.8017694354057312,0.04458647221326828,0.125,0,0,28.572582833003253,28.57155795797007,0,0,1789187397.038774,0.2222222238779068,5,-0.07817423343658447,-28.89780616760254
11.905541992746294,28.639676499995403,0.0,0.0,0.10630176216363907,,0.0105308749480173,423,30735,0.561203122138977,1.1642842292785645,0.21987858414649963,0.801728367805481,0.04460158571600914,0.125,0,0,28.639664457994513,28.6383019159548,0,0,1789187397.105856,-0.444444477558136,2,-0.1027890294790268,-28.89934539794922
16.148249967955053,28.708880790974945,0.0,0.0,0.10479936003684998,,0.01493299996946007,424,30784,0.5582641959190369,1.165595531463623,0.21945396065711975,0.8016952276229858,0.04596465826034546,0.125,0,0,28.708867874986026,28.707665624970105,0,0,1789187397.1750588,-0.444444477558136,2,-0.12405701726675034,-28.893461227416992
23.595332982949913,28.782837290957104,0.0,0.0,0.12112481892108917,,0.022429624979849905,425,30884,0.566409170627594,1.1683497428894043,0.21856965124607086,0.8016306757926941,0.043376944959163666,0.125,0,0,28.782826582959387,28.781671624979936,0,0,1789187397.2490182,-0.8888888955116272,0,-0.12468955665826797,-28.896343231201172
4.6942089684307575,28.832536040979903,0.0,0.0,0.12669637799263,,0.003549666958861053,426,30934,0.5610464215278625,1.1698263883590698,0.21809819340705872,0.8015987873077393,0.04337800294160843,0.125,0,0,28.832525875011925,28.831391582963988,0,0,1789187397.298717,-0.8888888955116272,0,-0.12076516449451447,-28.896339416503906
9.150750003755093,28.90308991598431,0.0,0.0,0.1264624148607254,,0.00812991603743285,427,30984,0.5559021234512329,1.1711901426315308,0.21766337752342224,0.8015719056129456,0.04337796941399574,0.125,0,0,28.903075415990315,28.902069166011643,0,0,1789187397.369267,-0.8888888955116272,0,-0.12162094563245773,-28.896337509155273
14.35858296463266,28.974242124997545,0.0,0.0,0.12842129170894623,,0.013434666965622455,428,31085,0.5558754801750183,1.1739689111709595,0.2167879343032837,0.8015234470367432,0.0433133989572525,0.125,0,0,28.974230624968186,28.973318249976728,0,0,1789187397.440421,-0.8888888955116272,0,-0.10394379496574402,-28.889684677124023
14.596833032555878,29.042148582986556,0.0,0.0,0.12922707200050354,,0.01359866705024615,429,31135,0.5520713329315186,1.175455093383789,0.21632471680641174,0.8015006184577942,0.04325297847390175,0.125,0,0,29.042138332966715,29.04115050000837,0,0,1789187397.508329,0.2222222238779068,5,-0.07908489555120468,-28.883441925048828
16.281125019304454,29.109669208002742,0.0,0.0,0.13472488522529602,,0.014833124994765967,430,31185,0.5466183423995972,1.1768414974212646,0.21589025855064392,0.8014817237854004,0.04485231265425682,0.125,0,0,29.10965437500272,29.10822129098233,0,0,1789187397.575845,0.2222222238779068,5,-0.06398187577724457,-28.87416648864746
18.614457978401333,29.178091624984518,0.0,0.0,0.13391219079494476,,0.017304542008787394,431,31285,0.5552297830581665,1.1795830726623535,0.2150416225194931,0.8014499545097351,0.04596022889018059,0.125,0,0,29.178081582998857,29.176781749993097,0,0,1789187397.644272,0.2222222238779068,5,-0.056281667202711105,-28.85622215270996
21.90925000468269,29.249434374971315,0.0,0.0,0.1316649466753006,,0.020805958018172532,432,31334,0.5579244494438171,1.1810228824615479,0.21459965407848358,0.8014354705810547,0.04745979234576225,0.125,0,0,29.2494205829571,29.24833116598893,0,0,1789187397.715611,0.2222222238779068,5,-0.04727860540151596,-28.849201202392578
5.7048340095207095,29.299150082981214,0.0,0.0,0.13087071478366852,,0.004867166979238391,433,31385,0.5579293966293335,1.1823149919509888,0.21420550346374512,0.8014222979545593,0.04741673544049263,0.125,0,0,29.299138833011966,29.298312457976863,0,0,1789187397.765329,0.2222222238779068,5,-0.03821970522403717,-28.844133377075195
15.480624977499247,29.374911040998995,0.0,0.0,0.13417591154575348,,0.013399666990153491,434,31485,0.5469810366630554,1.1850556135177612,0.21336254477500916,0.8013975024223328,0.049988601356744766,0.125,0,0,29.37490125000477,29.372830124979373,0,0,1789187397.841092,0.2222222238779068,5,-0.028244484215974808,-28.83102035522461
22.14487496530637,29.44957787496969,0.0,0.0,0.14038270711898804,,0.020906499994453043,435,31535,0.5469136238098145,1.186500906944275,0.21291403472423553,0.8013841509819031,0.04998861625790596,0.125,0,0,29.449564415961504,29.448339583002962,0,0,1789187397.915755,0.2222222238779068,5,-0.011334016919136047,-28.83102035522461
14.256875030696392,29.507645915960893,0.0,0.0,0.1428738683462143,,0.013270875031594187,436,31584,0.5443034172058105,1.1877602338790894,0.21252140402793884,0.8013725876808167,0.05141453817486763,0.125,0,0,29.507632791006472,29.506659957987722,0,0,1789187397.973823,0.2222222238779068,5,0.000135127454996109,-28.8219051361084
17.188958008773625,29.576380499987863,0.0,0.0,0.14173918962478638,,0.016104165988508612,437,31634,0.5396444797515869,1.1890290975570679,0.2121257483959198,0.8013549447059631,0.0520116351544857,0.125,0,0,29.576361707993783,29.575295790971722,0,0,1789187398.042552,0.2222222238779068,5,-0.003952279686927795,-28.812824249267578
20.93758399132639,29.64841008296935,0.0,0.0,0.14475607872009277,,0.019807834003586322,438,31735,0.5401228070259094,1.1921569108963013,0.2111320048570633,0.8013243079185486,0.0483764111995697,0.125,0,0,29.648398499994073,29.647280499979388,0,0,1789187398.114588,0.2222222238779068,5,-0.00021217763423919678,-28.804166793823242
5.904750025365502,29.69934170797933,0.0,0.0,0.15382498502731323,,0.004872917023021728,439,31784,0.568034827709198,1.1937110424041748,0.21063858270645142,0.8013140559196472,0.04837598279118538,0.125,0,0,29.699330375005957,29.69831000000704,0,0,1789187398.16552,0.2222222238779068,5,-0.007183689624071121,-28.80419158935547
14.587167010176927,29.774146707961336,0.0,0.0,0.15141938626766205,,0.013640041986946017,440,31834,0.5922648906707764,1.1950359344482422,0.2102242112159729,0.8013063669204712,0.04923552647233009,0.125,0,0,29.774132165999617,29.77319970796816,0,0,1789187398.240322,0.2222222238779068,5,-0.005141977220773697,-28.804210662841797
21.742833021562546,29.84938949998468,0.0,0.0,0.16114847362041473,,0.020658291003201157,441,31935,0.5790542960166931,1.1977977752685547,0.20936647057533264,0.8012962937355042,0.05138140544295311,0.125,0,0,29.84937929100124,29.848305040970445,0,0,1789187398.315569,0.2222222238779068,5,-0.0018138326704502106,-28.804197311401367
2.1496249828487635,29.895686040981673,0.0,0.0,0.1661701500415802,,0.0011823750101029873,442,31984,0.5737566947937012,1.1989771127700806,0.20900586247444153,0.8012896776199341,0.05137048289179802,0.125,0,0,29.895675165986177,29.894718958006706,0,0,1789187398.361865,-0.8888888955116272,0,-0.010630790144205093,-28.803104400634766
7.122292008716613,29.966567625000607,0.0,0.0,0.16132287681102753,,0.0061470840009860694,443,32034,0.5610191822052002,1.2003473043441772,0.2085818499326706,0.8012807965278625,0.05272945016622543,0.125,0,0,29.96655675000511,29.965592499997,0,0,1789187398.432746,-0.8888888955116272,0,-0.0038243718445301056,-28.782073974609375
13.875875039957464,30.04132566601038,0.0,0.0,0.16093002259731293,,0.012495125003624707,444,32134,0.5422160029411316,1.2029176950454712,0.2077822983264923,0.8012603521347046,0.04506869241595268,0.125,0,0,30.041316832997836,30.0399449999677,0,0,1789187398.507506,0.8888888955116272,8,-2.8330832719802856e-05,-28.775955200195312
20.90100001078099,30.114188625011593,0.0,0.0,0.16265814006328583,,0.01981666701612994,445,32185,0.5364429950714111,1.2042723894119263,0.20736590027809143,0.8012563586235046,0.046374984085559845,0.125,0,0,30.114176750008482,30.113104332995135,0,0,1789187398.5803661,-0.8888888955116272,0,-0.009895112365484238,-28.76401138305664
3.3790000015869737,30.162889582978096,0.0,0.0,0.15868031978607178,,0.002193666994571686,446,32235,0.5372701287269592,1.2056323289871216,0.20694702863693237,0.8012558817863464,0.04634757339954376,0.125,0,0,30.16287854098482,30.161704332975205,0,0,1789187398.6290681,-0.8888888955116272,0,-0.029692720621824265,-28.761423110961914
9.340999997220933,30.2368752079783,0.0,0.0,0.147068053483963,,0.00790458294795826,447,32284,0.5371123552322388,1.206833004951477,0.20657972991466522,0.8012552261352539,0.043760035187006,0.125,0,0,30.236861957993824,30.23543883295497,0,0,1789187398.703051,-0.8888888955116272,0,-0.03767622262239456,-28.76141929626465
14.049542020075023,30.307600707979873,0.0,0.0,0.13675135374069214,,0.013084999984130263,448,32384,0.52173912525177,1.2095229625701904,0.20576566457748413,0.801240086555481,0.046239469200372696,0.125,0,0,30.307591249991674,30.30663620796986,0,0,1789187398.7737799,-0.8888888955116272,0,-0.02776062861084938,-28.74349021911621
23.695708019658923,30.38309170800494,0.0,0.0,0.12003886699676514,,0.022237833007238805,449,32436,0.5283332467079163,1.2108917236328125,0.20535960793495178,0.8012312054634094,0.04623952507972717,0.125,0,0,30.383073165954556,30.381633957964368,0,0,1789187398.849262,-0.8888888955116272,0,-0.040784865617752075,-28.743497848510742
3.4666249994188547,30.42872545798309,0.0,0.0,0.12011846154928207,,0.0011422089883126318,450,32485,0.536023736000061,1.2120628356933594,0.20501667261123657,0.8012293577194214,0.04623955488204956,0.125,0,0,30.42871429095976,30.42640112497611,0,0,1789187398.894903,0.8888888955116272,8,-0.01596050336956978,-28.743501663208008
10.778291965834796,30.50192991597578,0.0,0.0,0.11498416215181351,,0.007150874997023493,451,32587,0.5426775813102722,1.2147669792175293,0.20423217117786407,0.8012332916259766,0.048913419246673584,0.125,0,0,30.501919833011925,30.498302583000623,0,0,1789187398.968108,0.8888888955116272,8,0.018775511533021927,-28.743501663208008
17.438791983295232,30.574511957995128,0.0,0.0,0.12140893936157227,,0.016285791993141174,452,32635,0.5426741242408752,1.2159733772277832,0.20388969779014587,0.8012301921844482,0.05153793841600418,0.125,0,0,30.574500207963865,30.573358999972697,0,0,1789187399.040689,0.8888888955116272,8,0.03913933038711548,-28.743501663208008
21.47783403052017,30.64933383296011,0.0,0.0,0.12152762711048126,,0.02043620904441923,453,32735,0.5322116613388062,1.2184207439422607,0.2031947374343872,0.8012148141860962,0.05371001735329628,0.125,0,0,30.64932291599689,30.64829224999994,0,0,1789187399.115511,0.8888888955116272,8,0.04401955008506775,-28.743497848510742
3.2635839888826013,30.69707108300645,0.0,0.0,0.11419294029474258,,0.0011810840223915875,454,32784,0.5276074409484863,1.2196943759918213,0.2028386890888214,0.8012111186981201,0.053237609565258026,0.125,0,0,30.697062833001837,30.69498862500768,0,0,1789187399.163251,0.8888888955116272,8,0.06484866142272949,-28.743022918701172
6.316207989584655,30.766220499994233,0.0,0.0,0.11431831121444702,,0.005068374972324818,455,32835,0.5196366906166077,1.221052885055542,0.20246092975139618,0.8012135624885559,0.052326712757349014,0.125,0,0,30.766208332963288,30.76497295795707,0,0,1789187399.232397,0.8888888955116272,8,0.06648120284080505,-28.73086929321289
10.73854201240465,30.83834062499227,0.0,0.0,0.10457015782594681,,0.009861917002126575,456,32884,0.5169950127601624,1.2223131656646729,0.20211179554462433,0.8012181520462036,0.05229852348566055,0.125,0,0,30.838329207967035,30.837464082986116,0,0,1789187399.304517,0.8888888955116272,8,0.033072181046009064,-28.72775650024414
15.697374998126179,30.90927883295808,0.0,0.0,0.10518894344568253,,0.014777333999518305,457,32985,0.5126698017120361,1.2247785329818726,0.2014329731464386,0.8012118935585022,0.053376391530036926,0.125,0,0,30.909268499992322,30.908358874963596,0,0,1789187399.375456,0.8888888955116272,8,0.04180043935775757,-28.713871002197266
22.975832980591804,30.982658749970142,0.0,0.0,0.10490619391202927,,0.021950374997686595,458,33034,0.5126728415489197,1.226094126701355,0.20107144117355347,0.8012030720710754,0.05334635451436043,0.125,0,0,30.9826410409878,30.98163337499136,0,0,1789187399.448829,0.8888888955116272,8,0.0811920240521431,-28.71051788330078
4.135082999709994,31.031633124977816,0.0,0.0,0.1093980222940445,,0.0022180419764481485,459,33084,0.5157187581062317,1.2272779941558838,0.20074889063835144,0.8011986613273621,0.05342182517051697,0.125,0,0,31.03162204095861,31.029716249962803,0,0,1789187399.49781,0.8888888955116272,8,0.12363293021917343,-28.70783805847168
7.7231660252436996,31.10075316595612,0.0,0.0,0.10092027485370636,,0.004917416023090482,460,33185,0.5248122811317444,1.2298434972763062,0.2000557780265808,0.8012040853500366,0.05637723207473755,0.125,0,0,31.1007422079565,31.097947540984023,0,0,1789187399.5669298,0.8888888955116272,8,0.15818393230438232,-28.702392578125
15.291750023607165,31.174522040993907,0.0,0.0,0.08696331083774567,,0.013593957992270589,461,33235,0.5242533683776855,1.2312366962432861,0.1996825933456421,0.8012058138847351,0.05636840686202049,0.125,0,0,31.174509625008795,31.172824332956225,0,0,1789187399.640697,0.8888888955116272,8,0.1413431465625763,-28.701427459716797
13.488582975696772,31.24108141596662,0.0,0.0,0.08084423840045929,,0.012366625014692545,462,33284,0.5213282704353333,1.2325313091278076,0.1993359625339508,0.801200270652771,0.05742626637220383,0.125,0,0,31.241069540963508,31.239959625003394,0,0,1789187399.707257,0.8888888955116272,8,0.10065881907939911,-28.698192596435547
22.821416961960495,31.31634674995439,0.0,0.0,0.07601391524076462,,0.02143974998034537,463,33384,0.523553192615509,1.2349843978881836,0.19868174195289612,0.8011857867240906,0.05862348526716232,0.125,0,0,31.31633745797444,31.3149651659769,0,0,1789187399.7825248,0.8888888955116272,8,0.06039198487997055,-28.692462921142578
6.588999996893108,31.36625920800725,0.0,0.0,0.07547544687986374,,0.005280875018797815,464,33434,0.5190700888633728,1.236245036125183,0.19834476709365845,0.8011855483055115,0.05982741340994835,0.125,0,0,31.366246916004457,31.364951291005127,0,0,1789187399.832434,0.8888888955116272,8,0.0661308690905571,-28.68073081970215
13.178624969441444,31.440810124971904,0.0,0.0,0.07915200293064117,,0.012323083996307105,465,33484,0.5146681070327759,1.2374409437179565,0.19802354276180267,0.8011889457702637,0.06100387126207352,0.125,0,0,31.440800332988147,31.43995475000702,0,0,1789187399.906987,0.8888888955116272,8,0.09515982866287231,-28.669513702392578
12.139250000473112,31.50573420798173,0.0,0.0,0.08316392451524734,,0.011164291005115956,466,33584,0.5189947485923767,1.23991858959198,0.19735287129878998,0.8011881113052368,0.06140937656164169,0.125,0,0,31.505723082984332,31.504759291012306,0,0,1789187399.97191,0.8888888955116272,8,0.1276373267173767,-28.658403396606445
14.8173330235295,31.574420707998797,0.0,0.0,0.09255455434322357,,0.013691207976080477,467,33635,0.5200054049491882,1.2412800788879395,0.19698341190814972,0.801179826259613,0.05920986831188202,0.125,0,0,31.57440995797515,31.573294665955473,0,0,1789187400.040597,0.8888888955116272,8,0.14099228382110596,-28.650060653686523
22.378334018867463,31.650085458008107,0.0,0.0,0.09233050048351288,,0.020608792023267597,468,33734,0.5230852365493774,1.2438308000564575,0.19629302620887756,0.8011682629585266,0.05796366557478905,0.125,0,0,31.650074250006583,31.64831595798023,0,0,1789187400.116261,0.8888888955116272,8,0.15707063674926758,-28.654865264892578
6.160666991490871,31.69976891600527,0.0,0.0,0.10204402357339859,,0.004663333995267749,469,33785,0.5224049091339111,1.2450028657913208,0.19598160684108734,0.8011717796325684,0.05910538136959076,0.125,0,0,31.699758041009773,31.69827162497677,0,0,1789187400.165945,0.8888888955116272,8,0.18366655707359314,-28.649288177490234
14.998166996520013,31.774816915974952,0.0,0.0,0.10127513110637665,,0.01349166699219495,470,33835,0.5227869153022766,1.246248483657837,0.19565090537071228,0.801175057888031,0.05913318693637848,0.125,0,0,31.774805874971207,31.77331045799656,0,0,1789187400.240992,0.8888888955116272,8,0.19069525599479675,-28.6523380279541
22.685792006086558,31.850282625004184,0.0,0.0,0.09878524392843246,,0.021058833983261138,471,33935,0.5192694664001465,1.2487126588821411,0.19499754905700684,0.8011640310287476,0.059184860438108444,0.125,0,0,31.85027141595492,31.848655749985483,0,0,1789187400.316458,0.8888888955116272,8,0.18754789233207703,-28.658010482788086
9.238416037987918,31.903569915972184,0.0,0.0,0.1190432608127594,,0.002929790993221104,472,33985,0.5179807543754578,1.2497889995574951,0.19471600651741028,0.8011566400527954,0.05840291827917099,0.125,0,0,31.903558290970977,31.897261415957473,0,0,1789187400.3697438,0.8888888955116272,8,0.2527453601360321,-28.65800666809082
19.645541033241898,31.979745457996614,0.0,0.0,0.11566649377346039,,0.018507458036765456,473,34035,0.5060682892799377,1.2511039972305298,0.19437499344348907,0.801149845123291,0.059670645743608475,0.125,0,0,31.979731249972247,31.978607458004262,0,0,1789187400.445917,0.8888888955116272,8,0.2516257166862488,-28.642131805419922
21.610166993923485,32.04925929097226,0.0,0.0,0.11401496082544327,,0.020625917008146644,474,34135,0.5025312900543213,1.2535138130187988,0.19375856220722198,0.8011548519134521,0.058785393834114075,0.125,0,0,32.049248458002694,32.04827512498014,0,0,1789187400.515434,0.8888888955116272,8,0.24682015180587769,-28.636133193969727
6.761541997548193,32.10019079101039,0.0,0.0,0.11729204654693604,,0.0055593340075574815,475,34184,0.5025970339775085,1.2546178102493286,0.1934809684753418,0.801154613494873,0.05978226289153099,0.125,0,0,32.10017920797691,32.098988624988124,0,0,1789187400.566365,0.8888888955116272,8,0.17734310030937195,-28.625595092773438
13.426334015093744,32.172870332957245,0.0,0.0,0.11868993937969208,,0.012257374997716397,476,34235,0.500882089138031,1.2559515237808228,0.19314850866794586,0.801147997379303,0.06076069548726082,0.125,0,0,32.17285816598451,32.1717014159658,0,0,1789187400.639044,0.8888888955116272,8,0.15067324042320251,-28.61576271057129
19.805666990578175,32.24743904097704,0.0,0.0,0.11393223702907562,,0.018734916986431926,477,34334,0.5016286969184875,1.258324384689331,0.19256864488124847,0.801129937171936,0.06076069921255112,0.125,0,0,32.24742845800938,32.24636833299883,0,0,1789187400.713614,0.8888888955116272,8,0.15133598446846008,-28.61576271057129
2.455625042784959,32.29490229097428,0.0,0.0,0.11475855857133865,,0.0012096250429749489,478,34334,0.5016286969184875,1.258324384689331,0.19256864488124847,0.801129937171936,0.06076069921255112,0.125,0,0,32.29488916596165,32.2936563330004,0,0,1789187400.761075,0.8888888955116272,8,0.1368209421634674,-28.61576271057129
7.4451250256970525,32.365416749962606,0.0,0.0,0.1183268129825592,,0.006173083034809679,479,34435,0.5168936848640442,1.2608401775360107,0.1919696033000946,0.8011308908462524,0.0665409117937088,0.125,0,0,32.36539808299858,32.3641449160059,0,0,1789187400.831584,0.8888888955116272,8,0.14721113443374634,-28.615779876708984
3.6965839681215584,32.43138550000731,0.0,0.0,0.12132030725479126,,0.002451416978146881,480,34485,0.5163960456848145,1.2620457410812378,0.19168898463249207,0.8011332750320435,0.06661131978034973,0.125,0,0,32.431368082994595,32.43014045798918,0,0,1789187400.897557,0.8888888955116272,8,0.14366456866264343,-28.615779876708984
7.312041998375207,32.5011047910084,0.0,0.0,0.11136263608932495,,0.006130125024355948,481,34585,0.5040245056152344,1.2642395496368408,0.19118890166282654,0.8011199831962585,0.06766058504581451,0.125,0,0,32.50109254097333,32.499922916002106,0,0,1789187400.967278,0.8888888955116272,8,0.14035630226135254,-28.615766525268555
6.544957985170186,32.56610329099931,0.0,0.0,0.1139998510479927,,0.0053794580162502825,482,34634,0.49743273854255676,1.2654647827148438,0.19091272354125977,0.8011093735694885,0.06766171753406525,0.125,0,0,32.56609087495599,32.564937916002236,0,0,1789187401.032276,0.8888888955116272,8,0.12390710413455963,-28.615753173828125
10.329750017262995,32.63800016598543,0.0,0.0,0.10955099761486053,,0.009166833013296127,483,34685,0.4913305640220642,1.2666170597076416,0.19065351784229279,0.8011059761047363,0.0676516443490982,0.125,0,0,32.63798758300254,32.636837291007396,0,0,1789187401.104173,0.8888888955116272,8,0.10896731168031693,-28.614580154418945
8.51666700327769,32.702216124976985,0.0,0.0,0.10202230513095856,,0.007388124999124557,484,34785,0.48607540130615234,1.2688742876052856,0.19014722108840942,0.8011105060577393,0.06758119910955429,0.125,0,0,32.70220620796317,32.70108766597696,0,0,1789187401.168391,0.8888888955116272,8,0.07886390388011932,-28.60629653930664
16.959499975200742,32.77673754096031,0.0,0.0,0.10544826835393906,,0.015793916943948716,485,34836,0.4830157160758972,1.2700670957565308,0.1898782104253769,0.801106870174408,0.06644334644079208,0.125,0,0,32.7767251249752,32.77557199995499,0,0,1789187401.24291,0.8888888955116272,8,0.09387876093387604,-28.600191116333008
17.447167017962784,32.84523508296115,0.0,0.0,0.10344810783863068,,0.016410832991823554,486,34885,0.48070794343948364,1.2712193727493286,0.18961840867996216,0.8010984063148499,0.06603717058897018,0.125,0,0,32.84522408299381,32.844198790960945,0,0,1789187401.311409,0.8888888955116272,8,0.10545281320810318,-28.59383773803711
18.084749986883253,32.91125370800728,0.0,0.0,0.1004600003361702,,0.01690712501294911,487,34984,0.48220643401145935,1.2734394073486328,0.1891162097454071,0.8010838031768799,0.06595345586538315,0.125,0,0,32.91124258300988,32.91007612500107,0,0,1789187401.3774269,0.8888888955116272,8,0.11201383173465729,-28.5838623046875
23.150957946199924,32.98028633301146,0.0,0.0,0.10352391004562378,,0.020565582963172346,488,35034,0.4848365783691406,1.2746808528900146,0.18883530795574188,0.8010851144790649,0.0659266784787178,0.125,0,0,32.98027125000954,32.97770104097435,0,0,1789187401.4464571,0.8888888955116272,8,0.10727127641439438,-28.580692291259766
22.017333016265184,33.049703040975146,0.0,0.0,0.0823797658085823,,0.020538332988508046,489,35134,0.48864468932151794,1.2769657373428345,0.18832281231880188,0.801088809967041,0.0668930634856224,0.125,0,0,33.0496903329622,33.048224165977444,0,0,1789187401.515875,0.8888888955116272,8,0.10599642246961594,-28.578777313232422
22.036375012248755,33.114695583004504,0.0,0.0,0.08655893802642822,,0.02051595802186057,490,35184,0.4917551279067993,1.2781143188476562,0.18806712329387665,0.801080584526062,0.06775182485580444,0.125,0,0,33.11468358297134,33.11317520798184,0,0,1789187401.580868,0.2222222238779068,5,0.09758579730987549,-28.578784942626953
1.7535839579068124,33.15878320799675,0.0,0.0,0.12862104177474976,,0.00030933396192267537,491,35235,0.49175354838371277,1.2793402671813965,0.1877928376197815,0.8010702133178711,0.06864297389984131,0.125,0,0,33.1587710409658,33.15733899996849,0,0,1789187401.624955,0.2222222238779068,5,0.09755484014749527,-28.57794952392578
1.21870799921453,33.22893099999055,0.0,0.0,0.12738262116909027,,0.00012454198440536857,492,35285,0.4917566776275635,1.2803770303726196,0.18755868077278137,0.8010668754577637,0.06899825483560562,0.125,0,0,33.22891816595802,33.22783699998399,0,0,1789187401.695102,0.2222222238779068,5,0.07701019942760468,-28.575389862060547
8.97104199975729,33.301396124996245,0.0,0.0,0.1469568908214569,,0.007803958957083523,493,35385,0.49725404381752014,1.282592535018921,0.1870536357164383,0.8010713458061218,0.06974586844444275,0.125,0,0,33.30138283298584,33.300229124957696,0,0,1789187401.7675672,0.2222222238779068,5,0.08240785449743271,-28.56916618347168
10.109791997820139,33.36727583297761,0.0,0.0,0.12194646894931793,,0.009107958001550287,494,35435,0.49638253450393677,1.2837761640548706,0.18677818775177002,0.8010709881782532,0.06971941143274307,0.125,0,0,33.36726429098053,33.36627404100727,0,0,1789187401.833449,0.2222222238779068,5,0.09150879830121994,-28.566118240356445
4.8136659897863865,33.43255295796553,0.0,0.0,0.14917980134487152,,0.003676166001241654,495,35484,0.490031361579895,1.2849559783935547,0.18650072813034058,0.8010640144348145,0.06759108603000641,0.125,0,0,33.43253758299397,33.43141554098111,0,0,1789187401.898722,0.2222222238779068,5,0.07857494056224823,-28.561111450195312
19.27475002594292,33.51120737497695,0.0,0.0,0.26225343346595764,,0.01808599999640137,496,35585,0.4886972904205322,1.2870619297027588,0.1860026866197586,0.8010494709014893,0.06411927193403244,0.125,0,0,33.51119712495711,33.51001874997746,0,0,1789187401.9773812,0.2222222238779068,5,0.08557754009962082,-28.55344009399414
20.06474998779595,33.57693287497386,0.0,0.0,0.26303422451019287,,0.018761750019621104,497,35634,0.48962289094924927,1.2882318496704102,0.18572531640529633,0.8010502457618713,0.0627768337726593,0.125,0,0,33.576921165979,33.57562995800981,0,0,1789187402.0431051,0.2222222238779068,5,0.056449610739946365,-28.550329208374023
12.092125019989908,33.63985070795752,0.0,0.0,0.2518858015537262,,0.010994500014930964,498,35684,0.4879438579082489,1.289390206336975,0.18545009195804596,0.8010545372962952,0.06164109334349632,0.125,0,0,33.63983695796924,33.63875312497839,0,0,1789187402.1060212,0.2222222238779068,5,0.05559898912906647,-28.54703140258789
14.629000041168183,33.70763470797101,0.0,0.0,0.2651262879371643,,0.013602958002593368,499,35785,0.486945778131485,1.291463851928711,0.18496088683605194,0.8010538816452026,0.06161065399646759,0.125,0,0,33.7076228329679,33.70660870795837,0,0,1789187402.1738062,0.2222222238779068,5,0.083267442882061,-28.543458938598633
15.703582961577922,33.77441124996403,0.0,0.0,0.30943378806114197,,0.014521790959406644,500,35835,0.48551639914512634,1.2926255464553833,0.18468773365020752,0.8010449409484863,0.06161067262291908,0.125,0,0,33.77439508296084,33.773229540965986,0,0,1789187402.240578,0.2222222238779068,5,0.0808895155787468,-28.543458938598633
13.30583298113197,33.84099408297334,0.0,0.0,0.49734413623809814,,0.012293291976675391,501,35885,0.48469433188438416,1.2937650680541992,0.18441925942897797,0.8010359406471252,0.06158473715186119,0.125,0,0,33.840980375010986,33.83998162497301,0,0,1789187402.307164,0.2222222238779068,5,0.06739680469036102,-28.542598724365234
15.612250019330531,33.90819920797367,0.0,0.0,0.6683787107467651,,0.014675000042188913,502,35985,0.48739370703697205,1.295844554901123,0.18393255770206451,0.8010385632514954,0.0608089379966259,0.375,1,0,33.90818737499649,33.90726204100065,0,0,1789187402.37437,0.2222222238779068,5,0.06701662391424179,-28.53680419921875
20.82783298101276,33.97881866595708,0.0,0.0,0.7040305733680725,,0.019859124964568764,503,36035,0.4829636216163635,1.2969914674758911,0.18366768956184387,0.8010427355766296,0.06179244443774223,0.625,2,1,33.978805708000436,33.977849999966566,0,0,1789187402.444989,0.2222222238779068,5,0.06429723650217056,-28.525634765625
20.601166994310915,34.048318916000426,0.0,0.0,0.48750239610671997,,0.019692834001034498,504,36085,0.48029473423957825,1.298169732093811,0.18339821696281433,0.8010431528091431,0.061764251440763474,0.375,1,0,34.048305583011825,34.04741062497487,0,0,1789187402.514488,0.0,4,0.04545557498931885,-28.522275924682617
19.014000019524246,34.11214225000003,0.0,0.0,0.43856480717658997,,0.01812508300645277,505,36184,0.4834321439266205,1.3002840280532837,0.18292447924613953,0.801027774810791,0.06175722926855087,0.375,1,0,34.11213162500644,34.11125341599109,0,0,1789187402.578314,0.0,4,0.04191778600215912,-28.521440505981445
24.5872910018079,34.18273929099087,0.0,0.0,0.6706199645996094,,0.023118750017601997,506,36235,0.48417672514915466,1.3014642000198364,0.18266311287879944,0.8010249733924866,0.06321030110120773,0.375,1,0,34.182702958001755,34.18127112498041,0,0,1789187402.648886,0.0,4,0.026456601917743683,-28.521438598632812
21.94858400616795,34.24971179099521,0.0,0.0,0.7619985938072205,,0.02031270897714421,507,36334,0.4810600280761719,1.3036079406738281,0.18219362199306488,0.8010338544845581,0.06534676253795624,0.375,1,1,34.24968612496741,34.24807624996174,0,0,1789187402.7158709,0.0,4,0.021502509713172913,-28.52143669128418
21.662916988134384,34.313422375009395,0.0,0.0,0.7464152574539185,,0.0204854590119794,508,36385,0.483140766620636,1.3046624660491943,0.18196362257003784,0.8010360598564148,0.06666278094053268,0.375,1,2,34.31341004098067,34.31224499997916,0,0,1789187402.779593,0.0,4,0.0195930115878582,-28.519054412841797
22.609665989875793,34.37989312497666,0.2,0.0,0.8659720420837402,,0.021345915971323848,509,36435,0.48619601130485535,1.305831789970398,0.18170878291130066,0.8010315299034119,0.06663709878921509,0.375,1,3,34.37988054100424,34.37862954096636,0,1,1789187402.8460631,0.0,4,0.004020737484097481,-28.51599884033203
19.587374990805984,34.44744704099139,0.2,0.0,0.9761239290237427,,0.018442375003360212,510,36485,0.48643073439598083,1.3069815635681152,0.18145903944969177,0.8010237216949463,0.06801453232765198,0.375,1,4,34.447431790991686,34.44630208297167,0,1,1789187402.913615,0.0,4,-0.006159938406199217,-28.512704849243164
21.40529203461483,34.513763915980235,0.2,0.0,0.8776358962059021,,0.019906709028873593,511,36587,-1.9890451431274414,1.3092730045318604,0.18090127408504486,0.8010051846504211,0.06867915391921997,0.375,1,5,34.51375083299354,34.512265375000425,0,1,1789187402.979933,0.0,4,0.029090292751789093,-28.50389289855957
20.390708988998085,34.57772466598544,0.2,0.0,0.7765280604362488,,0.019299459003377706,512,36634,-3.535092353820801,1.3112907409667969,0.18024232983589172,0.8009659051895142,0.06892707198858261,0.375,1,6,34.5777105409652,34.57663349999348,0,1,1789187403.043893,0.0,4,0.0163192730396986,-28.498918533325195
14.190124988090247,34.64190179097932,0.2,0.0,0.8366299867630005,,0.012873207975644618,513,36685,-3.3984968662261963,1.3138952255249023,0.17925453186035156,0.8009003400802612,0.07113606482744217,0.375,1,7,34.641885290970095,34.64058495796053,0,1,1789187403.108067,0.0,4,-0.008320477791130543,-28.496339797973633
13.59641703311354,34.706030957982875,0.2,0.0,0.7876330018043518,,0.012407333008013666,514,36784,-2.6738429069519043,1.3218622207641602,0.1757810115814209,0.8006991744041443,0.09697840362787247,0.375,1,8,34.70601958298357,34.70484191598371,0,1,1789187403.172201,0.0,4,0.00038477545604109764,-28.492040634155273
13.064625032711774,34.77052045799792,0.0,0.0,0.9078779816627502,,0.012160709011368454,515,36835,-2.9241318702697754,1.3262042999267578,0.17383292317390442,0.8006197214126587,0.10629689693450928,0.625,2,9,34.77050958300242,34.7696166249807,0,1,1789187403.236691,0.0,4,0.019921811297535896,-28.491594314575195
8.470583008602262,34.836318957968615,0.0,0.0,0.9261792302131653,,0.007429332996252924,516,36884,-2.633904218673706,1.3301316499710083,0.17205646634101868,0.8005669713020325,0.10613412410020828,0.625,2,10,34.83630587498192,34.83527783298632,0,1,1789187403.302488,0.0,4,0.0053320410661399364,-28.49213218688965
8.46912496490404,34.90011233300902,0.0,0.0,0.9674519896507263,,0.0072405829560011625,517,36984,1.2366355657577515,1.340523600578308,0.16713523864746094,0.8004999756813049,0.09819384664297104,0.625,2,11,34.900089083006606,34.89888383296784,0,1,1789187403.366271,0.0,4,0.007377240806818008,-28.496532440185547
8.79608403192833,34.96604445797857,0.0,0.0,0.9853272438049316,,0.007302124984562397,518,37034,2.426985502243042,1.3447551727294922,0.1651281863451004,0.8005260229110718,0.09545359015464783,0.625,2,12,34.96603229100583,34.964550540957134,0,1,1789187403.432214,0.0,4,0.002572024706751108,-28.495506286621094
4.744499980006367,35.032517790968996,0.0,0.0,0.9312530159950256,,0.0035449580173008144,519,37084,2.077998638153076,1.3488829135894775,0.16315552592277527,0.8005806803703308,0.08081616461277008,0.625,2,13,35.032504333008546,35.031318332999945,0,1,1789187403.4986858,0.0,4,0.00716756284236908,-28.490930557250977
7.070499996189028,35.09934712498216,0.2,0.0,0.8436128497123718,,0.006007249990943819,520,37134,1.855753779411316,1.3514411449432373,0.1620120108127594,0.8006293177604675,0.06212829425930977,0.375,1,14,35.09933120798087,35.09828391595511,0,1,1789187403.565512,0.0,4,0.004001036286354065,-28.485511779785156
3.3102500019595027,35.164423540991265,0.0,0.0,0.7468109726905823,,0.0021468750201165676,521,37235,2.1102402210235596,1.3574159145355225,0.15944978594779968,0.8006991147994995,0.03254665806889534,0.625,2,15,35.16440091596451,35.16326025000308,0,1,1789187403.630582,0.0,4,0.00367143377661705,-28.466320037841797
3.337334026582539,35.23117766599171,0.2,0.0,0.7054610848426819,,0.002135625050868839,522,37284,0.2640295624732971,1.3601154088974,0.15831412374973297,0.8007051944732666,0.031950466334819794,0.375,1,16,35.231163749995176,35.22997604100965,0,1,1789187403.697345,0.0,4,0.0002973342780023813,-28.462482452392578
4.967041953932494,35.29786225000862,0.0,0.0,0.762356162071228,,0.0036531249643303454,523,37335,-1.1283067464828491,1.3636040687561035,0.15685515105724335,0.8006755709648132,0.03195621445775032,0.625,2,17,35.29784491600003,35.296548415964935,0,1,1789187403.7640262,0.0,4,-0.030299818143248558,-28.461275100708008
6.0309580294415355,35.363858374999836,0.0,0.0,0.8664940595626831,,0.004564790986478329,524,37434,-0.4685131311416626,1.3714324235916138,0.15347255766391754,0.8005282878875732,0.042119234800338745,0.625,2,18,35.36384762497619,35.362392290961,0,1,1789187403.830028,0.0,4,-0.031427644193172455,-28.453842163085938
10.047500021755695,35.43800237495452,0.0,0.0,0.9654123783111572,,0.008579709043260664,525,37485,-0.5867043733596802,1.376361608505249,0.1512870043516159,0.8004071712493896,0.06718569248914719,0.625,2,19,35.43798908300232,35.43653462501243,0,1,1789187403.90417,0.0,4,-0.06057189777493477,-28.453819274902344
5.089792015496641,35.498999250005,0.0,0.0,0.8648173213005066,,0.0035965419956482947,526,37534,0.8190072178840637,1.38021719455719,0.14955942332744598,0.8003296852111816,0.0787653923034668,0.625,2,20,35.49898741598008,35.497506082989275,0,1,1789187403.9651682,0.0,4,-0.0854429230093956,-28.45563507080078
13.24324996676296,35.573261124955025,0.0,0.0,0.8528285026550293,,0.012221957964356989,527,37634,1.8785666227340698,1.3879668712615967,0.14603564143180847,0.8002158999443054,0.08153074979782104,0.625,2,21,35.57324687496293,35.57223991595674,0,1,1789187404.03943,0.0,4,-0.08885006606578827,-28.453697204589844
17.16366596519947,35.64505099999951,0.0,0.0,0.871163010597229,,0.01606329099740833,528,37684,1.2748091220855713,1.3908621072769165,0.14476628601551056,0.8002068996429443,0.07783878594636917,0.625,2,22,35.64503987500211,35.643950666009914,0,1,1789187404.11122,0.0,4,-0.10533027350902557,-28.44821548461914
2.1097499993629754,35.695811832963955,0.0,13.333333432674408,0.9415251612663269,,0.0011035000206902623,529,37734,1.4358277320861816,1.3933426141738892,0.14371587336063385,0.800216019153595,0.06558244675397873,0.625,2,23,35.69580141600454,35.69480562501121,0,1,1789187404.1619809,-0.2222222238779068,3,-0.16891218721866608,-28.44942283630371
6.027749972417951,35.76580029097386,0.0,13.333333432674408,0.9895790219306946,,0.004918332968372852,530,37834,1.6760585308074951,1.3986883163452148,0.14147864282131195,0.800277054309845,0.04397968575358391,0.625,2,24,35.76578724995488,35.76469095796347,0,1,1789187404.231968,-0.2222222238779068,3,-0.16856078803539276,-28.44966697692871
13.50120798451826,35.841475041001104,0.0,13.333333432674408,0.9614319205284119,,0.012269457976799458,531,37884,1.1497167348861694,1.4011828899383545,0.1404857188463211,0.8003209233283997,0.04207824915647507,0.625,2,25,35.84146441600751,35.84024333296111,0,1,1789187404.307644,-0.2222222238779068,3,-0.14579282701015472,-28.43580436706543
22.485083027277142,35.916365000011865,0.0,13.333333432674408,0.9406644105911255,,0.02102779201231897,532,37985,1.1780500411987305,1.406008243560791,0.13861659169197083,0.8004423379898071,0.03516542911529541,0.625,2,26,35.916354582994245,35.9149077499751,0,1,1789187404.3825338,-0.2222222238779068,3,-0.16231852769851685,-28.225322723388672
5.960750044323504,35.96588774997508,0.0,13.333333432674408,0.9431251883506775,,0.0050533750327304006,533,38035,1.1513025760650635,1.408544659614563,0.13764680922031403,0.8005225658416748,0.03820493817329407,0.625,2,27,35.96587204100797,35.96498041599989,0,1,1789187404.432052,-0.2222222238779068,3,-0.1378190964460373,-27.956241607666016
10.723209008574486,36.03866945800837,0.0,13.333333432674408,0.9264466762542725,,0.009879334014840424,534,38084,0.9313995838165283,1.410867691040039,0.13677039742469788,0.8006113171577454,0.039650559425354004,0.625,2,28,36.03865804098314,36.03782562498236,0,1,1789187404.504837,-0.2222222238779068,3,-0.11866985261440277,-27.558658599853516
14.704166969750077,36.1086604159791,0.0,0.0,0.8675543069839478,,0.013584000000264496,535,38184,0.9368483424186707,1.415216326713562,0.13515262305736542,0.8007880449295044,0.03245478495955467,0.625,2,29,36.108648624969646,36.10754033300327,0,1,1789187404.5748281,0.0,4,-0.09560102224349976,-26.480791091918945
22.500541992485523,36.18229245796101,-0.2,0.0,0.8607785701751709,,0.021074332995340228,536,38234,0.9824010133743286,1.4172074794769287,0.13442201912403107,0.8008610010147095,0.026863140985369682,0.875,3,30,36.18227916600881,36.1808662909898,0,1,1789187404.648458,0.0,4,-0.07610044628381729,-25.96196746826172
4.641500010620803,36.23261420795461,-0.2,0.0,0.9454894065856934,,0.0036830829922109842,537,38285,0.8972009420394897,1.4195321798324585,0.1335725039243698,0.8009578585624695,0.021060587838292122,0.875,3,31,36.23260137496982,36.23165591596626,0,1,1789187404.698781,0.0,4,-0.06822769343852997,-25.237634658813477
14.262582990340889,36.308189790986944,0.0,0.0,0.8875560164451599,,0.012314791965764016,538,38334,1.4142743349075317,1.4213247299194336,0.13293346762657166,0.8010212779045105,0.020390423014760017,0.625,2,32,36.308164999994915,36.30624224996427,0,1,1789187404.7743459,0.0,4,-0.08326733112335205,-24.752023696899414
16.18204201804474,36.37621512496844,0.0,0.0,0.9800040125846863,,0.014730833005160093,539,38434,4.842402458190918,1.4240856170654297,0.13199718296527863,0.80107182264328,-0.00711543345823884,0.625,2,33,36.37620433297707,36.37476404098561,0,1,1789187404.8423831,0.0,4,-0.09948740154504776,-24.084177017211914
18.933541956357658,36.446855832997244,0.0,0.0,0.9863508343696594,,0.01777662499807775,540,38484,2.700402021408081,1.4239336252212524,0.13218405842781067,0.8010132908821106,0.06292227655649185,0.625,2,34,36.446846165985335,36.44569895800669,0,1,1789187404.9130251,0.0,4,-0.09885310381650925,-23.997314453125
4.112499998882413,36.49808612500783,-0.2,13.333333432674408,0.9819656014442444,,0.002896667050663382,541,38534,0.061144497245550156,1.4236208200454712,0.13250170648097992,0.8009652495384216,0.07037674635648727,0.875,3,35,36.498074000002816,36.49687045800965,0,1,1789187404.964253,-0.2222222238779068,3,-0.1150483563542366,-24.017040252685547
7.06612499197945,36.56678412499605,0.0,13.333333432674408,0.9970746040344238,,0.005927707999944687,542,38634,1.185519814491272,1.4244941473007202,0.13266706466674805,0.8009204268455505,-0.01659911498427391,0.625,2,36,36.566766707983334,36.56564579100814,0,1,1789187405.032945,-0.2222222238779068,3,-0.15566477179527283,-24.23168182373047
12.34608399681747,36.64027149998583,0.0,13.333333432674408,0.968183696269989,,0.01107954204780981,543,38684,2.910524845123291,1.4252049922943115,0.1326257735490799,0.8009575605392456,0.03694986552000046,0.625,2,37,36.64025941595901,36.63900508300867,0,1,1789187405.106438,-0.2222222238779068,3,-0.15234972536563873,-24.308292388916016
22.341499978210777,36.71600449999096,-0.2,13.333333432674408,0.9677044749259949,,0.02128004201222211,544,38785,0.13511188328266144,1.42462158203125,0.13333620131015778,0.800977349281311,0.04317455738782883,0.875,3,38,36.71599354100181,36.71494308300316,0,1,1789187405.1821718,-0.2222222238779068,3,-0.17938822507858276,-24.117774963378906
6.388458015862852,36.76621079095639,-0.2,13.333333432674408,0.9717221260070801,,0.005063750024419278,545,38834,-0.6530870199203491,1.4243289232254028,0.13377290964126587,0.80096834897995,-0.012068076059222221,0.875,3,39,36.7661982079735,36.76488612499088,0,1,1789187405.232377,-0.2222222238779068,3,-0.1730155646800995,-23.768342971801758
8.168832981027663,36.836129583010916,-0.2,13.333333432674408,0.9316596984863281,,0.0071262079873122275,546,38885,1.4538168907165527,1.4244543313980103,0.13406141102313995,0.800966203212738,0.029932482168078423,0.875,3,40,36.83611758297775,36.83508704096312,0,1,1789187405.3022962,-0.2222222238779068,3,-0.20447798073291779,-23.249658584594727
18.53154198033735,36.912218540965114,0.0,13.333333432674408,0.9688233137130737,,0.017309791990555823,547,38985,4.171501636505127,1.4233202934265137,0.13499964773654938,0.8008924126625061,-0.0020916061475872993,0.625,2,41,36.912208207999356,36.91099687496899,0,1,1789187405.378386,-0.2222222238779068,3,-0.1966198980808258,-21.979339599609375
3.572082961909473,36.963358415989205,-0.2,13.333333432674408,0.9943222999572754,,0.0024527079658582807,548,39035,2.9238791465759277,1.4211289882659912,0.1361435502767563,0.8007906675338745,-0.0778491422533989,0.875,3,42,36.96334829099942,36.96223908296088,0,1,1789187405.429526,-0.2222222238779068,3,-0.18326252698898315,-21.218687057495117
4.400375008117408,37.032410374959,0.0,13.333333432674408,0.886145830154419,,0.0035414170124568045,549,39084,1.5430241823196411,1.4186593294143677,0.1374732404947281,0.8007109761238098,-0.037415385246276855,0.625,2,43,37.0323990409961,37.03155149996746,0,1,1789187405.4985769,-0.2222222238779068,3,-0.18820640444755554,-20.50640106201172
13.573125004768372,37.10717612499138,-0.2,13.333333432674408,0.9978736639022827,,0.01235804200405255,550,39136,1.6088107824325562,1.4165974855422974,0.13867443799972534,0.8006808757781982,0.036965884268283844,0.875,3,44,37.10716470796615,37.10596112499479,0,1,1789187405.573343,-0.2222222238779068,3,-0.16657568514347076,-19.91248893737793
18.444041023030877,37.17813020799076,-0.2,13.333333432674408,0.9415054321289062,,0.017142291006166488,551,39234,1.1213700771331787,1.4119952917099,0.14118808507919312,0.8006733655929565,0.05722687765955925,0.875,3,45,37.17811554099899,37.17682854097802,0,1,1789187405.644293,-0.2222222238779068,3,-0.16642093658447266,-18.883499145507812
21.266916999593377,37.249210665991995,0.0,13.333333432674408,0.8616266250610352,,0.01974945899564773,552,39284,-0.07994057238101959,1.4093992710113525,0.14258284866809845,0.8006616234779358,0.08125006407499313,0.625,2,46,37.24919845798286,37.24769324995577,0,1,1789187405.7153761,-0.2222222238779068,3,-0.17128393054008484,-18.426219940185547
5.49933296861127,37.29931887501152,0.0,13.333333432674408,0.9795997142791748,,0.004390665970277041,553,39334,1.865444540977478,1.4071297645568848,0.14382168650627136,0.8006501197814941,0.13151825964450836,0.625,2,47,37.299305416003335,37.298210290959105,0,1,1789187405.765483,-0.2222222238779068,3,-0.17593902349472046,-18.040369033813477
12.292792031075805,37.37200420798035,0.0,13.333333432674408,0.997775137424469,,0.011225250025745481,554,39435,0.7235377430915833,1.4015341997146606,0.1464056670665741,0.8005627393722534,0.15222913026809692,0.625,2,48,37.37199520797003,37.370936708000954,0,1,1789187405.838172,-0.2222222238779068,3,-0.19002258777618408,-17.302453994750977
13.303333020303398,37.4412507499801,0.0,13.333333432674408,0.9836689829826355,,0.011947249993681908,555,39484,-2.1233248710632324,1.3985624313354492,0.14777404069900513,0.8004900217056274,0.1079707145690918,0.625,2,49,37.44123941595899,37.4398947499576,0,1,1789187405.907417,-0.2222222238779068,3,-0.191899836063385,-16.91153335571289
5.525499989744276,37.499345124990214,-0.2,13.333333432674408,0.9994345307350159,,0.0036650419933721423,556,39535,-1.8865681886672974,1.3967763185501099,0.14875845611095428,0.8004271984100342,0.09902752935886383,0.875,3,50,37.49933262501145,37.497484749997966,0,1,1789187405.96551,-0.2222222238779068,3,-0.15020804107189178,-16.617565155029297
6.4935419941321015,37.56641895795474,-0.2,13.333333432674408,0.9991342425346375,,0.004954874981194735,557,39635,-0.08213065564632416,1.3935868740081787,0.15060527622699738,0.8003487586975098,0.18603187799453735,0.875,3,51,37.56640675000381,37.56488041597186,0,1,1789187406.032584,-0.2222222238779068,3,-0.17128057777881622,-15.494681358337402
13.432334002573043,37.64146529097343,0.0,13.333333432674408,0.9764745831489563,,0.011854542011860758,558,39685,0.46891823410987854,1.3923611640930176,0.15127132833003998,0.8003416061401367,0.15619662404060364,0.625,2,52,37.641452832962386,37.63988770800643,0,1,1789187406.10763,-0.2222222238779068,3,-0.19439169764518738,-15.015887260437012
20.67399997031316,37.71465941600036,0.0,13.333333432674408,0.9983538389205933,,0.018652250000741333,559,39784,2.8278393745422363,1.387681007385254,0.15312431752681732,0.800322949886322,0.10497239977121353,0.625,2,53,37.71464862499852,37.712637791002635,0,1,1789187406.180825,-0.2222222238779068,3,-0.17335249483585358,-13.695226669311523
3.26570903416723,37.7635347910109,0.0,13.333333432674408,0.9991434812545776,,0.0011759590124711394,560,39835,0.67554771900177,1.3849960565567017,0.154067724943161,0.800296425819397,0.09229446947574615,0.625,2,54,37.76352516596671,37.761445124982856,0,1,1789187406.229702,-0.2222222238779068,3,-0.18730634450912476,-13.203381538391113
6.215916946530342,37.834345040959306,0.0,13.333333432674408,0.9992941617965698,,0.0036845419672317803,561,39884,-1.6308549642562866,1.3818154335021973,0.15523970127105713,0.8002689480781555,0.0912993922829628,0.625,2,55,37.83431908296188,37.83181383297779,0,1,1789187406.300498,-0.2222222238779068,3,-0.1648021638393402,-12.642318725585938
14.066957985050976,37.908248124993406,0.0,13.333333432674408,0.9990266561508179,,0.012425582972355187,562,39937,-1.0488592386245728,1.3792657852172852,0.15627628564834595,0.800247848033905,0.11495310813188553,0.625,2,56,37.90823741600616,37.906606832984835,0,1,1789187406.374414,-0.2222222238779068,3,-0.181001678109169,-12.02763843536377
22.857792035210878,37.98297912499402,0.0,13.333333432674408,0.9987416863441467,,0.02143841702491045,563,40035,-0.6724637746810913,1.3759374618530273,0.15774723887443542,0.8002941012382507,0.1541546881198883,0.625,2,57,37.98296308296267,37.98155983298784,0,1,1789187406.44914,-0.2222222238779068,3,-0.16537953913211823,-10.916942596435547
4.767916980199516,38.03282420797041,-0.2,13.333333432674408,0.9999322891235352,,0.0032257919665426016,564,40084,-1.4004005193710327,1.3747245073318481,0.15827247500419617,0.8003389239311218,0.14319154620170593,0.875,3,58,38.03281183296349,38.03128224995453,0,1,1789187406.498988,-0.2222222238779068,3,-0.11918095499277115,-10.518364906311035
10.986667010001838,38.10503112495644,-0.2,13.333333432674408,0.9983755350112915,,0.009852333983872086,565,40134,-1.074552297592163,1.3733911514282227,0.15885017812252045,0.8004193902015686,0.1452537626028061,0.875,3,59,38.10501904098783,38.10389699996449,0,1,1789187406.571195,-0.2222222238779068,3,-0.1520216464996338,-9.959731101989746
18.14033300615847,38.178208375000395,0.0,13.333333432674408,0.9961996674537659,,0.017230042023584247,566,40238,2.9306328296661377,1.370923399925232,0.1597694307565689,0.8005943298339844,0.1389739215373993,0.625,2,60,38.17819762497675,38.177298124996014,0,1,1789187406.6443741,-0.2222222238779068,3,-0.16487742960453033,-8.932400703430176
20.926999975927174,38.24883029097691,0.0,13.333333432674408,0.9780470728874207,,0.01979741599643603,567,40284,3.542304039001465,1.3689906597137451,0.16023938357830048,0.8006519079208374,0.10155551135540009,0.625,2,61,38.248818832973484,38.247700790991075,0,1,1789187406.714995,-0.2222222238779068,3,-0.14763855934143066,-8.488579750061035
6.363209045957774,38.30019395798445,-0.2,13.333333432674408,0.9898777604103088,,0.004916417005006224,568,40334,1.9544572830200195,1.3651765584945679,0.16102808713912964,0.8007212281227112,0.04414721950888634,0.875,3,62,38.30018279096112,38.29874720796943,0,1,1789187406.766359,-0.2222222238779068,3,-0.11199132353067398,-7.8368306159973145
8.70466703781858,38.36847587500233,-0.2,13.333333432674408,0.9991034865379333,,0.007434500032104552,569,40434,-0.6572962403297424,1.3586924076080322,0.16251222789287567,0.8008605241775513,0.07626694440841675,0.875,3,63,38.368464416009374,38.36720579100074,0,1,1789187406.8346398,-0.2222222238779068,3,-0.11013976484537125,-6.7501749992370605
12.339790991973132,38.440431832976174,0.0,0.0,0.9976796507835388,,0.01109741599066183,570,40485,1.675042748451233,1.3561005592346191,0.16317974030971527,0.8009541034698486,0.11257621645927429,0.625,2,64,38.44042125000851,38.43918954097899,0,1,1789187406.9065971,0.0,4,-0.09106892347335815,-6.152740955352783
17.4756670021452,38.51111766597023,0.0,0.0,0.9976601600646973,,0.0159977920120582,571,40534,3.392247200012207,1.3534907102584839,0.16374443471431732,0.8010237812995911,0.10397251695394516,0.625,2,65,38.51110820798203,38.50963983300608,0,1,1789187406.9772842,0.0,4,-0.05940283089876175,-5.640588283538818
22.92908396339044,38.58272137498716,0.0,0.0,0.999616265296936,,0.021736875001806766,572,40635,-0.7010576128959656,1.3460317850112915,0.16504696011543274,0.8010812997817993,0.07941374182701111,0.625,2,66,38.58271058299579,38.58152929099742,0,1,1789187407.048886,0.0,4,-0.05177658796310425,-4.601249694824219
5.130874982569367,38.63318549998803,0.0,0.0,0.9989245533943176,,0.003469625022262335,573,40684,-1.7769588232040405,1.342487096786499,0.1657084822654724,0.8010992407798767,0.1384071558713913,0.625,2,67,38.6331745829666,38.63152429100592,0,1,1789187407.09935,0.0,4,-0.06929560750722885,-4.128343105316162
13.216666004154831,38.707093750010245,0.0,0.0,0.9935018420219421,,0.011333291011396796,574,40735,-0.7757941484451294,1.3396546840667725,0.1662752777338028,0.8011294603347778,0.17073652148246765,0.625,2,68,38.70706954097841,38.70521066599758,0,1,1789187407.1732469,0.0,4,-0.07775174826383591,-3.734379768371582
18.3372080209665,38.7782775000087,0.0,0.0,0.9995976090431213,,0.017260916996747255,575,40835,-1.343489646911621,1.3349260091781616,0.16715729236602783,0.8012460470199585,0.1287771612405777,0.625,2,69,38.77826724998886,38.77720124996267,0,1,1789187407.2444422,0.0,4,-0.09672142565250397,-3.176945447921753
21.87391702318564,38.84992595796939,0.0,0.0,0.9991440773010254,,0.020935917040333152,576,40885,-1.6583250761032104,1.3327661752700806,0.16754887998104095,0.8013123869895935,0.13890482485294342,0.625,2,70,38.84991454100236,38.84898800001247,0,1,1789187407.3160892,0.0,4,-0.09683435410261154,-3.0121326446533203
3.029291983693838,38.896997458010446,-0.2,13.333333432674408,0.9917882084846497,,0.0011857919744215906,577,40934,-1.0168662071228027,1.3312022686004639,0.16783925890922546,0.8013664484024048,0.1388394832611084,0.875,3,71,38.89698604098521,38.8951539999689,0,1,1789187407.363161,-0.2222222238779068,3,-0.1253160685300827,-2.997847080230713
7.703291019424796,38.967732707969844,-0.2,13.333333432674408,0.9962635636329651,,0.006062541040591896,578,40984,-0.4657283425331116,1.3296765089035034,0.1680997908115387,0.8014237880706787,0.12464770674705505,0.875,3,72,38.967721624998376,38.966092040995136,0,1,1789187407.433897,-0.2222222238779068,3,-0.16796793043613434,-2.939680814743042
10.661042004358023,39.038722582976334,0.0,13.333333432674408,0.9998236298561096,,0.008789082989096642,579,41084,1.583834171295166,1.3257677555084229,0.16863220930099487,0.8015629649162292,0.07268371433019638,0.625,2,73,39.03871233295649,39.036850665987004,0,1,1789187407.504887,-0.2222222238779068,3,-0.18610236048698425,-2.8914623260498047
14.785083010792732,39.108655540971085,0.0,13.333333432674408,0.9969396591186523,,0.01359466597205028,580,41134,3.4440994262695312,1.323323369026184,0.1688777357339859,0.8016089200973511,0.0788472592830658,0.625,2,74,39.10864033299731,39.107465165958274,0,1,1789187407.574815,-0.2222222238779068,3,-0.18948514759540558,-2.847517728805542
14.679500018246472,39.17448962497292,-0.2,13.333333432674408,0.9894977807998657,,0.01338137499988079,581,41235,-0.2871227562427521,1.315548300743103,0.1694977730512619,0.8016050457954407,0.022891655564308167,0.875,3,75,39.17447608296061,39.173191665962804,0,1,1789187407.640651,-0.2222222238779068,3,-0.19697356224060059,-2.370086193084717
22.690082958433777,39.25071641599061,-0.2,13.333333432674408,0.9995447993278503,,0.021499582973774523,582,41284,-1.2113871574401855,1.3117495775222778,0.16983838379383087,0.8015826344490051,0.0009036938427016139,0.875,3,76,39.25070566596696,39.249525957973674,0,1,1789187407.7168798,-0.2222222238779068,3,-0.20361879467964172,-1.9162148237228394
3.505999979097396,39.29736575001152,0.0,13.333333432674408,0.998831570148468,,0.0024001249694265425,583,41334,0.6530554890632629,1.3095990419387817,0.17008310556411743,0.8015798926353455,0.043319594115018845,0.625,2,77,39.29735383298248,39.2962599999737,0,1,1789187407.7635279,-0.2222222238779068,3,-0.2104901224374771,-1.5830662250518799
9.478249994572252,39.369193457998335,0.0,13.333333432674408,0.9997684359550476,,0.008651791024021804,584,41385,3.2619152069091797,1.3065274953842163,0.17036329209804535,0.8015627264976501,0.07876954227685928,0.625,2,78,39.369175750005525,39.36836704099551,0,1,1789187407.83535,-0.2222222238779068,3,-0.20661891996860504,-0.9551348090171814
11.983584030531347,39.44046408298891,0.0,13.333333432674408,0.999125063419342,,0.010863333998713642,585,41485,-1.1228902339935303,1.298403024673462,0.17087572813034058,0.8014339804649353,-0.006141965743154287,0.625,2,79,39.440454415977,39.43934399995487,0,1,1789187407.9066281,-0.2222222238779068,3,-0.17210164666175842,0.4465762972831726
6.114082993008196,39.50120520795463,0.0,13.333333432674408,0.9998001456260681,,0.004870083008427173,586,41535,-2.1455347537994385,1.2954039573669434,0.17110611498355865,0.8013631701469421,0.09407706558704376,0.625,2,80,39.50119362497935,39.49996129097417,0,1,1789187407.967368,-0.2222222238779068,3,-0.16537076234817505,0.9427472949028015
12.164083018433303,39.574085249972995,0.0,13.333333432674408,0.9971513152122498,,0.011262624990195036,587,41634,-0.2789466679096222,1.2902733087539673,0.17152132093906403,0.8012397885322571,0.15733683109283447,0.625,2,81,39.57407287496608,39.57318383298116,0,1,1789187408.040247,-0.2222222238779068,3,-0.15160302817821503,1.9587774276733398
18.709583033341914,39.646694874973036,0.0,13.333333432674408,0.9996950626373291,,0.01732516603078693,588,41685,-1.1922547817230225,1.2878012657165527,0.17164462804794312,0.8012116551399231,0.0947764441370964,0.625,2,82,39.6466829580022,39.64531066600466,0,1,1789187408.112857,-0.2222222238779068,3,-0.15261726081371307,2.4113857746124268
22.391000005882233,39.716910999966785,0.0,13.333333432674408,0.9996638298034668,,0.02105841599404812,589,41735,-1.7555465698242188,1.2857309579849243,0.17174023389816284,0.8011929392814636,0.10042533278465271,0.625,2,83,39.71689891599817,39.71557854098501,0,1,1789187408.183072,-0.2222222238779068,3,-0.14918598532676697,2.784935474395752
3.3539579599164426,39.76405574998353,0.0,0.0,0.9973948001861572,,0.0020278329611755908,590,41785,-1.1505300998687744,1.2836977243423462,0.17184394598007202,0.8011838793754578,0.14871129393577576,0.625,2,84,39.764043333008885,39.76272966596298,0,1,1789187408.230217,0.0,4,-0.09619401395320892,3.246691942214966
3.534040995873511,39.83009549998678,0.0,0.0,0.9960467219352722,,0.002420750039163977,591,41884,-0.48795610666275024,1.2798237800598145,0.17196643352508545,0.8012171983718872,0.10320599377155304,0.625,2,85,39.83008250000421,39.828982250008266,0,1,1789187408.296256,0.0,4,-0.08829659223556519,4.221163749694824
6.802666001021862,39.899338624964,0.0,0.0,0.9942803382873535,,0.005648833001032472,592,41934,-0.8643722534179688,1.2778557538986206,0.17198963463306427,0.8012531399726868,0.06753905862569809,0.625,2,86,39.8993258329574,39.898184833000414,0,1,1789187408.3654988,0.0,4,-0.08272244036197662,4.6988019943237305
9.674500033725053,39.96946312498767,0.0,0.0,0.9975710511207581,,0.008634500030893832,593,41985,-0.671421468257904,1.2760014533996582,0.17201873660087585,0.8013010621070862,0.08075729757547379,0.625,2,87,39.969451749988366,39.96842320798896,0,1,1789187408.435625,0.0,4,-0.07314182817935944,5.178595066070557
15.499625005759299,40.04169974999968,0.0,0.0,0.9977827668190002,,0.013666957966051996,594,42084,-0.27544721961021423,1.2726060152053833,0.1720496267080307,0.8014203310012817,0.071722611784935,0.625,2,88,40.04169004096184,40.0398671659641,0,1,1789187408.507863,0.0,4,-0.08226195722818375,6.030264854431152
18.960334011353552,40.112327082955744,0.0,0.0,0.9906824827194214,,0.017322667001280934,595,42135,-0.5001897215843201,1.271056056022644,0.17203904688358307,0.8014809489250183,0.050807636231184006,0.625,2,89,40.11231495800894,40.1106894579716,0,1,1789187408.578488,0.0,4,-0.09032890945672989,6.272019863128662
3.223540959879756,40.16296412498923,0.0,0.0,0.9966885447502136,,0.001179165963549167,596,42184,-0.47982633113861084,1.2696274518966675,0.17202496528625488,0.8015515804290771,0.05520857498049736,0.625,2,90,40.162951082980726,40.16091979097109,0,1,1789187408.6291242,0.0,4,-0.09239351004362106,6.424394130706787
8.689083973877132,40.23485966597218,0.0,13.333333432674408,0.9905389547348022,,0.0070187089731916785,597,42285,-0.23871582746505737,1.2671483755111694,0.1719786822795868,0.8017016649246216,0.058563727885484695,0.625,2,91,40.234847707964946,40.23318937496515,0,1,1789187408.70102,-0.2222222238779068,3,-0.12388411909341812,6.565460205078125
14.260041993111372,40.307465374993626,-0.2,13.333333432674408,0.9959220886230469,,0.013311750022694468,598,42339,-0.33459147810935974,1.2660331726074219,0.1719343066215515,0.8017815947532654,0.04047854244709015,0.875,3,92,40.30745500000194,40.30651720799506,0,1,1789187408.773628,-0.2222222238779068,3,-0.15998904407024384,6.53819465637207
15.90875000692904,40.37546233297326,0.0,13.333333432674408,0.9976128339767456,,0.014739790989551693,599,42385,-0.34449082612991333,1.265238881111145,0.17189642786979675,0.8018404245376587,0.031590718775987625,0.625,2,93,40.375438791001216,40.374293665983714,0,1,1789187408.841613,-0.2222222238779068,3,-0.18860426545143127,6.505274772644043
17.026957997586578,40.443315290962346,0.0,13.333333432674408,0.9984235763549805,,0.016099833010230213,600,42485,2.124016046524048,1.2633756399154663,0.17177876830101013,0.801959753036499,0.0265798382461071,0.625,2,94,40.44330479099881,40.442388291005045,0,1,1789187408.9094772,-0.2222222238779068,3,-0.18619894981384277,6.560108184814453
23.038749990519136,40.51594799995655,0.0,13.333333432674408,0.9650422930717468,,0.021942624996881932,601,42535,2.568230628967285,1.2617130279541016,0.17163750529289246,0.8019626140594482,0.029645487666130066,0.625,2,95,40.51593562500784,40.51485199999297,0,1,1789187408.9821079,-0.2222222238779068,3,-0.1875295788049698,6.770124912261963
1.848583051469177,40.56086462497478,0.0,13.333333432674408,0.985345721244812,,0.000743833021260798,602,42587,0.03768349066376686,1.259240984916687,0.17139841616153717,0.801917552947998,0.001854566391557455,0.625,2,96,40.56085049995454,40.559759915980976,0,1,1789187409.027023,-0.2222222238779068,3,-0.19490396976470947,7.133327960968018
7.960957998875529,40.63230741600273,0.0,13.333333432674408,0.9976003766059875,,0.007168249983806163,603,42685,-0.36377671360969543,1.2559901475906372,0.17110270261764526,0.8018053770065308,0.02814699150621891,0.625,2,97,40.63229662500089,40.63151483295951,0,1,1789187409.098469,-0.2222222238779068,3,-0.19098369777202606,8.079615592956543
15.922708029393107,40.707184957980644,0.0,13.333333432674408,0.9937514662742615,,0.014845708035863936,604,42734,0.23738393187522888,1.2548251152038574,0.17100483179092407,0.8017534017562866,0.0500941127538681,0.625,2,98,40.707174374954775,40.70610804099124,0,1,1789187409.173346,-0.2222222238779068,3,-0.19745731353759766,8.667813301086426
22.305792022962123,40.78045037499396,-0.2,13.333333432674408,0.9627710580825806,,0.021071541996207088,605,42836,-1.0710910558700562,1.2527832984924316,0.1707882583141327,0.801693320274353,0.024198172613978386,0.875,3,99,40.78043391596293,40.77921620797133,0,1,1789187409.246606,-0.2222222238779068,3,-0.1773659586906433,9.815633773803711
23.19362503476441,40.849655625002924,-0.2,13.333333432674408,0.9916300177574158,,0.021727833023760468,606,42884,-0.6551262736320496,1.2522414922714233,0.17073063552379608,0.8016787171363831,0.04995213821530342,0.875,3,100,40.849625332979485,40.848189915996045,0,1,1789187409.3158169,-0.2222222238779068,3,-0.1681460440158844,10.243609428405762
3.762417007237673,40.89713312499225,0.0,13.333333432674408,0.9961395859718323,,0.002432458975818008,607,42934,1.2259728908538818,1.2516090869903564,0.17065419256687164,0.8016626238822937,0.06920789927244186,0.625,2,101,40.89712304098066,40.895803249964956,0,1,1789187409.363295,-0.2222222238779068,3,-0.1781313270330429,10.757185935974121
10.993042029440403,40.97066737496061,0.0,13.333333432674408,0.9971725344657898,,0.009869125031400472,608,42984,3.1998541355133057,1.2506271600723267,0.170501708984375,0.8016400933265686,0.027163567021489143,0.625,2,102,40.9706555409939,40.96954358299263,0,1,1789187409.436827,-0.2222222238779068,3,-0.15539947152137756,11.235093116760254
13.557083962950855,41.04014004097553,0.0,13.333333432674408,0.9943564534187317,,0.012346874980721623,609,43086,0.0919167771935463,1.2453895807266235,0.169632226228714,0.8014894127845764,-0.08273497968912125,0.625,2,103,41.040129582979716,41.038929915986955,0,1,1789187409.506301,-0.2222222238779068,3,-0.15497317910194397,12.339709281921387
22.97454100335017,41.11571520799771,0.0,13.333333432674408,0.9888800382614136,,0.022106624965090305,610,43134,-1.1919687986373901,1.2432159185409546,0.16928863525390625,0.8014131188392639,-0.018796000629663467,0.625,2,104,41.11570504098199,41.114847374963574,0,1,1789187409.581876,-0.2222222238779068,3,-0.11225453019142151,12.754905700683594
7.000624958891422,41.16684266598895,0.0,0.0,0.9955570101737976,,0.004994832968804985,611,43184,-0.37168970704078674,1.2411086559295654,0.16897164285182953,0.8013255000114441,0.07561065256595612,0.625,2,105,41.166829583002254,41.16483691596659,0,1,1789187409.6330009,0.0,4,-0.08335146307945251,13.320045471191406
14.688417024444789,41.24088724999456,0.0,0.0,0.9785284996032715,,0.01372554199770093,612,43285,-0.47874176502227783,1.2382943630218506,0.16850972175598145,0.8012321591377258,0.06443388760089874,0.625,2,106,41.24087454099208,41.23992445797194,0,1,1789187409.7070458,0.0,4,-0.08884143829345703,14.293800354003906
18.908000027295202,41.312089874991216,0.0,0.0,0.99315345287323,,0.01730341702932492,613,43338,-1.2626450061798096,1.2366057634353638,0.16818289458751678,0.801194429397583,0.06878498196601868,0.625,2,107,41.312079666007776,41.31048537499737,0,1,1789187409.778251,0.0,4,-0.07705427706241608,14.858630180358887
3.55858396505937,41.36300908296835,0.0,0.0,0.9983081817626953,,0.0011697919690050185,614,43385,-0.7006360292434692,1.2353860139846802,0.16794368624687195,0.8011778593063354,0.10808452218770981,0.625,2,108,41.362999374978244,41.36062045797007,0,1,1789187409.82917,0.0,4,-0.08713002502918243,15.379873275756836
9.815790981519967,41.436647875001654,0.0,0.0,0.9945264458656311,,0.0073930000071413815,615,43484,-0.2692416310310364,1.233431339263916,0.1675262749195099,0.8011818528175354,0.05695219710469246,0.625,2,109,41.43663683300838,41.43422512500547,0,1,1789187409.902808,0.0,4,-0.076690174639225,16.114444732666016
10.444291983731091,41.503536249976605,0.0,0.0,0.9921013712882996,,0.008754624985158443,616,43534,-0.5794601440429688,1.2322365045547485,0.16725586354732513,0.8011966943740845,0.028818411752581596,0.625,2,110,41.503523457970005,41.50184666598216,0,1,1789187409.969694,0.0,4,-0.08379058539867401,16.343965530395508
14.25841700984165,41.57462645799387,0.0,0.0,0.9989563226699829,,0.012793459056410939,617,43593,-0.32684656977653503,1.2308979034423828,0.1669640690088272,0.8012223243713379,0.041267380118370056,0.625,2,111,41.57461266597966,41.57316162501229,0,1,1789187410.0407832,0.0,4,-0.09476831555366516,16.530216217041016
23.128625005483627,41.64964091597358,0.0,0.0,0.9987364411354065,,0.021662625018507242,618,43685,-0.14369012415409088,1.2290014028549194,0.1665395051240921,0.8012953996658325,0.024400560185313225,0.625,2,112,41.64963058300782,41.64817495801253,0,1,1789187410.115801,0.0,4,-0.10791982710361481,16.634925842285156
6.7099169827997684,41.69949104095576,0.0,13.333333432674408,0.9970554113388062,,0.005380749993491918,619,43735,-0.307670921087265,1.2279415130615234,0.16629751026630402,0.8013435006141663,0.00986141711473465,0.625,2,113,41.69948008295614,41.698162082990166,0,1,1789187410.16565,-0.2222222238779068,3,-0.13230381906032562,16.617650985717773
14.375707949511707,41.77470770798391,0.0,13.333333432674408,0.9895939826965332,,0.01283874997170642,620,43784,-0.26697680354118347,1.2269482612609863,0.16606707870960236,0.8013986349105835,0.012361543253064156,0.625,2,114,41.77469549997477,41.77317087497795,0,1,1789187410.240866,-0.2222222238779068,3,-0.17802056670188904,16.57829475402832
20.425459020771086,41.84709966595983,0.0,13.333333432674408,0.9870670437812805,,0.01819925004383549,621,43885,-0.10396672040224075,1.225338339805603,0.16569505631923676,0.8015000820159912,0.02302526868879795,0.625,2,115,41.84707141597755,41.844873666006606,0,1,1789187410.3132439,-0.2222222238779068,3,-0.16204868257045746,16.55706787109375
22.498624981381,41.9153897499782,-0.2,13.333333432674408,0.9226609468460083,,0.02110504196025431,622,43935,-0.18540287017822266,1.2245053052902222,0.1654905080795288,0.8015568256378174,0.014036434702575207,0.875,3,116,41.91537870798493,41.9139962499612,0,1,1789187410.3815491,-0.2222222238779068,3,-0.16815364360809326,16.669048309326172
3.370166989043355,41.96345429099165,-0.2,13.333333432674408,0.961547315120697,,0.00244458403903991,623,43985,-0.19752033054828644,1.223753571510315,0.16530176997184753,0.8016066551208496,0.007143132854253054,0.875,3,117,41.96344370796578,41.96252875000937,0,1,1789187410.429614,-0.2222222238779068,3,-0.1636682152748108,16.90935516357422
10.94224996631965,42.03712062496925,0.0,13.333333432674408,0.956929087638855,,0.004927166970446706,624,44035,0.4756162464618683,1.2230361700057983,0.16511666774749756,0.8016518354415894,0.012144597247242928,0.625,2,118,42.037110540957656,42.0311056249775,0,1,1789187410.5032802,-0.2222222238779068,3,-0.150934100151062,17.25621223449707
10.872957995161414,42.10420004097978,0.0,13.333333432674408,0.9823209047317505,,0.009926124999765307,625,44135,3.7142043113708496,1.2207483053207397,0.16450023651123047,0.8016805648803711,-0.020544392988085747,0.625,2,119,42.10418795800069,42.10325325001031,0,1,1789187410.570358,-0.2222222238779068,3,-0.1515742689371109,18.171493530273438
11.360333999618888,42.17094779096078,0.0,0.0,0.982876718044281,,0.009877959033474326,626,44184,1.9464128017425537,1.2180005311965942,0.1637251377105713,0.8016250729560852,-0.10041231662034988,0.625,2,120,42.17093008296797,42.16946549998829,0,1,1789187410.6371,0.0,4,-0.10130225867033005,18.724895477294922
14.87708295462653,42.2416690409882,0.0,0.0,0.9977394342422485,,0.013591166993137449,627,44238,-0.7420626282691956,1.2150899171829224,0.16289252042770386,0.8015516400337219,-0.06511078774929047,0.625,2,121,42.24165574996732,42.24038324999856,0,1,1789187410.707825,0.0,4,-0.10130272060632706,19.268217086791992
19.384999992325902,42.312227082962636,0.0,0.0,0.9986875653266907,,0.018187915964517742,628,44334,0.02572176232933998,1.2109016180038452,0.16170473396778107,0.8013932704925537,0.13654547929763794,0.625,2,122,42.31221729097888,42.31103004096076,0,1,1789187410.7783868,0.0,4,-0.09359563887119293,20.331634521484375
2.254666993394494,42.36226074997103,0.0,0.0,0.9991160035133362,,0.0011860840022563934,629,44384,-0.16700805723667145,1.209255337715149,0.16120877861976624,0.8013490438461304,0.07852261513471603,0.625,2,123,42.362250457983464,42.361192249984015,0,1,1789187410.8284202,0.0,4,-0.07281682640314102,20.762495040893555
11.411749990656972,42.43799291597679,0.0,0.0,0.980961263179779,,0.010244249948300421,630,44437,-1.1531081199645996,1.2076183557510376,0.16068875789642334,0.8013166189193726,0.04903516173362732,0.625,2,124,42.43798108299961,42.43682545796037,0,1,1789187410.90415,0.0,4,-0.058349840342998505,21.07851791381836
15.343541977927089,42.508827707963064,0.0,0.0,0.9980692267417908,,0.013714791974052787,631,44535,-0.5644832253456116,1.205065131187439,0.15989239513874054,0.8012712597846985,0.11554315686225891,0.625,2,125,42.50881783297518,42.50719899998512,0,1,1789187410.974987,0.0,4,-0.08452469855546951,21.510181427001953
15.809333010111004,42.575983832997736,0.0,0.0,0.9989259839057922,,0.014848665974568576,632,44585,-0.18444561958312988,1.2036406993865967,0.1594654619693756,0.8012546300888062,0.07854844629764557,0.625,2,126,42.57597291597631,42.5750234159641,0,1,1789187411.042142,0.0,4,-0.09421148151159286,21.553104400634766
22.364959004335105,42.648630124982446,0.0,13.333333432674408,0.9989978671073914,,0.021064291999209672,633,44635,-0.5769070386886597,1.202133297920227,0.15898871421813965,0.8012456297874451,0.02965373545885086,0.625,2,127,42.648621000000276,42.64732958300738,0,1,1789187411.11479,-0.2222222238779068,3,-0.11518856137990952,21.57758140563965
5.5970000103116035,42.699226290977094,0.0,0.0,0.9995712637901306,,0.004548416996840388,634,44684,-0.6966028213500977,1.2005605697631836,0.1585012972354889,0.8012455701828003,0.02597368136048317,0.625,2,128,42.6992154159816,42.698177749989554,0,1,1789187411.165384,0.0,4,-0.097831130027771,21.5860538482666
9.80658398475498,42.76964745798614,0.0,13.333333432674408,0.9990507960319519,,0.008633666962850839,635,44785,-0.16072557866573334,1.1976763010025024,0.1576770842075348,0.8012696504592896,0.040384288877248764,0.625,2,129,42.769634415977634,42.768474707962014,0,1,1789187411.235803,-0.2222222238779068,3,-0.1324956864118576,21.556154251098633
14.649000018835068,42.841195332992356,0.0,13.333333432674408,0.9954931735992432,,0.013322249986231327,636,44834,-0.31265753507614136,1.1963995695114136,0.15732087194919586,0.8012884855270386,0.026395529508590698,0.625,2,130,42.841166624973994,42.83986891596578,0,1,1789187411.307337,-0.2222222238779068,3,-0.11820276826620102,21.58327865600586
22.417625004891306,42.916123540955596,0.0,0.0,0.9931427240371704,,0.021125250030308962,637,44934,-0.35220420360565186,1.193603277206421,0.1565345972776413,0.8013469576835632,0.0317935049533844,0.625,2,131,42.91611166601069,42.914831208006945,0,1,1789187411.3822799,0.0,4,-0.09809829294681549,21.851985931396484
3.6078330012969673,42.96316466596909,0.0,0.0,0.9938762784004211,,0.0024277910124510527,638,44984,-0.21836259961128235,1.192307472229004,0.15618835389614105,0.8013788461685181,0.04673348739743233,0.625,2,132,42.96315308299381,42.961984666006174,0,1,1789187411.429321,0.0,4,-0.09269890189170837,22.1176815032959
5.670542013831437,43.03249816596508,0.0,0.0,0.9970345497131348,,0.004644625005312264,639,45034,-0.2507202625274658,1.1911754608154297,0.15588761866092682,0.8014088273048401,0.0471254363656044,0.625,2,133,43.032486374955624,43.03147229098249,0,1,1789187411.498654,0.0,4,-0.08191678673028946,22.394651412963867
12.306292017456144,43.105706040980294,0.0,0.0,0.995200514793396,,0.01111129199853167,640,45134,-0.29450833797454834,1.1886686086654663,0.15521186590194702,0.8014726638793945,0.04580369219183922,0.625,2,134,43.105696749989875,43.1045110829873,0,1,1789187411.571865,0.0,4,-0.06993912160396576,23.163225173950195
16.847208025865257,43.176896332995966,0.0,0.0,0.9831048846244812,,0.01532241702079773,641,45184,-0.2165824919939041,1.187665343284607,0.1549622267484665,0.8014934659004211,0.05497599020600319,0.625,2,135,43.1768857499701,43.17537162499502,0,1,1789187411.643054,0.0,4,-0.06667456775903702,23.421676635742188
20.675292005762458,43.24728424998466,0.0,0.0,0.9892323017120361,,0.019786917022429407,642,45235,-0.19846272468566895,1.1865289211273193,0.15467144548892975,0.8015173077583313,0.059464965015649796,0.625,2,136,43.24726908298908,43.24639595800545,0,1,1789187411.7134368,0.0,4,-0.056018978357315063,23.685972213745117
22.245083993766457,43.315843541000504,0.2,0.0,0.981894314289093,,0.021221374976448715,643,45335,-0.24670875072479248,1.1843219995498657,0.15410636365413666,0.8015576004981995,0.05374954640865326,0.375,1,137,43.31583325000247,43.31481991597684,0,1,1789187411.7820008,0.0,4,-0.06389111280441284,23.919687271118164
3.403000009711832,43.363450832956005,0.0,0.0,0.9617106914520264,,0.0024226660025306046,644,45384,-0.21561041474342346,1.1834638118743896,0.15390542149543762,0.8015724420547485,0.05355266109108925,0.625,2,138,43.36343908298295,43.362470540974755,0,1,1789187411.829607,0.0,4,-0.08717578649520874,23.903076171875
8.366249967366457,43.434858291002456,0.0,13.333333432674408,0.9809160828590393,,0.00498233299003914,645,45435,-1.016684889793396,1.1823595762252808,0.15364281833171844,0.8015831708908081,0.06034478545188904,0.625,2,139,43.43484466598602,43.43147441599285,0,1,1789187411.901013,-0.2222222238779068,3,-0.14103727042675018,23.811437606811523
4.880000022239983,43.49838570796419,0.0,13.333333432674408,0.9908453822135925,,0.003659375011920929,646,45486,-1.8467199802398682,1.1816987991333008,0.15351712703704834,0.8015723824501038,0.05801623687148094,0.625,2,140,43.498371957975905,43.4971651249798,0,1,1789187411.96454,-0.2222222238779068,3,-0.12665830552577972,23.709768295288086
14.387624978553504,43.57435729098506,0.0,13.333333432674408,0.9768641591072083,,0.013215874962043017,647,45587,0.30669882893562317,1.1812384128570557,0.1536550670862198,0.8014906644821167,0.04593987390398979,0.625,2,141,43.57434187497711,43.57318562496221,0,1,1789187412.040509,-0.2222222238779068,3,-0.13740064203739166,23.580013275146484
14.09770897589624,43.64077995799016,-0.2,13.333333432674408,0.9383465647697449,,0.013073458976577967,648,45634,0.2873445749282837,1.1809042692184448,0.15367938578128815,0.8014575242996216,0.05969049036502838,0.875,3,142,43.64076754095731,43.63975574995857,0,1,1789187412.106935,-0.2222222238779068,3,-0.13210506737232208,23.633790969848633
22.326417034491897,43.71584391599754,0.0,13.333333432674408,0.9834787845611572,,0.021299167012330145,649,45735,-0.02835259400308132,1.179771900177002,0.15355060994625092,0.8013870120048523,0.035819388926029205,0.625,2,143,43.71583349996945,43.71481674996903,0,1,1789187412.1820009,-0.2222222238779068,3,-0.12419967353343964,24.155418395996094
5.713958002161235,43.76567787496606,0.0,13.333333432674408,0.9766001105308533,,0.004851582983974367,650,45785,2.2648842334747314,1.1791248321533203,0.1534549444913864,0.8013546466827393,0.0406799279153347,0.625,2,144,43.76566333300434,43.76481554098427,0,1,1789187412.2318301,-0.2222222238779068,3,-0.10700678825378418,24.634031295776367
13.61062505748123,43.84052170795621,0.0,13.333333432674408,0.9627678990364075,,0.012345583003479987,651,45835,3.204688549041748,1.1779226064682007,0.15315981209278107,0.801274299621582,0.007093552965670824,0.625,2,145,43.84051070798887,43.8392568329582,0,1,1789187412.306678,-0.2222222238779068,3,-0.12088725715875626,25.1455020904541
14.391666045412421,43.907346457999665,0.0,0.0,0.9954817295074463,,0.013513791025616229,652,45934,-1.1870479583740234,1.1737099885940552,0.15175768733024597,0.8009704947471619,0.011117333546280861,0.625,2,146,43.90733374998672,43.906468665983994,0,1,1789187412.3735008,0.0,4,-0.029073620215058327,26.332117080688477
22.2483339603059,43.982756457990035,0.0,0.0,0.9811898469924927,,0.021002624998800457,653,45984,-0.287422239780426,1.1723122596740723,0.15134139358997345,0.8008089065551758,0.1520630270242691,0.625,2,147,43.982741082960274,43.98151079099625,0,1,1789187412.448908,0.0,4,-0.020334895700216293,26.882524490356445
4.993084003217518,44.03148041595705,0.0,0.0,0.9951795339584351,,0.0036394589697010815,654,46035,0.5671933889389038,1.1712309122085571,0.15104940533638,0.8006786108016968,0.15849526226520538,0.625,2,148,44.03146654099692,44.030126874975394,0,1,1789187412.497633,0.0,4,-0.005714923609048128,27.399391174316406
13.899208977818489,44.10770620795665,0.0,0.0,0.9976239800453186,,0.012668208975810558,655,46134,-1.0359958410263062,1.1691080331802368,0.15036456286907196,0.8005190491676331,0.06286735087633133,0.625,2,149,44.10769529099343,44.106475249980576,0,1,1789187412.5738618,0.0,4,-0.006038318388164043,28.212265014648438
14.39633296104148,44.174165458010975,0.0,0.0,0.9601998329162598,,0.013360499986447394,656,46184,-0.7011870741844177,1.1682367324829102,0.1501121073961258,0.8004688620567322,0.13177242875099182,0.625,2,150,44.1741507499828,44.1731297079823,0,1,1789187412.640318,0.0,4,-0.031825076788663864,28.4750919342041
22.32587500475347,44.24950087501202,0.0,0.0,0.9412397146224976,,0.021041999978478998,657,46235,0.08059906214475632,1.1674388647079468,0.14990617334842682,0.8004446029663086,0.1430482417345047,0.625,2,151,44.24948787497124,44.24821704096394,0,1,1789187412.715654,0.0,4,-0.026510048657655716,28.695724487304688
5.7512090425007045,44.299219040956814,0.0,0.0,0.9381622672080994,,0.004368291993159801,658,46285,-0.03571018949151039,1.1665711402893066,0.14964884519577026,0.8004370331764221,0.07538844645023346,0.625,2,152,44.29920854099328,44.297836207959335,0,1,1789187412.765375,0.0,4,-0.03631909564137459,28.78911018371582
14.640791981946677,44.37482262495905,0.0,0.0,0.9786179065704346,,0.012950082949828357,659,46384,-0.4597509503364563,1.1647683382034302,0.14909087121486664,0.8004611134529114,0.05677749961614609,0.625,2,153,44.37481124995975,44.37313204095699,0,1,1789187412.840977,0.0,4,-0.024809131398797035,28.834148406982422
24.683874973561615,44.45161049999297,0.0,0.0,0.9824844002723694,,0.02293729200027883,660,46437,-0.04795599356293678,1.1638610363006592,0.14883728325366974,0.8005027174949646,0.0825970470905304,0.625,2,154,44.45159958297154,44.44986395799788,0,1,1789187412.9177659,0.0,4,-0.015391212888062,28.76099395751953
5.69470803020522,44.499115582962986,0.0,0.0,0.9902459383010864,,0.004709208034910262,661,46485,0.013256579637527466,1.1629574298858643,0.1485711634159088,0.8005629181861877,0.06996569037437439,0.625,2,155,44.49910395796178,44.49813020799775,0,1,1789187412.96527,0.0,4,-0.016836099326610565,28.6925106048584
10.932042030617595,44.57124474999728,0.0,0.0,0.9921120405197144,,0.00980187498498708,662,46584,-0.28017696738243103,1.1613081693649292,0.14807596802711487,0.8006768822669983,0.046008653938770294,0.625,2,156,44.5712334580021,44.57011466595577,0,1,1789187413.037399,0.0,4,-0.01926661841571331,28.647520065307617
16.526833991520107,44.642974915972445,0.0,0.0,0.9937572479248047,,0.0151706250035204,663,46634,-0.12351644039154053,1.1604982614517212,0.14784705638885498,0.8007535934448242,0.061947185546159744,0.625,2,157,44.64296116598416,44.6416187909781,0,1,1789187413.1091268,0.0,4,-0.014937765896320343,28.66795539855957
17.260749998968095,44.71101233299123,0.0,0.0,0.9937393665313721,,0.01607254199916497,664,46734,-0.12985914945602417,1.1589833498001099,0.1474180817604065,0.8009161353111267,0.058009907603263855,0.625,2,158,44.711003082979005,44.70982420799555,0,1,1789187413.1771688,0.0,4,-0.017780689522624016,28.819265365600586
17.193209030665457,44.777218291012105,0.0,0.0,0.9923061728477478,,0.015958917036186904,665,46785,-0.19575735926628113,1.1582486629486084,0.1472100466489792,0.8009999990463257,0.05004226043820381,0.625,2,159,44.77720745798433,44.77598408301128,0,1,1789187413.2433732,0.0,4,-0.023851996287703514,28.91551971435547
15.191833022981882,44.842315957997926,0.0,0.0,0.9933772683143616,,0.01412237499607727,666,46834,-0.12831930816173553,1.1575678586959839,0.14702652394771576,0.8010790348052979,0.05362410470843315,0.625,2,160,44.842304624966346,44.841246582975145,0,1,1789187413.30847,0.0,4,-0.021114831790328026,28.996570587158203
22.35445799306035,44.91575737495441,0.0,0.0,0.9943838119506836,,0.020990208024159074,667,46935,-0.07689941674470901,1.1563057899475098,0.14669443666934967,0.8012279272079468,0.05925806611776352,0.625,2,161,44.91574749996653,44.91439320798963,0,1,1789187413.3819132,0.0,4,-0.024282915517687798,29.024415969848633
2.31141597032547,44.962490874982905,0.0,0.0,0.9934379458427429,,0.0011825829860754311,668,46985,-0.11534660309553146,1.155778408050537,0.14656318724155426,0.8012872934341431,0.053823210299015045,0.625,2,162,44.962475540989544,44.96136208297685,0,1,1789187413.428641,0.0,4,-0.02745085395872593,29.016496658325195
4.862957983277738,45.03200349997496,0.0,0.0,0.9951770305633545,,0.003684790979605168,669,47034,-0.10200945287942886,1.1550360918045044,0.14636562764644623,0.8013719320297241,0.049116797745227814,0.625,2,163,45.03199054097058,45.030825415975414,0,1,1789187413.498156,0.0,4,-0.02175060287117958,28.966493606567383
8.622499997727573,45.10162416601088,0.0,0.0,0.9952228665351868,,0.007379833026789129,670,47085,-0.05358319729566574,1.1544142961502075,0.14620660245418549,0.8014368414878845,0.04944700002670288,0.625,2,164,45.10161070799222,45.100381541007664,0,1,1789187413.567776,0.0,4,-0.010165136307477951,28.89301300048828
11.211082979571074,45.171368165989406,0.0,0.0,0.9945023059844971,,0.009872833034023643,671,47184,-0.07565779983997345,1.1533151865005493,0.1459440290927887,0.8015187978744507,0.05324247479438782,0.625,2,165,45.1713562500081,45.17002995801158,0,1,1789187413.6375208,0.0,4,-0.019166314974427223,28.796602249145508
17.30591699015349,45.24458579096245,0.0,0.0,0.993527352809906,,0.016071249963715672,672,47235,-0.08316182345151901,1.1527411937713623,0.145810067653656,0.8015525937080383,0.05321236327290535,0.625,2,166,45.244574832962826,45.24335116596194,0,1,1789187413.7107399,0.0,4,-0.017910748720169067,28.775497436523438
20.2964999480173,45.31360254099127,0.0,0.0,0.9933876991271973,,0.018939082976430655,673,47284,-0.06390698254108429,1.1522225141525269,0.1456911414861679,0.8015835881233215,0.05069119483232498,0.625,2,167,45.31358958297642,45.312245165987406,0,1,1789187413.779755,0.0,4,-0.01895717903971672,28.763919830322266
22.02249999390915,45.382572458009236,0.0,0.0,0.9939390420913696,,0.021041084022726864,674,47384,-0.05630865693092346,1.1510640382766724,0.14541175961494446,0.8016440868377686,0.05058646947145462,0.625,2,168,45.38256233296124,45.38159112498397,0,1,1789187413.848727,0.0,4,-0.01852080225944519,28.81588363647461
2.2159580257721245,45.42901579098543,0.0,0.0,0.9939978122711182,,0.001177166006527841,675,47435,-0.06314496695995331,1.1505191326141357,0.14529207348823547,0.8016629815101624,0.050367191433906555,0.625,2,169,45.42900458298391,45.42797704099212,0,1,1789187413.895169,0.0,4,-0.020687229931354523,28.841960906982422
22.695334046147764,45.51653545798035,0.0,0.0,0.994891881942749,,0.02148575003957376,676,47485,-0.05635859817266464,1.1499723196029663,0.14516621828079224,0.8016657829284668,0.05015747249126434,0.625,2,170,45.51652287499746,45.51532591599971,0,1,1789187413.982687,0.0,4,-0.020843209698796272,28.865020751953125
2.925667038653046,45.5635046249954,0.0,0.0,0.9948112964630127,,0.0011861250386573374,677,47534,-0.04537340998649597,1.1495221853256226,0.14506998658180237,0.8016616106033325,0.050174642354249954,0.625,2,171,45.56349179096287,45.56176516599953,0,1,1789187414.0296562,0.0,4,-0.02336987294256687,28.884212493896484
10.043042013421655,45.63668841600884,0.0,0.0,0.9920640587806702,,0.008725042047444731,678,47635,-0.04168221354484558,1.148504376411438,0.14484751224517822,0.8016449213027954,0.05017692595720291,0.625,2,172,45.63667783298297,45.635370458010584,0,1,1789187414.102842,0.0,4,-0.024888858199119568,28.887062072753906
11.030833993572742,45.70496145798825,0.0,0.0,0.9930968880653381,,0.00987295899540186,679,47685,-0.041842684149742126,1.1480066776275635,0.14473676681518555,0.8016299605369568,0.05016376078128815,0.625,2,173,45.70494820800377,45.7038036249578,0,1,1789187414.1711118,0.0,4,-0.02435624785721302,28.86902618408203
13.869499962311238,45.77392000000691,0.0,0.0,0.9935629367828369,,0.013058834010735154,680,47784,-0.03217483311891556,1.1471279859542847,0.14455066621303558,0.8015928864479065,0.04821975529193878,0.625,2,174,45.77390954096336,45.773109500005376,0,1,1789187414.240073,0.0,4,-0.027502737939357758,28.81832504272461
21.677708951756358,45.849088124989066,0.2,0.0,0.9936968684196472,,0.02070566697511822,681,47835,-0.0288316011428833,1.1466259956359863,0.14444880187511444,0.801566481590271,0.045401282608509064,0.375,1,175,45.84907579096034,45.848116207984276,0,1,1789187414.315239,0.0,4,-0.029104042798280716,28.790342330932617
2.032291959039867,45.895580915967,0.2,0.0,0.9938860535621643,,0.001179249957203865,682,47885,-0.030412189662456512,1.1460853815078735,0.144318625330925,0.8015327453613281,0.045413535088300705,0.375,1,176,45.89556974999141,45.89472795795882,0,1,1789187414.3617332,0.0,4,-0.02777939848601818,28.766225814819336
6.0519580147229135,45.96644449996529,0.0,0.0,0.9977574944496155,,0.004913500044494867,683,47935,-0.550062894821167,1.145653486251831,0.14423900842666626,0.8015051484107971,0.04511266201734543,0.625,2,177,45.966433790978044,45.96530612499919,0,1,1789187414.432597,0.0,4,-0.038810111582279205,28.746051788330078
9.553416981361806,46.036572040989995,0.0,0.0,0.9694390892982483,,0.008628709008917212,684,48034,-3.8399088382720947,1.1456726789474487,0.14449764788150787,0.8014022707939148,0.04861363396048546,0.625,2,178,46.03656004095683,46.035647374985274,0,1,1789187414.5027242,0.0,4,-0.03705090656876564,28.740564346313477
14.18683398514986,46.10754929098766,0.2,0.0,0.9936989545822144,,0.013405999983660877,685,48084,-1.9186530113220215,1.1470897197723389,0.1453227549791336,0.8012672066688538,0.052463073283433914,0.375,1,179,46.10754012496909,46.10676854097983,0,1,1789187414.5737028,0.0,4,-0.027526533231139183,28.740291595458984
15.082625031936914,46.175452499999665,0.0,0.0,0.9912039041519165,,0.013594583026133478,686,48135,0.4486576020717621,1.1482850313186646,0.14606691896915436,0.8011552095413208,0.041760966181755066,0.625,2,180,46.175440999970306,46.173964540997986,0,1,1789187414.6416042,0.0,4,-0.031781576573848724,28.751197814941406
19.13333300035447,46.246129415987525,0.0,0.0,0.9800745248794556,,0.017943541053682566,687,48235,-2.5329761505126953,1.1499325037002563,0.1473178118467331,0.8008846044540405,0.0107499361038208,0.625,2,181,46.246115707966965,46.24493966600858,0,1,1789187414.712279,0.0,4,-0.03200101852416992,28.778034210205078
22.14941702550277,46.315670165990014,0.2,0.0,0.9886698722839355,,0.021246542048174888,688,48287,-2.828155040740967,1.151124358177185,0.14805486798286438,0.8007047176361084,0.030994856730103493,0.375,1,182,46.315658832958434,46.31476737500634,0,1,1789187414.781822,0.0,4,-0.024915579706430435,28.782474517822266
1.915499975439161,46.362058500002604,0.2,0.0,0.9879042506217957,,0.0008826669654808939,689,48334,0.5862801671028137,1.152958631515503,0.14911992847919464,0.800476610660553,0.041798047721385956,0.375,1,183,46.362041707965545,46.36102587496862,0,1,1789187414.828204,0.0,4,-0.03558264300227165,28.77853012084961
5.25729195214808,46.43264337501023,0.0,0.0,0.9962334036827087,,0.004048249975312501,690,48434,-1.179620385169983,1.1549500226974487,0.15053561329841614,0.8000389933586121,0.011844060383737087,0.625,2,184,46.432631915959064,46.43143441597931,0,1,1789187414.898795,0.0,4,-0.011540415696799755,28.74917984008789
11.808458948507905,46.505303040961735,0.0,0.0,0.9854000210762024,,0.01074083399726078,691,48485,-4.114288330078125,1.1557854413986206,0.15109696984291077,0.7998217344284058,0.014475177973508835,0.625,2,185,46.50529145798646,46.50423550000414,0,1,1789187414.971454,0.0,4,-0.03290734067559242,28.73414421081543
12.935166014358401,46.5734947079909,0.0,0.0,0.9889355301856995,,0.01169220800511539,692,48534,-2.07285737991333,1.1577082872390747,0.15218879282474518,0.7995599508285522,0.035873670130968094,0.625,2,186,46.57348495797487,46.572251832985785,0,1,1789187415.039648,0.0,4,-0.02281753532588482,28.712867736816406
13.78270797431469,46.64080166595522,0.2,0.0,0.9881120920181274,,0.012763374950736761,693,48635,2.1596195697784424,1.161163330078125,0.15438824892044067,0.7991010546684265,0.020612683147192,0.375,1,187,46.64079012500588,46.639782374957576,0,1,1789187415.106953,0.0,4,-0.030976634472608566,28.689720153808594
23.21708301315084,46.71663149999222,0.0,0.0,0.9952410459518433,,0.022304999991320074,694,48684,0.12248384207487106,1.1618765592575073,0.15500718355178833,0.798904299736023,0.002960107522085309,0.625,2,188,46.716619040991645,46.715719582978636,0,1,1789187415.182781,0.0,4,-0.029996899887919426,28.686025619506836
5.157000035978854,46.76590433297679,0.2,0.0,0.9963380098342896,,0.003643708012532443,695,48734,-0.9317169785499573,1.1624205112457275,0.1554909199476242,0.7987814545631409,0.02261970192193985,0.375,1,189,46.765894415962975,46.7643911659834,0,1,1789187415.232057,0.0,4,-0.017295029014348984,28.686195373535156
9.552416973747313,46.83636145800119,0.2,0.0,0.9858415722846985,,0.008620499982498586,696,48837,-0.9887567162513733,1.1647330522537231,0.15705889463424683,0.7987365126609802,0.05682216212153435,0.375,1,190,46.83635120798135,46.83542958297767,0,1,1789187415.302513,0.0,4,-0.02599252201616764,28.680957794189453
13.932375004515052,46.907822165987454,0.0,0.0,0.9984906911849976,,0.012544333003461361,697,48884,-1.5468908548355103,1.1662530899047852,0.15803633630275726,0.7987881302833557,0.03916751965880394,0.625,2,191,46.90780912496848,46.906434207980055,0,1,1789187415.373971,0.0,4,-0.014506310224533081,28.674646377563477
22.148000018205494,46.98232354095671,0.0,0.0,0.9958043694496155,,0.021265417046379298,698,48985,-3.1459152698516846,1.1697946786880493,0.16018308699131012,0.7989276647567749,0.03777530416846275,0.625,2,192,46.98231233295519,46.98144100001082,0,1,1789187415.4484742,0.0,4,-0.022540314123034477,28.671714782714844
9.424207964912057,47.03665391600225,0.0,0.0,0.9952524900436401,,0.004196499998215586,699,48985,-3.1459152698516846,1.1697946786880493,0.16018308699131012,0.7989276647567749,0.03777530416846275,0.625,2,193,47.036642999970354,47.0314263330074,0,1,1789187415.502805,0.0,4,-0.009415549226105213,28.671714782714844
15.762041963171214,47.10904895799467,0.0,0.0,0.9924652576446533,,0.014845833997242153,700,49085,1.6833945512771606,1.1752665042877197,0.16344362497329712,0.7991418242454529,0.01946563459932804,0.625,2,194,47.10903887497261,47.10813287500059,0,1,1789187415.5752,0.0,4,-0.012870904058218002,28.672283172607422
14.001666975673288,47.1747730000061,0.0,0.0,0.9806308746337891,,0.012318624998442829,701,49135,1.1976592540740967,1.176300287246704,0.1642383337020874,0.7992490530014038,0.004023099318146706,0.625,2,195,47.17476204095874,47.17309016600484,0,1,1789187415.6409228,0.0,4,-0.007096141576766968,28.662782669067383
22.091792023275048,47.24890649999725,0.0,0.0,0.9785828590393066,,0.021227375022135675,702,49236,1.007448434829712,1.1778552532196045,0.16557177901268005,0.7996248006820679,0.04097603261470795,0.625,2,196,47.24889833299676,47.24804216600023,0,1,1789187415.71506,0.0,4,-0.021540682762861252,28.65842056274414
7.289833971299231,47.30117954098387,0.0,0.0,0.9937071204185486,,0.0036580419982783496,703,49284,1.5627260208129883,1.1781002283096313,0.16591759026050568,0.7997912168502808,0.05246973782777786,0.625,2,197,47.301167999976315,47.2975478330045,0,1,1789187415.767329,0.0,4,-0.011155512183904648,28.653322219848633
13.214084028732032,47.3734510409995,0.0,0.0,0.9772983193397522,,0.012017417000606656,704,49334,1.1914056539535522,1.1781694889068604,0.16621281206607819,0.8000069260597229,0.05147058516740799,0.625,2,198,47.37344008299988,47.37225445796503,0,1,1789187415.8396008,0.0,4,-0.010641580447554588,28.647308349609375
21.77408302668482,47.44898737495532,0.0,0.0,0.9892026782035828,,0.02088737499434501,705,49436,0.2799166440963745,1.1777218580245972,0.1664169281721115,0.8004329800605774,0.06268042325973511,0.625,2,199,47.44897658296395,47.448100707959384,0,1,1789187415.915137,0.0,4,0.00041725696064531803,28.612123489379883
15.725042030680925,47.509302707971074,0.0,0.0,0.9870067834854126,,0.01484779198653996,706,49485,0.5706206560134888,1.177516222000122,0.16651812195777893,0.8006340861320496,0.07243651896715164,0.625,2,200,47.509293249982875,47.50842558295699,0,1,1789187415.9754539,0.0,4,-0.0032194997183978558,28.596765518188477
16.179708996787667,47.57738829095615,0.2,0.0,0.984708309173584,,0.015062374994158745,707,49535,0.4081026017665863,1.1771528720855713,0.1665395349264145,0.8008347749710083,0.06686840951442719,0.375,1,201,47.57737620797707,47.576271041005384,0,1,1789187416.043537,0.0,4,0.005042451433837414,28.595029830932617
21.997791016474366,47.64909912500298,0.0,0.0,0.9859456419944763,,0.02105766598833725,708,49634,-0.4615330398082733,1.1761776208877563,0.16643394529819489,0.8011962175369263,0.050653666257858276,0.625,2,202,47.64908670797013,47.64815916598309,0,1,1789187416.115247,0.0,4,-0.009096413850784302,28.587066650390625
2.3837079643271863,47.695922957966104,0.0,0.0,0.9914348721504211,,0.0011949579929932952,709,49685,-2.115880012512207,1.1757394075393677,0.16644077003002167,0.8013614416122437,0.05318618193268776,0.625,2,203,47.69591341598425,47.694734290998895,0,1,1789187416.162074,0.0,4,-0.014598737470805645,28.59168243408203
8.262874966021627,47.768964332994074,0.0,0.0,0.9806646108627319,,0.0068264579749666154,710,49734,-2.8215651512145996,1.175768494606018,0.16662301123142242,0.8014779090881348,0.0556173250079155,0.625,2,204,47.768946082971524,47.76752804097487,0,1,1789187416.2351072,0.0,4,-0.021517204120755196,28.597606658935547
5.410749989096075,47.832480040960945,0.0,0.0,0.9847336411476135,,0.004344124987255782,711,49785,-1.014471411705017,1.1762433052062988,0.16704106330871582,0.8015506863594055,0.05198044329881668,0.625,2,205,47.83246712497203,47.831413457985036,0,1,1789187416.298628,0.0,4,-0.018797142431139946,28.600168228149414
10.227792023215443,47.90388287499081,0.0,0.0,0.9823946356773376,,0.009168667020276189,712,49885,0.2935502231121063,1.1765098571777344,0.1677008867263794,0.8016546368598938,0.025775285437703133,0.625,2,206,47.90387054096209,47.902823832992,0,1,1789187416.370031,0.0,4,-0.013137666508555412,28.592296600341797
14.930332952644676,47.97565358300926,0.0,0.0,0.994866132736206,,0.013728707970585674,713,49934,-0.4933363199234009,1.175946593284607,0.16766543686389923,0.8017040491104126,0.029925545677542686,0.625,2,207,47.97564199997578,47.97445204097312,0,1,1789187416.441802,0.0,4,-0.013203820213675499,28.592655181884766
13.108374958392233,48.04045137501089,0.0,0.0,0.9553899168968201,,0.012347041978500783,714,49985,0.0024655957240611315,1.1753051280975342,0.16757844388484955,0.8017594814300537,0.04517179727554321,0.625,2,208,48.040439415955916,48.039690124976914,0,1,1789187416.5066,0.0,4,-0.02593580074608326,28.590444564819336
22.293458052445203,48.115926790982485,0.0,0.0,0.9668495655059814,,0.02112504100659862,715,50087,0.537307858467102,1.17351496219635,0.16717182099819183,0.8018706440925598,0.05553251877427101,0.625,2,209,48.11591704096645,48.11475841596257,0,1,1789187416.582077,0.0,4,-0.010888757184147835,28.579904556274414
4.523665993474424,48.16562474996317,0.0,0.0,0.9853376746177673,,0.003664374991785735,716,50134,-0.17080387473106384,1.1723110675811768,0.1667882800102234,0.8019223809242249,0.05423643812537193,0.625,2,210,48.16561304096831,48.164765499997884,0,1,1789187416.631773,0.0,4,-0.017812471836805344,28.57157325744629
11.912083020433784,48.24046487500891,0.0,0.0,0.9785377979278564,,0.010689333023037761,717,50234,-0.0002310650743311271,1.1701998710632324,0.16611258685588837,0.8019906878471375,0.06695178151130676,0.625,2,211,48.24045491596917,48.23924216598971,0,1,1789187416.706615,0.0,4,-0.01539076492190361,28.55576515197754
15.029042027890682,48.30984883295605,0.0,0.0,0.9821417331695557,,0.013499292021151632,718,50284,0.06323154270648956,1.1690479516983032,0.165750652551651,0.8020188212394714,0.06983071565628052,0.625,2,212,48.30982354097068,48.3083192500053,0,1,1789187416.775985,0.0,4,-0.012787338346242905,28.54934310913086
19.924416963476688,48.3812449160032,0.0,0.0,0.980042576789856,,0.0185669589554891,719,50335,-0.2841971218585968,1.1677162647247314,0.16529719531536102,0.8020448088645935,0.06265334784984589,0.625,2,213,48.381233541003894,48.37988749996293,0,1,1789187416.847393,0.0,4,-0.01717681810259819,28.535324096679688
20.67312499275431,48.44823154096957,0.0,0.0,0.9950053095817566,,0.019641750026494265,720,50434,-0.2727130949497223,1.1652835607528687,0.1644563376903534,0.8020814657211304,0.055744290351867676,0.625,2,214,48.44821866595885,48.44720024999697,0,1,1789187416.914378,0.0,4,-0.013197841122746468,28.53199577331543
3.405708004720509,48.49742787500145,0.0,0.0,0.9944686889648438,,0.0024060409632511437,721,50485,-0.20327778160572052,1.1641919612884521,0.16411106288433075,0.8020937442779541,0.05732676759362221,0.625,2,215,48.49741633300437,48.496428290964104,0,1,1789187416.963576,0.0,4,-0.006843912415206432,28.531930923461914
6.141958991065621,48.56674679100979,0.0,0.0,0.9950736165046692,,0.004706583975348622,722,50535,-0.3197077512741089,1.1627895832061768,0.1636132448911667,0.8021049499511719,0.05731212720274925,0.625,2,216,48.56673504097853,48.56531149998773,0,1,1789187417.032894,0.0,4,-0.0021884064190089703,28.53204345703125
14.436124998610467,48.64055070799077,0.0,0.0,0.9807748198509216,,0.013610999973025173,723,50584,-0.4149189889431,1.1615487337112427,0.16317537426948547,0.8021109700202942,0.0556764230132103,0.625,2,217,48.64054270798806,48.63972566596931,0,1,1789187417.1067011,0.0,4,0.017155850306153297,28.522911071777344
23.834707972127944,48.715818832977675,0.0,0.0,0.9182009696960449,,0.022767582966480404,724,50685,-0.3057480454444885,1.1587815284729004,0.16218741238117218,0.8021135330200195,0.05357392877340317,0.625,2,218,48.71580899995752,48.71475179097615,0,1,1789187417.181968,0.0,4,0.026184501126408577,28.50393295288086
7.352207961957902,48.76589529099874,0.0,0.0,0.9855925440788269,,0.006199416005983949,725,50734,-0.335541695356369,1.1573203802108765,0.1616630107164383,0.8021087050437927,0.0535741001367569,0.625,2,219,48.76588537497446,48.76474254101049,0,1,1789187417.232044,0.0,4,0.009702025912702084,28.503963470458984
14.76158300647512,48.84036799997557,0.0,0.0,0.9913861751556396,,0.013626291998662055,726,50785,-0.40505272150039673,1.1558175086975098,0.1611095815896988,0.8020991086959839,0.055512432008981705,0.625,2,220,48.84035899996525,48.83923275000416,0,1,1789187417.306518,0.0,4,0.008717598393559456,28.504030227661133
21.225375006906688,48.91414837498451,0.0,0.0,0.995109498500824,,0.019787625002209097,727,50884,-0.37807390093803406,1.1528170108795166,0.16000688076019287,0.8020680546760559,0.05657856911420822,0.625,2,221,48.914138499996625,48.912710665958,0,1,1789187417.380297,0.0,4,0.0034056089352816343,28.49495506286621
3.2590829650871456,48.96529195801122,0.0,0.0,0.9897973537445068,,0.002138082985766232,728,50934,-0.37541136145591736,1.151491641998291,0.15952850878238678,0.8020512461662292,0.0576166994869709,0.625,2,222,48.965280333010014,48.96417104097782,0,1,1789187417.4314392,0.0,4,0.004834901541471481,28.48569679260254
11.809375020675361,49.0410047909827,0.0,0.0,0.9906501770019531,,0.010548250051215291,729,50984,-0.41346755623817444,1.1499269008636475,0.1589437872171402,0.8020264506340027,0.056545186787843704,0.625,2,223,49.0409931250033,49.03974375000689,0,1,1789187417.5071518,0.0,4,0.011461259797215462,28.47603988647461
19.784500007517636,49.115842874976806,0.0,0.0,0.9143040776252747,,0.01869429199723527,730,51084,-0.42123425006866455,1.1469569206237793,0.15785972774028778,0.8019769191741943,0.05873756855726242,0.625,2,224,49.11583258298924,49.11475274997065,0,1,1789187417.581991,0.0,4,0.022248227149248123,28.457427978515625
2.9328340315259993,49.16644620796433,0.0,0.0,0.9347514510154724,,0.000945459003560245,731,51135,-0.4131717085838318,1.1453102827072144,0.15724870562553406,0.8019457459449768,0.05873917043209076,0.625,2,225,49.166428999975324,49.16445887496229,0,1,1789187417.632587,0.0,4,0.01905539259314537,28.457651138305664
2.1063750027678907,49.23219916597009,0.0,0.0,0.985341489315033,,0.0011778749758377671,732,51185,-0.4332926273345947,1.1437976360321045,0.15668508410453796,0.8019164204597473,0.05876189470291138,0.625,2,226,49.23218612500932,49.23127070796909,0,1,1789187417.698345,0.0,4,0.030287258327007294,28.460737228393555
8.738874981645495,49.30469129100675,0.0,0.0,0.9945810437202454,,0.007453333004377782,733,51284,-0.45839837193489075,1.1407599449157715,0.1555769145488739,0.8018709421157837,0.05790679529309273,0.625,2,227,49.304679916007444,49.3034057909972,0,1,1789187417.770838,0.0,4,0.028054721653461456,28.466564178466797
5.924500001128763,49.36858416598989,0.0,0.0,0.9925178289413452,,0.004902167012915015,734,51335,-0.44404006004333496,1.1390477418899536,0.15495257079601288,0.8018461465835571,0.058919236063957214,0.625,2,228,49.3685704160016,49.3675618749694,0,1,1789187417.834728,0.0,4,0.04405223950743675,28.461082458496094
8.595916035119444,49.437750082986895,0.0,0.0,0.9937830567359924,,0.007388291007373482,735,51384,-0.4487326741218567,1.137418508529663,0.1543504148721695,0.8018134832382202,0.05894345045089722,0.625,2,229,49.43773812497966,49.43654254096327,0,1,1789187417.903896,0.0,4,0.0568401962518692,28.464200973510742
2.1743749966844916,49.49815137498081,0.0,0.0,0.9845974445343018,,0.0012842919677495956,736,51435,-0.465134859085083,1.1358710527420044,0.15378999710083008,0.8017807602882385,0.05896644666790962,0.625,2,230,49.49814016598975,49.497261374956,0,1,1789187417.964298,0.0,4,0.043833326548337936,28.467086791992188
11.17458299268037,49.574251082958654,0.0,0.0,0.9929384589195251,,0.01001162501052022,737,51540,-0.4773268401622772,1.1325141191482544,0.15259142220020294,0.8017167448997498,0.06469225883483887,0.625,2,231,49.57424012495903,49.57308820798062,0,1,1789187418.0403981,0.0,4,0.05458853393793106,28.469297409057617
17.224000010173768,49.647312916000374,0.0,-13.333333432674408,0.9931803941726685,,0.016081958019640297,738,51584,-0.47456952929496765,1.1311482191085815,0.15210548043251038,0.8016971945762634,0.06487161666154861,0.625,2,232,49.64730191597482,49.646170915977564,0,1,1789187418.1134589,0.2222222238779068,5,0.09169415384531021,28.468738555908203
24.95450002606958,49.722150124958716,0.0,-13.333333432674408,0.9924528002738953,,0.02376862504752353,739,51685,-0.4681752026081085,1.1280194520950317,0.1509903520345688,0.8016430735588074,0.06476902216672897,0.625,2,233,49.722139707999304,49.720964375010226,0,1,1789187418.188297,0.2222222238779068,5,0.09754449129104614,28.45624542236328
6.510209001135081,49.77079316601157,0.0,-13.333333432674408,0.982679009437561,,0.0050684589659795165,740,51734,-0.4646323025226593,1.1266404390335083,0.15052065253257751,0.8016135692596436,0.06463787704706192,0.625,2,234,49.77078324998729,49.76935149997007,0,1,1789187418.2369401,0.2222222238779068,5,0.1217300221323967,28.440134048461914
9.604457998648286,49.84069724997971,-0.2,-13.333333432674408,0.9826288223266602,,0.00864412501687184,741,51784,-0.4513697922229767,1.1250048875808716,0.14993152022361755,0.8015744090080261,0.06509608030319214,0.875,3,235,49.8406859159586,49.83973700000206,0,1,1789187418.3068428,0.2222222238779068,5,0.14430157840251923,28.365835189819336
17.455250024795532,49.91587412497029,-0.2,-13.333333432674408,0.9825129508972168,,0.01598054199712351,742,51884,-0.3571557104587555,1.1222288608551025,0.14895795285701752,0.8015267252922058,0.06276438385248184,0.875,3,236,49.915840332978405,49.914399624976795,0,1,1789187418.3820002,0.2222222238779068,5,0.15343406796455383,28.059017181396484
18.39308300986886,49.98375399998622,0.0,-13.333333432674408,0.9149113297462463,,0.017273165984079242,743,51934,1.1942167282104492,1.1204482316970825,0.14830921590328217,0.8014920949935913,0.0629282221198082,0.625,2,237,49.98374320799485,49.982634165964555,0,1,1789187418.4499002,0.2222222238779068,5,0.16678830981254578,27.68622398376465
23.289124947041273,50.0556367909885,0.0,-13.333333432674408,0.9730337858200073,,0.02226012496976182,744,52034,3.3188059329986572,1.1152241230010986,0.1462431102991104,0.8013336658477783,0.1083112359046936,0.625,2,238,50.05562825000379,50.054607832978945,0,1,1789187418.521785,0.2222222238779068,5,0.14305639266967773,26.636547088623047
25.39195801364258,50.12420987500809,0.0,-13.333333432674408,0.9891357421875,,0.024247332999948412,745,52085,0.5112236142158508,1.1112256050109863,0.14454257488250732,0.8011941313743591,0.14514894783496857,0.625,2,239,50.12420012499206,50.12306533299852,0,1,1789187418.590357,0.2222222238779068,5,0.10115881264209747,26.002765655517578
9.64858295628801,50.174988624989055,0.0,-13.333333432674408,0.9908382296562195,,0.00861924997298047,746,52137,-1.4477474689483643,1.107661247253418,0.1429450660943985,0.8010571002960205,0.10501550883054733,0.625,2,240,50.17497699998785,50.17395933298394,0,1,1789187418.641134,0.2222222238779068,5,0.11603643745183945,25.36603546142578
14.785875042434782,50.24696241598576,0.0,0.0,0.9881744384765625,,0.01375262503279373,747,52184,-0.9975008368492126,1.1046539545059204,0.14154860377311707,0.8009243607521057,0.02502286620438099,0.625,2,241,50.24694962496869,50.24592920800205,0,1,1789187418.713106,0.0,4,0.061333365738391876,24.715381622314453
16.010499966796488,50.3150297079701,0.0,0.0,0.9993206262588501,,0.01232570898719132,748,52287,-1.2282367944717407,1.0994811058044434,0.13930311799049377,0.8007497191429138,-0.009400119073688984,0.625,2,242,50.315018708002754,50.31134499999462,0,1,1789187418.7811751,0.0,4,0.04178059101104736,23.53620719909668
14.407249982468784,50.37954420800088,0.0,0.0,0.9806777834892273,,0.013481375004630536,749,52335,-1.7724864482879639,1.0975793600082397,0.1385594755411148,0.8007045984268188,-0.0309611726552248,0.625,2,243,50.37953341600951,50.378618374990765,0,1,1789187418.84569,0.0,4,0.0411057211458683,23.141645431518555
20.030041981954128,50.45139016601024,0.0,0.0,0.998965859413147,,0.018755582976154983,750,52385,-1.3795839548110962,1.0954643487930298,0.13769274950027466,0.8006537556648254,-0.06807634979486465,0.625,2,244,50.45137874997454,50.450115915969945,0,1,1789187418.917535,0.0,4,0.03617097809910774,22.71769142150879
1.4052499900572002,50.49964908300899,0.0,0.0,0.9994943141937256,,0.0002460830146446824,751,52434,-0.6877092123031616,1.093488097190857,0.13691860437393188,0.8006210327148438,-0.06810973584651947,0.625,2,245,50.49963633297011,50.4984899580013,0,1,1789187418.9657931,0.0,4,0.036700792610645294,22.3690185546875
25.344958005007356,50.59033008298138,0.0,0.0,0.9996988773345947,,0.024343500030227005,752,52534,-1.0287766456604004,1.0895938873291016,0.13551858067512512,0.8005813956260681,-0.02639038674533367,0.625,2,246,50.590310250001494,50.589328708010726,0,1,1789187419.0564659,0.0,4,0.05126301199197769,22.03936004638672
3.636416979134083,50.63542916596634,0.0,0.0,0.9970742464065552,,0.0024070829967968166,753,52585,-0.8945645689964294,1.0875219106674194,0.13475826382637024,0.8005840182304382,-0.022306928411126137,0.625,2,247,50.635416249977425,50.63419991597766,0,1,1789187419.101572,0.0,4,0.073226198554039,21.99276351928711
5.087291996460408,50.70387166598812,0.0,-13.333333432674408,0.9683640003204346,,0.00389708299189806,754,52634,-0.511502742767334,1.0855622291564941,0.13404178619384766,0.80060213804245,-0.01457134261727333,0.625,2,248,50.703859915956855,50.70268154097721,0,1,1789187419.170016,0.2222222238779068,5,0.11007321625947952,22.011201858520508
11.208749958314002,50.77686912496574,0.0,-13.333333432674408,0.9947381615638733,,0.010094624944031239,755,52734,-0.6565026640892029,1.0816365480422974,0.1326235681772232,0.8006499409675598,0.009670695289969444,0.625,2,249,50.77685633295914,50.775755082955584,0,1,1789187419.2430122,0.2222222238779068,5,0.13096687197685242,22.098648071289062
16.704374982509762,50.84932362497784,0.0,-13.333333432674408,0.9941461086273193,,0.015428250015247613,756,52789,-0.7038618326187134,1.079590082168579,0.13187672197818756,0.8006895780563354,0.01544343400746584,0.625,2,250,50.84931295795832,50.84804754098877,0,1,1789187419.315469,0.2222222238779068,5,0.14694468677043915,22.11408805847168
21.0088329622522,50.9204133329913,0.0,-13.333333432674408,0.9931307435035706,,0.019815624982584268,757,52885,-0.49437782168388367,1.0759512186050415,0.13054336607456207,0.8007833361625671,0.011097905226051807,0.625,2,251,50.920400957984384,50.91922024998348,0,1,1789187419.3865569,0.2222222238779068,5,0.15300670266151428,21.881206512451172
25.37770796334371,50.991825332981534,0.0,-13.333333432674408,0.9958382844924927,,0.023813000007066876,758,52934,-0.5841093063354492,1.074092984199524,0.12987461686134338,0.8008337020874023,0.007855837233364582,0.625,2,252,50.99179699999513,50.99026083300123,0,1,1789187419.4579551,0.2222222238779068,5,0.1555948555469513,21.565689086914062
7.12591694900766,51.04072733299108,0.0,-13.333333432674408,0.9882022738456726,,0.006109666952397674,759,52984,-0.6383162140846252,1.072501540184021,0.12930797040462494,0.8008790612220764,0.004751330241560936,0.625,2,253,51.04071616596775,51.039711124962196,0,1,1789187419.506871,0.2222222238779068,5,0.14224785566329956,21.1790771484375
6.281542009674013,51.10674104100326,0.0,-13.333333432674408,0.9953045845031738,,0.004831792030017823,760,53084,-0.5163677930831909,1.06913423538208,0.1281113475561142,0.8009787201881409,-0.005799464415758848,0.625,2,254,51.10673062497517,51.10529133299133,0,1,1789187419.572886,0.2222222238779068,5,0.11775827407836914,19.960105895996094
5.8478330029174685,51.173389124975074,0.0,-13.333333432674408,0.9970002770423889,,0.004890708019956946,761,53135,-0.5242947936058044,1.067444086074829,0.12752780318260193,0.8010212182998657,-0.01200584601610899,0.625,2,255,51.173378208011854,51.17243208299624,0,1,1789187419.639533,0.2222222238779068,5,0.11156579852104187,19.26915740966797
10.801458032801747,51.245346374984365,-0.2,0.0,0.9968979358673096,,0.009870541049167514,762,53186,-0.5498362183570862,1.0658209323883057,0.1269642412662506,0.8010616302490234,-0.017608674243092537,0.875,3,256,51.245333958009724,51.244415541004855,0,1,1789187419.711489,0.0,4,0.05062142759561539,18.55990219116211
14.175584015902132,51.315687916008756,0.0,0.0,0.9788342118263245,,0.012318417022470385,763,53284,-0.21318930387496948,1.0628825426101685,0.12596571445465088,0.8011194467544556,-0.027429629117250443,0.625,2,257,51.31567879096838,51.31383083300898,0,1,1789187419.781834,0.0,4,0.0554070845246315,17.42864418029785
13.556249963585287,51.38233620795654,0.0,0.0,0.9972476363182068,,0.012354083999525756,764,53335,1.5325371026992798,1.0611525774002075,0.12539449334144592,0.8011340498924255,-0.022487396374344826,0.625,2,258,51.382324457983486,51.381134124996606,0,1,1789187419.848479,0.0,4,0.03558248281478882,16.896690368652344
21.788291982375085,51.45790112495888,0.0,0.0,0.9943859577178955,,0.020351167011540383,765,53434,0.4122668206691742,1.056040644645691,0.12381540238857269,0.8010396957397461,0.004209514241665602,0.625,2,259,51.4578915410093,51.45646408299217,0,1,1789187419.924046,0.0,4,0.05906296893954277,16.313203811645508
13.761666021309793,51.516181624960154,0.0,-13.333333432674408,0.9818663001060486,,0.012321875023189932,766,53485,-1.4106637239456177,1.0529754161834717,0.12280207127332687,0.8009470701217651,-0.006722413469105959,0.625,2,260,51.51616895798361,51.514741874998435,0,1,1789187419.982324,0.2222222238779068,5,0.10323580354452133,16.146915435791016
14.692625030875206,51.58411154098576,-0.2,-13.333333432674408,0.9923417568206787,,0.013576375029515475,767,53534,-0.916648805141449,1.0506550073623657,0.12196502089500427,0.8008573651313782,-0.00936614628881216,0.875,3,261,51.58410012500826,51.58299533301033,0,1,1789187420.050255,0.2222222238779068,5,0.10563941299915314,16.099105834960938
21.17874997202307,51.65766337496461,-0.2,-13.333333432674408,0.9913894534111023,,0.019760457973461598,768,53634,-0.023748580366373062,1.0469549894332886,0.12065161764621735,0.8007385730743408,-0.032807543873786926,0.875,3,262,51.65765345800901,51.65624516597018,0,1,1789187420.123808,0.2222222238779068,5,0.10239220410585403,16.131948471069336
21.525625023059547,51.72478341596434,0.0,-13.333333432674408,0.9906867146492004,,0.019466041994746774,769,53685,1.2349579334259033,1.044625997543335,0.11986415833234787,0.8006846308708191,-0.028674663975834846,0.625,2,263,51.724765833001584,51.72272395796608,0,1,1789187420.190921,0.2222222238779068,5,0.15354910492897034,16.07945442199707
4.9957079463638365,51.77406191598857,0.0,-13.333333432674408,0.9624707102775574,,0.0032447499688714743,770,53734,2.9266812801361084,1.0416098833084106,0.11890849471092224,0.8006286025047302,-0.031103046610951424,0.625,2,264,51.77404316596221,51.7723109999788,0,1,1789187420.240198,0.2222222238779068,5,0.15077999234199524,15.867341995239258
14.076083025429398,51.84989762498299,0.0,-13.333333432674408,0.9950847029685974,,0.01145741599611938,771,53785,1.8484078645706177,1.0378475189208984,0.11777704209089279,0.8005514740943909,-0.032767366617918015,0.625,2,265,51.84988112497376,51.8472790409578,0,1,1789187420.316036,0.2222222238779068,5,0.13902288675308228,15.524886131286621
15.32541704364121,51.91655791597441,0.0,-13.333333432674408,0.9960209727287292,,0.01348720904206857,772,53835,-0.44499868154525757,1.0343366861343384,0.11669749766588211,0.8004792928695679,-0.009739503264427185,0.625,2,266,51.91654295800254,51.91471974999877,0,1,1789187420.3826969,0.2222222238779068,5,0.1082778126001358,15.110614776611328
15.15679102158174,51.982587457983755,0.0,-13.333333432674408,0.9962982535362244,,0.013951333006843925,773,53935,-0.5591648817062378,1.0266928672790527,0.11422732472419739,0.8003124594688416,-0.05906205251812935,0.625,2,267,51.982570874970406,51.98138208297314,0,1,1789187420.448725,0.2222222238779068,5,0.1267937868833542,13.791402816772461
16.713874996639788,52.04959374997998,-0.2,-13.333333432674408,0.93408203125,,0.015599749982357025,774,53984,-0.7549310922622681,1.0238064527511597,0.11326765269041061,0.8002673387527466,-0.07331731915473938,0.875,3,268,52.04957895795815,52.04847970796982,0,1,1789187420.515733,0.2222222238779068,5,0.10219348222017288,13.148799896240234
17.127708008047193,52.115620416007005,0.0,0.0,0.986343502998352,,0.01620462501887232,775,54034,-1.7178868055343628,1.0210245847702026,0.11235358566045761,0.8002426624298096,-0.07690834254026413,0.625,2,269,52.11560716596432,52.11469737498555,0,1,1789187420.5817611,0.0,4,0.032369084656238556,12.479476928710938
17.259957967326045,52.18255224998575,0.0,0.0,0.9975365400314331,,0.01610870799049735,776,54135,1.7853354215621948,1.0168805122375488,0.11099396646022797,0.800209105014801,-0.13282866775989532,0.625,2,270,52.182541624992155,52.18140104098711,0,1,1789187420.648695,0.0,4,0.04813898727297783,11.385931968688965
14.407707960344851,52.246121915988624,0.0,0.0,0.999870777130127,,0.013527832983527333,777,54185,1.7260727882385254,1.0147322416305542,0.11043673753738403,0.8001563549041748,-0.11660594493150711,0.625,2,271,52.24611016595736,52.24524208297953,0,1,1789187420.7122629,0.0,4,0.057352323085069656,11.042167663574219
19.275833969004452,52.31783383298898,0.0,0.0,0.9967935681343079,,0.018070792022626847,778,54235,-1.0809158086776733,1.0113122463226318,0.10958034545183182,0.8000657558441162,-0.0721220001578331,0.625,2,272,52.317818540963344,52.31662883301033,0,1,1789187420.783972,0.0,4,0.05661974847316742,10.589110374450684
21.002416964620352,52.38565754098818,0.0,0.0,0.9989595413208008,,0.019765583972912282,779,54285,-1.8065260648727417,1.008201241493225,0.10875942558050156,0.7999477982521057,-0.08334778249263763,0.625,2,273,52.385645249974914,52.38442074996419,0,1,1789187420.851799,0.0,4,0.07681620121002197,10.223373413085938
22.735832957550883,52.45439912501024,0.0,0.0,0.9999783039093018,,0.019589790957979858,780,54385,-0.07675701379776001,1.0041351318359375,0.10763369500637054,0.7998062968254089,-0.09414194524288177,0.625,2,274,52.4543872079812,52.45125316595659,0,1,1789187420.9205408,0.0,4,0.055684976279735565,9.811991691589355
2.4422089918516576,52.500396832998376,0.0,0.0,0.9955548644065857,,0.0013750839862041175,781,54435,-0.9557976722717285,1.0024585723876953,0.10721539705991745,0.7997971773147583,-0.0773731917142868,0.625,2,275,52.50038199999835,52.49932987499051,0,1,1789187420.9665349,0.0,4,0.06900539994239807,9.774426460266113
19.63387499563396,52.58719308295986,0.0,-13.333333432674408,0.9857532382011414,,0.01863254199270159,782,54535,-0.7660216689109802,0.9993463158607483,0.10643001645803452,0.7998605966567993,-0.059158746153116226,0.625,2,276,52.587180875008926,52.58619183296105,0,1,1789187421.053334,0.2222222238779068,5,0.10562223196029663,9.703784942626953
20.45441698282957,52.65436141600367,0.0,-13.333333432674408,0.9993745684623718,,0.01908825000282377,783,54584,-0.24264495074748993,0.9983329772949219,0.10618098825216293,0.7999123334884644,-0.05899651721119881,0.625,2,277,52.65435020800214,52.652995290991385,0,1,1789187421.120503,0.2222222238779068,5,0.11114703863859177,9.686506271362305
21.350041031837463,52.72044637496583,0.0,-13.333333432674408,0.9991051554679871,,0.02023670799098909,784,54635,-0.4204147160053253,0.997050940990448,0.10589645057916641,0.7999987602233887,-0.05398300290107727,0.625,2,278,52.72043370798929,52.719333082961384,0,1,1789187421.1865869,0.2222222238779068,5,0.14888957142829895,9.646466255187988
1.7416670452803373,52.766986790986266,0.0,-13.333333432674408,0.9990781545639038,,0.00027945899637416005,785,54685,-0.7603511214256287,0.9957876205444336,0.10563012212514877,0.8001081347465515,-0.03176254779100418,0.625,2,279,52.76697320799576,52.76552462496329,0,1,1789187421.233126,0.2222222238779068,5,0.18085069954395294,9.54581356048584
1.8978340085595846,52.83364079101011,0.0,-13.333333432674408,0.9999079704284668,,0.0005658749723806977,786,54734,-0.45016488432884216,0.994718611240387,0.10540790855884552,0.8002433776855469,-0.0204741470515728,0.625,2,280,52.8336272079614,52.83230891596759,0,1,1789187421.2997801,0.2222222238779068,5,0.17969168722629547,9.332225799560547
4.569416982121766,52.902773749956395,0.0,-13.333333432674408,0.9999109506607056,,0.0034509170218370855,787,54835,-0.21691133081912994,0.9930238723754883,0.10508009791374207,0.8004761934280396,-0.027459142729640007,0.625,2,281,52.902761208009906,52.901655333000235,0,1,1789187421.368914,0.2222222238779068,5,0.17560376226902008,8.692147254943848
3.331208019517362,52.96834525000304,0.0,-13.333333432674408,0.9990554451942444,,0.002156333008315414,788,54884,-0.3978463411331177,0.9922541975975037,0.10494541376829147,0.8006057739257812,-0.01616901345551014,0.625,2,282,52.96833270799834,52.96717045799596,0,1,1789187421.434485,0.2222222238779068,5,0.15645937621593475,8.254146575927734
5.530458001885563,53.03692616597982,0.0,-13.333333432674408,0.9994567036628723,,0.0044622079585678875,789,54935,-0.3181518614292145,0.9915855526924133,0.10483206063508987,0.8007411360740662,-0.008327705785632133,0.625,2,283,53.036913666001055,53.03585804096656,0,1,1789187421.503066,0.2222222238779068,5,0.11884433031082153,7.677130699157715
7.289208995644003,53.10535558295669,0.0,-13.333333432674408,0.9997021555900574,,0.005787750007584691,790,55034,-0.12313627451658249,0.9905669689178467,0.1046760156750679,0.8009874224662781,-0.015332918614149094,0.625,2,284,53.10534316598205,53.10385416599456,0,1,1789187421.571496,0.2222222238779068,5,0.10361737757921219,6.465864181518555
8.999583020340651,53.17382662498858,0.0,0.0,0.9993062019348145,,0.007395458000246435,791,55084,-0.2090308517217636,0.9901607632637024,0.10462464392185211,0.8010909557342529,-0.01412320788949728,0.625,2,285,53.17381462495541,53.17222266597673,0,1,1789187421.639967,0.0,4,0.08399537950754166,5.941306114196777
13.289041991811246,53.245372790959664,0.0,0.0,0.9999172687530518,,0.012355084007140249,792,55185,-0.10024062544107437,0.9895225763320923,0.10456189513206482,0.8012927174568176,-0.007009668741375208,0.625,2,286,53.24536199995782,53.24443899997277,0,1,1789187421.711514,0.0,4,0.0892442837357521,4.80728006362915
10.587750002741814,53.30908679100685,0.0,0.0,0.9999077320098877,,0.009145750023890287,793,55238,-0.052063971757888794,0.9892830848693848,0.10454851388931274,0.8013834953308105,-0.006177093833684921,0.625,2,287,53.30907591601135,53.30764483299572,0,1,1789187421.7752278,0.0,4,0.046778030693531036,4.31749153137207
11.973999964538962,53.37683374999324,0.0,0.0,0.99986732006073,,0.010876749991439283,794,55284,-0.0827179104089737,0.98908531665802,0.10454282909631729,0.8014606237411499,-0.003158384468406439,0.625,2,288,53.3768089999794,53.37573654099833,0,1,1789187421.8429608,0.0,4,0.036086201667785645,3.890542984008789
9.283874998800457,53.440692082978785,0.0,0.0,0.9997765421867371,,0.00790295796468854,795,55335,-0.09160009771585464,0.9889207482337952,0.1045428141951561,0.8015308380126953,0.001588301151059568,0.625,2,289,53.44067904097028,53.439311207970604,0,1,1789187421.906831,0.0,4,0.043470561504364014,3.5720508098602295
4.777416994329542,53.502807749959175,0.0,0.0,0.9996465444564819,,0.0033935420215129852,796,55434,0.0016295836539939046,0.9887089729309082,0.10455372184515,0.8016514182090759,0.006707722321152687,0.625,2,290,53.50279491598485,53.50142395799048,0,1,1789187421.968946,0.0,4,0.06260906904935837,3.201897382736206
9.2177499900572,53.57425329100806,0.0,0.0,0.9997181296348572,,0.008198875002563,797,55488,-0.0010743405437096953,0.9886203408241272,0.10456201434135437,0.8017166256904602,0.008023349568247795,0.625,2,291,53.5742395829875,53.57323445798829,0,1,1789187422.040391,0.0,4,0.07639764994382858,3.1450815200805664
14.74108302500099,53.64505150000332,0.0,0.0,0.9991039633750916,,0.013309750007465482,798,55535,-0.007590252440422773,0.9885544776916504,0.1045691967010498,0.8017690181732178,0.009717806242406368,0.625,2,292,53.64503983297618,53.64362024998991,0,1,1789187422.111191,0.0,4,0.09028269350528717,3.127676486968994
18.485042033717036,53.71383129101014,0.0,-13.333333432674408,0.9999713897705078,,0.017217750020790845,799,55642,0.03982642665505409,0.9884923100471497,0.1045827716588974,0.8018308877944946,0.011145840398967266,0.625,2,293,53.713818624964915,53.712564082990866,0,1,1789187422.17997,0.2222222238779068,5,0.1684020757675171,3.110720157623291
19.684416998643428,53.784680582990404,0.0,-13.333333432674408,0.9999076128005981,,0.018403541995212436,800,55685,0.04401181638240814,0.988481879234314,0.10458692908287048,0.8018457293510437,0.011147720739245415,0.625,2,294,53.78466320800362,53.7833997499547,0,1,1789187422.250814,0.2222222238779068,5,0.18033824861049652,3.108264207839966
17.46708300197497,53.8494633329683,0.0,-13.333333432674408,0.9998421669006348,,0.01590354199288413,801,55735,0.034719519317150116,0.988461971282959,0.10458759218454361,0.8018589019775391,0.011001191101968288,0.625,2,295,53.84945083298953,53.84789987496333,0,1,1789187422.3156018,0.2222222238779068,5,0.18242685496807098,3.136617660522461
22.151916986331344,53.92036762495991,0.0,-13.333333432674408,0.9997617602348328,,0.020813249982893467,802,55834,0.044650450348854065,0.9884854555130005,0.10458748787641525,0.8018806576728821,0.011063679121434689,0.625,2,296,53.920355707989074,53.919029040960595,0,1,1789187422.386507,0.2222222238779068,5,0.1849113404750824,2.964967966079712
21.133959002327174,53.98630345799029,0.0,-13.333333432674408,0.9989983439445496,,0.019583125016652048,803,55884,0.056962087750434875,0.9885078072547913,0.10458304733037949,0.8018830418586731,0.00789882056415081,0.625,2,297,53.986291375011206,53.98475279100239,0,1,1789187422.4524422,0.2222222238779068,5,0.19482317566871643,2.7075860500335693
22.125250019598752,54.05375833297148,0.0,-13.333333432674408,0.9976198077201843,,0.020697708008810878,804,55985,0.04872196167707443,0.9885581135749817,0.10457029193639755,0.801863968372345,0.00466251140460372,0.625,2,298,54.053745582990814,54.05233083298663,0,1,1789187422.519896,0.2222222238779068,5,0.21083424985408783,1.9775042533874512
21.185416961088777,54.11948733299505,0.0,-13.333333432674408,0.9992554783821106,,0.01991716696647927,805,56035,0.04834597185254097,0.9885860681533813,0.10456166416406631,0.8018359541893005,0.00495540676638484,0.625,2,299,54.119477041007485,54.118219124968164,0,1,1789187422.5856268,0.2222222238779068,5,0.18953032791614532,1.4177542924880981
21.98925003176555,54.18704470800003,0.0,-13.333333432674408,0.9997699856758118,,0.020484625012613833,806,56087,0.052027612924575806,0.9886333346366882,0.10455402731895447,0.8017988801002502,0.00520223006606102,0.625,2,300,54.18703387497226,54.185540165985,0,1,1789187422.653184,0.2222222238779068,5,0.18473489582538605,0.8817535638809204
3.5099999513477087,54.235619415994734,0.0,-13.333333432674408,0.9997501969337463,,0.00017004198161885142,807,56134,0.053326159715652466,0.9886699318885803,0.10454552620649338,0.8017644882202148,0.005467417184263468,0.625,2,301,54.23560787498718,54.23227949999273,0,1,1789187422.701758,0.2222222238779068,5,0.19743360579013824,0.42141348123550415
1.599749957676977,54.300527290964965,0.0,-13.333333432674408,0.9993830919265747,,0.000144416990224272,808,56184,0.05146203190088272,0.9887072443962097,0.10453487932682037,0.8017240166664124,0.005824387073516846,0.625,2,302,54.30051408300642,54.29907212499529,0,1,1789187422.766664,0.2222222238779068,5,0.18736709654331207,-0.1186935305595398
3.4349170164205134,54.36939016595716,0.0,-13.333333432674408,0.9999570846557617,,0.0023067499860189855,809,56286,0.052862588316202164,0.9887900352478027,0.10451065003871918,0.8016296625137329,0.0020647498313337564,0.625,2,303,54.36937895795563,54.36826208297862,0,1,1789187422.8355289,0.2222222238779068,5,0.18156972527503967,-1.1914362907409668
5.238667014054954,54.43598495796323,0.0,-13.333333432674408,0.9998193383216858,,0.004092250019311905,810,56335,0.056448791176080704,0.9888226389884949,0.10450094938278198,0.8015865087509155,0.0021655212622135878,0.625,2,304,54.435972000006586,54.43483866599854,0,1,1789187422.902122,0.2222222238779068,5,0.1923828423023224,-1.5994943380355835
10.702333995141089,54.507230832998175,0.0,-13.333333432674408,0.9998989105224609,,0.009704124997369945,811,56434,0.057262297719717026,0.9888657927513123,0.10447870939970016,0.8014898300170898,0.002839744556695223,0.625,2,305,54.507218582963105,54.50623266596813,0,1,1789187422.9733682,0.2222222238779068,5,0.1703944355249405,-2.636256694793701
11.318250035401434,54.57653916598065,0.0,-13.333333432674408,0.9985087513923645,,0.010071875003632158,812,56484,0.05745968967676163,0.9888774156570435,0.10446690022945404,0.8014455437660217,0.0032487877178937197,0.625,2,306,54.576526332995854,54.57529283297481,0,1,1789187423.042676,0.2222222238779068,5,0.17815469205379486,-3.1751394271850586
14.608249999582767,54.64636208297452,0.0,-13.333333432674408,0.9938511848449707,,0.013544166984502226,813,56534,0.05694898962974548,0.9888830184936523,0.10445757210254669,0.8014119267463684,0.003597129136323929,0.625,2,307,54.64635062497109,54.64529808296356,0,1,1789187423.1125,0.2222222238779068,5,0.12612125277519226,-3.5710997581481934
23.058374994434416,54.71866983297514,0.0,-13.333333432674408,0.9864285588264465,,0.02166245796252042,814,56635,0.05326119065284729,0.9888574481010437,0.10443436354398727,0.8013330101966858,0.0046834866516292095,0.625,2,308,54.718657707970124,54.717273957969155,0,1,1789187423.1848068,0.2222222238779068,5,0.12471679598093033,-4.72659158706665
4.984707979019731,54.76621858298313,0.0,-13.333333432674408,0.9882103204727173,,0.00368416600394994,815,56685,0.05134427919983864,0.9888322949409485,0.10442251712083817,0.8012939691543579,0.002615108620375395,0.625,2,309,54.76619145798031,54.76491816597991,0,1,1789187423.232342,0.2222222238779068,5,0.12691012024879456,-5.371702671051025
2.3800000199116766,54.83427070797188,0.0,0.0,0.979080855846405,,0.0013782500172965229,816,56735,0.04767606407403946,0.9887964129447937,0.10441145300865173,0.801256537437439,0.0009189707925543189,0.625,2,310,54.83425666595576,54.8332689999952,0,1,1789187423.300406,0.0,4,0.08339184522628784,-6.013463973999023
8.483749988954514,54.90692849998595,0.0,0.0,0.9877041578292847,,0.00718987500295043,817,56784,0.04279119521379471,0.9887499809265137,0.10440231114625931,0.8012223839759827,0.0011688244994729757,0.625,2,311,54.90691745799268,54.90563470800407,0,1,1789187423.373067,0.0,4,0.06442341208457947,-6.639923572540283
8.317290979903191,54.973524582979735,0.0,0.0,0.9944832921028137,,0.007230540970340371,818,56884,0.038481950759887695,0.9886493682861328,0.10438771545886993,0.8011489510536194,0.0011328475084155798,0.625,2,312,54.97351220797282,54.9724379159743,0,1,1789187423.439661,0.0,4,0.07143072038888931,-7.679949760437012
10.410000046249479,55.042231625004206,0.0,0.0,0.9974778294563293,,0.009737083048094064,819,56935,0.035673897713422775,0.9886096715927124,0.10438350588083267,0.8011195063591003,0.0008373219170607626,0.625,2,313,55.04222158296034,55.041558791010175,0,1,1789187423.50837,0.0,4,0.0669020488858223,-7.99381685256958
13.595875003375113,55.11196804099018,0.0,0.0,0.9937763214111328,,0.01231933303643018,820,57035,0.03202180936932564,0.988471269607544,0.10437945276498795,0.8010579347610474,-0.0011756254825741053,0.625,2,314,55.111958290974144,55.110691540990956,0,1,1789187423.5781069,0.0,4,0.06350299715995789,-8.724433898925781
14.926416974049062,55.1803823329974,0.0,0.0,0.9964820146560669,,0.013684707984793931,821,57084,0.030719231814146042,0.9883988499641418,0.10438122600317001,0.8010309934616089,-0.0014115985250100493,0.625,2,315,55.180370624992065,55.179140665975865,0,1,1789187423.646519,0.0,4,0.049652665853500366,-8.95334243774414
18.01829197211191,55.25049191596918,0.0,0.0,0.9850553274154663,,0.016774791991338134,822,57136,0.02998572401702404,0.988308846950531,0.10438639670610428,0.801010012626648,-0.0013116899644955993,0.625,2,316,55.25047933298629,55.24924849998206,0,1,1789187423.716628,0.0,4,0.0500946044921875,-9.104060173034668
17.50120904762298,55.31592570798239,0.0,0.0,0.9380131959915161,,0.015885750006418675,823,57235,0.027729928493499756,0.9881364703178406,0.10440162569284439,0.8009902834892273,0.002418569289147854,0.625,2,317,55.315915832994506,55.314310290967114,0,1,1789187423.7820642,0.0,4,0.0820142850279808,-9.12171459197998
21.289833006449044,55.38648587500211,0.0,0.0,0.9750096797943115,,0.020075040985830128,824,57285,0.026691166684031487,0.9880676865577698,0.10440829396247864,0.8009905815124512,0.0024036106187850237,0.625,2,318,55.386472832993604,55.385271165985614,0,1,1789187423.852621,0.0,4,0.07912643998861313,-9.089935302734375
21.610875031910837,55.45349945797352,0.0,-13.333333432674408,0.9903574585914612,,0.02038154099136591,825,57335,0.025172678753733635,0.9879664778709412,0.10441812127828598,0.8009989261627197,0.0023306566290557384,0.625,2,319,55.453486582962796,55.45227016595891,0,1,1789187423.919635,0.2222222238779068,5,0.12854932248592377,-8.999096870422363
17.518749984446913,55.51592070795596,0.0,-13.333333432674408,0.9950109720230103,,0.016255415976047516,826,57385,0.02435179241001606,0.9878620505332947,0.10442841053009033,0.8010151982307434,0.002863828092813492,0.625,2,320,55.51590941596078,55.51465741597349,0,1,1789187423.982058,0.2222222238779068,5,0.1484678089618683,-8.965526580810547
25.828125013504177,55.5910503329942,0.0,-13.333333432674408,0.9918461441993713,,0.02448970900150016,827,57485,0.021993689239025116,0.9876835346221924,0.1044444590806961,0.8010582327842712,0.003857499687001109,0.625,2,321,55.59103937499458,55.58971199998632,0,1,1789187424.057188,0.2222222238779068,5,0.14460159838199615,-9.030813217163086
4.592707962729037,55.636383083008695,0.0,-13.333333432674408,0.9657734632492065,,0.003440333006437868,828,57534,0.02154671587049961,0.9875908493995667,0.10445072501897812,0.8010842800140381,0.003948037978261709,0.625,2,322,55.6363704999676,55.63523079099832,0,1,1789187424.102519,0.2222222238779068,5,0.15636490285396576,-9.168868064880371
4.782415984664112,55.70332537498325,0.0,-13.333333432674408,0.9568585753440857,,0.003540332952979952,829,57586,0.02106831595301628,0.9875121712684631,0.10445430874824524,0.8011022210121155,0.004140447825193405,0.625,2,323,55.70331241597887,55.702083457959816,0,1,1789187424.16946,0.2222222238779068,5,0.16773052513599396,-9.363297462463379
9.082250006031245,55.774120624992065,0.0,-13.333333432674408,0.9596055746078491,,0.007941916992422193,830,57634,0.02021648734807968,0.9874125719070435,0.10445699840784073,0.801119327545166,0.004536636173725128,0.625,2,324,55.77410824998515,55.77298037498258,0,1,1789187424.240256,0.2222222238779068,5,0.16120988130569458,-9.700145721435547
6.899917032569647,55.838938915985636,0.0,-13.333333432674408,0.9736961126327515,,0.005587375024333596,831,57736,0.018310371786355972,0.9872440099716187,0.10445299744606018,0.8011417388916016,0.004109523259103298,0.625,2,325,55.838927915960085,55.83762641600333,0,1,1789187424.305075,0.2222222238779068,5,0.16487647593021393,-10.547126770019531
5.074832995887846,55.90347858297173,0.0,-13.333333432674408,0.9880642294883728,,0.003581667027901858,832,57785,0.019638607278466225,0.9871706366539001,0.10444839298725128,0.8011505007743835,0.0019084155792370439,0.625,2,326,55.90346345800208,55.90198550000787,0,1,1789187424.369611,0.2222222238779068,5,0.154807910323143,-11.023591041564941
5.63841697294265,55.97069108299911,0.0,-13.333333432674408,0.9788995385169983,,0.004224582982715219,833,57835,0.021217241883277893,0.9870710372924805,0.10444271564483643,0.8011566996574402,-0.0010169472079724073,0.625,2,327,55.97067775001051,55.969277290976606,0,1,1789187424.436825,0.2222222238779068,5,0.14427846670150757,-11.659835815429688
5.69170800736174,56.0374951660051,0.0,-13.333333432674408,0.9938843846321106,,0.0044639999978244305,834,57935,0.0197076927870512,0.9869100451469421,0.1044342890381813,0.8011566996574402,-0.0013720991555601358,0.625,2,328,56.03748449997511,56.03626749996329,0,1,1789187424.5036318,0.2222222238779068,5,0.15655682981014252,-12.691899299621582
6.122582999523729,56.10460662498372,0.0,-13.333333432674408,0.9597406387329102,,0.004826915974263102,835,57987,0.021639224141836166,0.9868140816688538,0.10443149507045746,0.8011478781700134,-0.0013375942362472415,0.625,2,329,56.10459183296189,56.10331104096258,0,1,1789187424.570739,0.2222222238779068,5,0.11241243779659271,-13.225104331970215
8.479207986965775,56.173592625011224,0.0,-13.333333432674408,0.8660922050476074,,0.007379917020443827,836,58037,0.023357296362519264,0.9867346286773682,0.10443069040775299,0.8011360168457031,-0.0033946805633604527,0.625,2,330,56.1735758750001,56.172493499994744,0,1,1789187424.639723,0.2222222238779068,5,0.09727045148611069,-13.621557235717773
14.105583948548883,56.24606137495721,0.0,-13.333333432674408,0.8704668283462524,,0.012351749988738447,837,58135,0.022505760192871094,0.986559271812439,0.10443591326475143,0.801100492477417,-0.0036982926540076733,0.625,2,331,56.246037625009194,56.2443077909993,0,1,1789187424.7121868,0.2222222238779068,5,0.11297528445720673,-14.51200008392334
19.253292004577816,56.31777649995638,0.0,0.0,0.9701755046844482,,0.018125667003914714,838,58184,0.02211117558181286,0.986449122428894,0.10444485396146774,0.8010759353637695,-0.003749246709048748,0.625,2,332,56.31776249996619,56.31664895795984,0,1,1789187424.783909,0.0,4,0.055593039840459824,-15.131752967834473
25.46358300605789,56.390776165993884,0.0,0.0,0.8572748303413391,,0.02431975002400577,839,58286,0.02091081067919731,0.9862303733825684,0.10447413474321365,0.8010469079017639,-0.0043554180301725864,0.625,2,333,56.39076441596262,56.38963250000961,0,1,1789187424.8569112,0.0,4,0.05408508703112602,-16.344240188598633
9.410667000338435,56.441293540992774,0.0,0.0,0.6942693591117859,,0.008518084010574967,840,58334,0.02049071528017521,0.9861481785774231,0.1044887900352478,0.8010361790657043,-0.003226627130061388,0.625,2,0,56.44128379097674,56.44040112500079,0,1,1789187424.90743,0.0,4,0.03622901812195778,-16.789587020874023
5.808584042824805,56.504307582974434,0.2,0.0,0.7579169273376465,,0.00474779203068465,841,58384,0.01987253688275814,0.9860400557518005,0.10451025515794754,0.8010156154632568,-0.0004550230805762112,0.375,1,1,56.50429495796561,56.503246832988225,0,1,1789187424.9704409,0.0,4,0.02762693166732788,-17.286113739013672
5.869957967661321,56.57115658296971,0.0,0.0,0.9112731218338013,,0.0049634999595582485,842,58435,-0.00921577401459217,0.9859272837638855,0.104533351957798,0.8009911775588989,-0.00014046448632143438,0.625,2,2,56.57114424998872,56.57025020796573,0,1,1789187425.037291,0.0,4,0.04165377467870712,-17.695924758911133
5.632499989587814,56.63743445801083,0.0,0.0,0.7432420253753662,,0.004752625012770295,843,58485,-1.3146188259124756,0.9858605265617371,0.10453890264034271,0.8009618520736694,-0.0030428003519773483,0.625,2,3,56.637424832966644,56.63655466597993,0,1,1789187425.103571,0.0,4,0.035108890384435654,-18.044063568115234
4.973542003426701,56.70356324996101,0.2,0.0,0.9258877635002136,,0.0037222079699859023,844,58585,-1.7862845659255981,0.9871722459793091,0.10416603833436966,0.8008317351341248,-0.027062200009822845,0.375,1,4,56.70355270797154,56.70231204095762,0,1,1789187425.169699,0.0,4,0.034516628831624985,-18.374435424804688
12.467749998904765,56.77805537497625,0.2,0.0,0.9498106241226196,,0.011235625017434359,845,58634,0.4240632951259613,0.9884706139564514,0.10377401858568192,0.8007365465164185,-0.012236085720360279,0.375,1,5,56.77804333297536,56.7768233329989,0,1,1789187425.244189,0.0,4,0.0322008915245533,-18.37492561340332
13.006582972593606,56.84496441599913,0.2,0.0,0.6070922017097473,,0.012227291008457541,846,58735,-3.237520933151245,0.9904351830482483,0.10314052551984787,0.8004841208457947,0.006272260099649429,0.375,1,0,56.844953958003316,56.84418516600272,0,1,1789187425.3111,0.0,4,0.06789793074131012,-18.371906280517578
12.85745797213167,56.91145099996356,0.0,0.0,0.83461993932724,,0.011650166008621454,847,58784,-4.261375427246094,0.9922071695327759,0.10261417180299759,0.8002921938896179,0.030349338427186012,0.625,2,1,56.911439707968384,56.91024379100418,0,1,1789187425.377586,0.0,4,0.07008381187915802,-18.333633422851562
17.37795799272135,56.98261924996041,0.2,-13.333333432674408,0.6886098980903625,,0.01610558299580589,848,58835,-2.567532777786255,0.9954821467399597,0.1015966609120369,0.8000520467758179,0.032187674194574356,0.375,1,0,56.982606957957614,56.98134695796762,0,1,1789187425.4487529,0.2222222238779068,5,0.1063271090388298,-18.321561813354492
20.316792011726648,57.05218712496571,0.2,-13.333333432674408,0.7087145447731018,,0.01938562502618879,849,58934,-0.3713255524635315,1.0022833347320557,0.09943310916423798,0.7997445464134216,0.007259570527821779,0.375,1,1,57.05217741598608,57.05125608301023,0,1,1789187425.518323,0.2222222238779068,5,0.10722032934427261,-18.382795333862305
20.778667007107288,57.119186541007366,0.3,-13.333333432674408,0.544468879699707,,0.019628917041700333,850,58985,-0.8529122471809387,1.0045294761657715,0.09871454536914825,0.7997154593467712,0.0197132658213377,0.125,0,0,57.1191739999922,57.11803700000746,0,1,1789187425.58532,0.2222222238779068,5,0.09999044239521027,-18.453622817993164
25.050874974112958,57.19075370801147,0.0,0.0,0.42062535881996155,,0.023532874998636544,851,59035,-2.4560415744781494,1.0079922676086426,0.09761263430118561,0.799725353717804,0.031031450256705284,0.125,0,0,57.19074029097101,57.18923579098191,0,0,1789187425.656886,0.2222222238779068,5,0.11685127019882202,-18.59309196472168
5.744000023696572,57.23765016597463,0.0,0.0,0.5452752113342285,,0.004424832994118333,852,59086,-3.1464903354644775,1.012206792831421,0.09627797454595566,0.7997627258300781,0.008782055228948593,0.375,1,0,57.23763779096771,57.23633104097098,0,0,1789187425.7037828,0.2222222238779068,5,0.10533858835697174,-18.820253372192383
4.957333032507449,57.30365062499186,0.0,0.0,0.7464076280593872,,0.003651833045296371,853,59184,-0.888339102268219,1.0217095613479614,0.09329391270875931,0.7997978925704956,-0.03170500695705414,0.375,1,1,57.30363908299478,57.302345208008774,0,0,1789187425.769784,0.2222222238779068,5,0.108622707426548,-19.478845596313477
5.020208016503602,57.37056324997684,0.0,0.0,0.8079923391342163,,0.003693792037665844,854,59235,1.9507794380187988,1.0269240140914917,0.09164215624332428,0.7998203039169312,0.03094751201570034,0.375,1,2,57.37054920796072,57.36923700000625,0,0,1789187425.836695,0.0,4,0.037094417959451675,-19.87565803527832
3.390458005014807,57.435365374956746,0.0,0.0,0.6353749632835388,,0.0022905829828232527,855,59285,2.3880860805511475,1.0301979780197144,0.0905960202217102,0.7998531460762024,0.12163171172142029,0.375,1,0,57.435348625003826,57.434265540970955,0,0,1789187425.901494,0.0,4,0.00017736945301294327,-20.126127243041992
21.654749987646937,57.52011424995726,0.0,0.0,0.4399718940258026,,0.020539749995805323,856,59384,1.3682562112808228,1.0364525318145752,0.08856673538684845,0.8000109195709229,0.10934935510158539,0.125,0,0,57.52010345796589,57.51899933296954,0,0,1789187425.986248,0.0,4,-0.019307374954223633,-20.613935470581055
24.593250011093915,57.59003374999156,0.0,0.0,0.4178960621356964,,0.023227666970342398,857,59436,2.2341811656951904,1.0401830673217773,0.08731960505247116,0.8001463413238525,0.0767039805650711,0.125,0,0,57.59001566597726,57.588668249954935,0,0,1789187426.056161,0.0,4,0.002217283472418785,-20.80475425720215
6.3777079922147095,57.63631049997639,0.0,0.0,0.37172675132751465,,0.0053403329802677035,858,59485,2.1461212635040283,1.0424952507019043,0.08655855804681778,0.8002312779426575,0.09217634052038193,0.125,0,0,57.636298374971375,57.63527320796857,0,0,1789187426.102443,0.0,4,0.012722412124276161,-20.800189971923828
10.732333990745246,57.70606649998808,0.0,0.0,0.2507290542125702,,0.009856167016550899,859,59585,1.023269772529602,1.0471715927124023,0.08502767980098724,0.8004330992698669,0.042107805609703064,0.125,0,0,57.706055957998615,57.705190457985736,0,0,1789187426.1722,0.0,4,-0.004180328920483589,-20.68035888671875
14.935042010620236,57.77642912499141,0.0,0.0,0.2162846028804779,,0.013598709017969668,860,59636,1.2095109224319458,1.0497462749481201,0.08421209454536438,0.8005557656288147,0.016626721248030663,0.125,0,0,57.77641833300004,57.77509287500288,0,0,1789187426.242563,0.2222222238779068,5,0.006373792886734009,-20.590702056884766
17.041207989677787,57.84867362497607,0.0,0.0,0.20303474366664886,,0.0160853749839589,861,59684,1.2069015502929688,1.051823377609253,0.08356532454490662,0.8006545305252075,0.017169784754514694,0.125,0,0,57.84866158297518,57.84771787497448,0,0,1789187426.314806,0.2222222238779068,5,-0.01655777357518673,-20.53717613220215
17.45779102202505,57.916103457973804,0.0,0.0,0.1716332882642746,,0.015988333034329116,862,59785,0.706320583820343,1.0560925006866455,0.08225375413894653,0.8009151816368103,0.028409063816070557,0.125,0,0,57.916092375002336,57.91463408299023,0,0,1789187426.382237,0.2222222238779068,5,0.001583009958267212,-20.530519485473633
14.32012498844415,57.97966274997452,0.0,0.0,0.15921010076999664,,0.01291633298387751,863,59835,0.7900725603103638,1.057924747467041,0.08170381188392639,0.801023542881012,0.025989918038249016,0.125,0,0,57.979636124975514,57.978259290975984,0,0,1789187426.4457831,0.2222222238779068,5,0.0038303621113300323,-20.590179443359375
17.04016700387001,58.04904616600834,0.0,0.0,0.11768149584531784,,0.015754583990201354,864,59885,0.8577063083648682,1.0597172975540161,0.08116470277309418,0.8011395931243896,0.02626432105898857,0.125,0,0,58.049032957991585,58.04776062496239,0,0,1789187426.515177,0.444444477558136,6,0.030838068574666977,-20.69978904724121
18.708459043409675,58.11734529095702,0.0,0.0,0.09776651859283447,,0.01761979202274233,865,59935,0.708429217338562,1.0614221096038818,0.08065596222877502,0.8012679219245911,0.034779053181409836,0.125,0,0,58.11733308300609,58.116256707988214,0,0,1789187426.583477,0.8888888955116272,8,0.058983467519283295,-20.83616065979004
16.626750002615154,58.18199916597223,0.0,0.0,0.111014224588871,,0.015454416978172958,866,60035,0.6299742460250854,1.0640716552734375,0.07988788932561874,0.8014439344406128,0.04024652764201164,0.125,0,0,58.1819860409596,58.18082687497372,0,0,1789187426.64813,0.8888888955116272,8,0.02966766431927681,-20.99073028564453
18.680542008951306,58.250618707970716,0.0,0.0,0.12150248140096664,,0.01737229200080037,867,60085,0.6446282863616943,1.0653713941574097,0.07951891422271729,0.8015267848968506,0.034454863518476486,0.125,0,0,58.25060570798814,58.249310499988496,0,0,1789187426.7167501,0.8888888955116272,8,0.019518911838531494,-21.010950088500977
17.880166007671505,58.3164713329752,0.0,0.0,0.11369746178388596,,0.0020453750039450824,868,60137,0.5552012324333191,1.0665358304977417,0.07919703423976898,0.8016008138656616,0.03230319917201996,0.125,0,0,58.31645837496035,58.30063675000565,0,0,1789187426.782602,0.8888888955116272,8,0.029550042003393173,-20.96729278564453
22.501542000100017,58.388217040977906,0.0,0.0,0.11998720467090607,,0.021543874987401068,869,60234,0.4618585407733917,1.0683255195617676,0.07873543351888657,0.801701545715332,0.03406471386551857,0.125,0,0,58.38820666598622,58.38725945795886,0,0,1789187426.85435,-0.8888888955116272,0,0.005397900938987732,-20.843490600585938
1.9643339910544455,58.43405079096556,0.0,0.0,0.13751277327537537,,2.112501533702016e-05,870,60285,0.4574647545814514,1.069265365600586,0.07850298285484314,0.8017478585243225,0.03365087881684303,0.125,0,0,58.434036540973466,58.432107665983494,0,0,1789187426.9001799,-0.8888888955116272,0,0.004243254661560059,-20.759109497070312
2.063583000563085,58.50062079099007,0.0,0.0,0.13920454680919647,,0.0008940830011852086,871,60335,0.4156382977962494,1.0701589584350586,0.0782894566655159,0.8017845153808594,0.03231680765748024,0.125,0,0,58.50060691597173,58.499451332958415,0,0,1789187426.9667509,-0.8888888955116272,0,-0.009201012551784515,-20.69473648071289
8.645916008390486,58.573843624966685,0.0,0.0,0.13070958852767944,,0.007434415980242193,872,60385,0.37130609154701233,1.0708531141281128,0.07813196629285812,0.8018081188201904,0.03152410686016083,0.125,0,0,58.5738298749784,58.57263216597494,0,0,1789187427.039973,-0.8888888955116272,0,-0.006932821124792099,-20.669029235839844
9.080082993023098,58.64082370797405,0.0,0.0,0.1304638534784317,,0.007862291997298598,873,60484,0.33777737617492676,1.0722911357879639,0.07782463729381561,0.8018409013748169,0.031866177916526794,0.125,0,0,58.64081154100131,58.63960599998245,0,0,1789187427.106955,-0.8888888955116272,0,-0.014134146273136139,-20.66517448425293
16.99562498833984,58.71539116598433,0.0,0.0,0.13726769387722015,,0.015881541010458022,874,60534,0.32326623797416687,1.0730220079421997,0.07767972350120544,0.8018538951873779,0.03336746618151665,0.125,0,0,58.71538037498249,58.7142771660001,0,0,1789187427.1815228,-0.8888888955116272,0,-0.014993838965892792,-20.71135139465332
13.631708978209645,58.77904200000921,0.0,0.0,0.12128059566020966,,0.012348749965894967,875,60586,0.2952756881713867,1.073720097541809,0.07754933089017868,0.8018598556518555,0.03593437001109123,0.125,0,0,58.77902883297065,58.777759165968746,0,0,1789187427.245172,0.8888888955116272,8,-0.004163429141044617,-20.76926612854004
13.339791970793158,58.84538779099239,0.0,0.0,0.12654682993888855,,0.012306583987083286,876,60687,0.27581655979156494,1.0749179124832153,0.0773387923836708,0.8018436431884766,0.03632112964987755,0.125,0,0,58.84537724999245,58.844354624976404,0,0,1789187427.31152,0.8888888955116272,8,-0.008612185716629028,-20.847423553466797
15.474791987799108,58.914293790992815,0.0,0.0,0.12261305004358292,,0.014437166973948479,877,60734,0.2687825858592987,1.075538158416748,0.07723592221736908,0.8018169403076172,0.036378975957632065,0.125,0,0,58.914280999975745,58.91325624997262,0,0,1789187427.380424,-0.8888888955116272,0,-0.015823066234588623,-20.85950469970703
17.00558396987617,58.98232245800318,0.0,0.0,0.11797012388706207,,0.015960583987180144,878,60785,0.25738459825515747,1.0760512351989746,0.07715550065040588,0.80179363489151,0.03635141998529434,0.125,0,0,58.98230454098666,58.98127749998821,0,0,1789187427.448447,-0.8888888955116272,0,-0.02547137439250946,-20.853456497192383
22.097666980698705,59.053919499972835,0.0,0.0,0.13221968710422516,,0.02098420896800235,879,60885,0.2375878244638443,1.0771297216415405,0.076991967856884,0.8017245531082153,0.03716067969799042,0.125,0,0,59.05390812497353,59.05280612496426,0,0,1789187427.520051,-0.8888888955116272,0,-0.018373407423496246,-20.76906967163086
25.562375027220696,59.12410145800095,0.0,0.0,0.12380573153495789,,0.024401083996053785,880,60935,0.23510529100894928,1.0776729583740234,0.07691099494695663,0.8016811609268188,0.03697872906923294,0.125,0,0,59.124089332995936,59.12294024997391,0,0,1789187427.5902321,0.8888888955116272,8,0.0013507455587387085,-20.72494125366211
4.734957998152822,59.17017349996604,0.0,0.0,0.12698501348495483,,0.0037992920260876417,881,60985,0.2318277359008789,1.0782097578048706,0.07683375477790833,0.8016402125358582,0.03682943060994148,0.125,0,0,59.17015983298188,59.169238000002224,0,0,1789187427.636302,-0.444444477558136,2,-0.013675384223461151,-20.688325881958008
6.393957999534905,59.238251250004396,0.0,0.0,0.13838647305965424,,0.005435124970972538,882,61035,0.225625678896904,1.0787265300750732,0.07675798237323761,0.8015986084938049,0.036728326231241226,0.125,0,0,59.23823687498225,59.23729249997996,0,0,1789187427.7043788,-0.444444477558136,2,-0.04201893508434296,-20.663015365600586
11.053792026359588,59.30962929100497,0.0,0.0,0.1374671310186386,,0.009789500036276877,883,61135,0.21891672909259796,1.0796867609024048,0.07661638408899307,0.8015347719192505,0.036913905292749405,0.125,0,0,59.30961787496926,59.30836508300854,0,0,1789187427.77576,-0.444444477558136,2,-0.030670106410980225,-20.652973175048828
12.286124983802438,59.377577290986665,0.0,0.0,0.13901758193969727,,0.011148958990816027,884,61185,0.21640494465827942,1.0801339149475098,0.0765528678894043,0.8015081882476807,0.0363876149058342,0.125,0,0,59.37756516598165,59.376440249965526,0,0,1789187427.8437068,-0.444444477558136,2,-0.014562174677848816,-20.667469024658203
8.442874997854233,59.44022941600997,0.0,0.0,0.12572823464870453,,0.007494749967008829,885,61235,0.2121734470129013,1.0805977582931519,0.07648302614688873,0.801476001739502,0.03336925059556961,0.125,0,0,59.44021774997236,59.43928137497278,0,0,1789187427.9063601,0.8888888955116272,8,-0.0031470060348510742,-20.69251251220703
22.09804201265797,59.520295040973,0.0,0.0,0.13189132511615753,,0.020998499996494502,886,61335,0.20413269102573395,1.0815143585205078,0.07634596526622772,0.8013986349105835,0.03245348483324051,0.125,0,0,59.52028495800914,59.519195540982764,0,0,1789187427.9864268,0.8888888955116272,8,0.00728057324886322,-20.72873878479004
1.662875001784414,59.56663666595705,0.0,0.0,0.12941275537014008,,0.0004075830220244825,887,61384,0.20236556231975555,1.081958532333374,0.07628349959850311,0.8013668060302734,0.03265443816781044,0.125,0,0,59.56662358297035,59.56538141600322,0,0,1789187428.032765,0.8888888955116272,8,0.005333177745342255,-20.728254318237305
4.788874997757375,59.63670416601235,0.0,0.0,0.1314868927001953,,0.0036507079494185746,888,61434,0.20056720077991486,1.0824105739593506,0.07621750235557556,0.8013342618942261,0.03281966596841812,0.125,0,0,59.636691624997184,59.635566082957666,0,0,1789187428.1028328,0.8888888955116272,8,0.009803161025047302,-20.720046997070312
6.888999952934682,59.705289874982554,0.0,0.0,0.12947145104408264,,0.005858541990164667,889,61484,0.1997012197971344,1.0828661918640137,0.07615243643522263,0.8013039827346802,0.030925065279006958,0.125,0,0,59.70527741598198,59.70425962499576,0,0,1789187428.171419,0.8888888955116272,8,0.01568017154932022,-20.71540641784668
6.190665997564793,59.771569125005044,0.0,0.0,0.1355900913476944,,0.005147707997821271,890,61584,0.199712872505188,1.0837812423706055,0.07602793723344803,0.8012474179267883,0.030827300623059273,0.125,0,0,59.77155649999622,59.770526207983494,0,0,1789187428.237698,0.8888888955116272,8,0.0036887899041175842,-20.686630249023438
3.772666968870908,59.83557320799446,0.0,0.0,0.13769151270389557,,0.0024086670018732548,891,61635,0.19972200691699982,1.0842077732086182,0.07597308605909348,0.8012231588363647,0.030768120661377907,0.125,0,0,59.835559291008394,59.83420924999518,0,0,1789187428.301701,0.8888888955116272,8,0.0005787312984466553,-20.66965103149414
12.772417045198381,59.911196457978804,0.0,0.0,0.13623015582561493,,0.00487750000320375,892,61734,0.19637249410152435,1.0851002931594849,0.07586203515529633,0.8011739253997803,0.03223959729075432,0.125,0,0,59.911185332981404,59.90330158296274,0,0,1789187428.3773272,-0.444444477558136,2,-0.03143192082643509,-20.633691787719727
12.180124991573393,59.97755554097239,0.0,0.0,0.1399342119693756,,0.010737916978541762,893,61784,0.19637461006641388,1.0855845212936401,0.07580509036779404,0.8011496663093567,0.03416711464524269,0.125,0,0,59.97754079097649,59.97611337498529,0,0,1789187428.443682,-0.444444477558136,2,-0.03718190640211105,-20.630043029785156
,,,,,after-land,,,68634,,1.1191425323486328,0.0738644003868103,0.019888803362846375,,,,,67.03125533298589,,,,,,,,
