applied_lat_ms,applied_t,cmd_vx,cmd_yaw,conf,event,frame_age,frame_count,fw_ts,pitch,px,py,pz,roll,size,size_bucket,streak,t,t_proc,torn_frames,tracking,wall,x,x_bin,x_soft,yaw
75.25491702836007,14.097265499993227,0.0,0.0,0.9474777579307556,,0.04771120799705386,174,17554,0.0,1.0978472905071035e-12,8.638642373052369e-14,0.8591966032981873,0.0,0.625,2,1,14.097232625004835,14.069722125015687,0,0,1789192811.556025,-0.444444477558136,2,-0.45359593629837036,0.0
50.16966600669548,14.15720587503165,0.0,0.0,0.947071373462677,,0.04897904105018824,175,17601,0.0,1.105537861777195e-12,8.71517620440812e-14,0.8558723330497742,0.0,0.625,2,2,14.157192834012676,14.15601537504699,0,0,1789192811.615982,-0.444444477558136,2,-0.44277265667915344,0.0
6.313541962299496,14.188233875029255,0.0,26.66666865348816,0.955523669719696,,0.00529879197711125,176,17653,0.0,1.1138430672588684e-12,8.798438187870503e-14,0.8523887991905212,0.0,0.625,2,3,14.188221542048268,14.18721916701179,0,1,1789192811.64701,-0.444444477558136,2,-0.43482470512390137,0.0
22.80066697858274,14.285069250036031,0.2,26.66666865348816,0.9580326676368713,,0.021888541989028454,177,17752,0.0,1.1295184622686638e-12,8.956816408348112e-14,0.8460446000099182,0.0,0.375,1,4,14.28505845903419,14.2841571670142,0,1,1789192811.743849,-0.444444477558136,2,-0.44016730785369873,0.0028172864113003016
11.443625029642135,14.354284083994571,0.2,26.66666865348816,0.9607089757919312,,0.01023195800371468,178,17801,-0.007996862754225731,2.758933419499954e-07,-4.014462540169461e-09,0.842718243598938,9.59513727138983e-07,0.375,1,5,14.354269542032853,14.3530725419987,0,1,1789192811.8130639,-0.444444477558136,2,-0.4569694697856903,0.03731858357787132
5.073999986052513,14.428241834044456,0.0,26.66666865348816,0.9207893013954163,,0.0040101250051520765,179,17901,-2.4591197967529297,0.00019467071979306638,-6.805791485930968e-07,0.836837649345398,0.010233388282358646,0.625,2,6,14.42823091702303,14.427178167039528,0,1,1789192811.8870232,-0.444444477558136,2,-0.43932196497917175,0.36962711811065674
2.1641250350512564,14.505126375006512,0.2,26.66666865348816,0.8559837937355042,,0.0014357920153997838,180,17952,-4.300661087036133,0.0010450840927660465,1.8475973320164485e-06,0.8339575529098511,0.010145412757992744,0.375,1,7,14.505114292027429,14.504398084012792,0,1,1789192811.9639082,-0.444444477558136,2,-0.4201613664627075,0.7795568704605103
9.163000038824975,14.592089334037155,0.2,26.66666865348816,0.9617776274681091,,0.007314083050005138,181,18051,-0.643958568572998,0.005004257429391146,4.1685725591378286e-05,0.8286689519882202,0.07795505970716476,0.375,1,8,14.59206425002776,14.590240667050239,0,1,1789192812.050863,-0.444444477558136,2,-0.4118776023387909,2.09138560295105
6.565833988133818,14.669082292006351,0.0,26.66666865348816,0.9567577242851257,,0.00534704199526459,182,18101,-0.07553978264331818,0.00682665454223752,5.299106487655081e-05,0.8262532353401184,0.07132262736558914,0.625,2,9,14.669069125025999,14.667863542039413,0,1,1789192812.127865,-0.444444477558136,2,-0.40772512555122375,3.047196865081787
6.366416986566037,14.748651709000114,0.0,26.66666865348816,0.8969308137893677,,0.004386666987556964,183,18202,-4.362281322479248,0.009678746573626995,9.960468742065132e-05,0.8217391967773438,0.008312730118632317,0.625,2,10,14.748639917001128,14.74667204200523,0,1,1789192812.207437,-0.444444477558136,2,-0.4063318073749542,5.166347026824951
5.474583012983203,14.827543999999762,0.0,26.66666865348816,0.9851149916648865,,0.004095832991879433,184,18302,0.47902408242225647,0.013736513443291187,0.00033558899303898215,0.8182716965675354,0.15250171720981598,0.625,2,11,14.827520084043499,14.826165542006493,0,1,1789192812.286321,-0.444444477558136,2,-0.36794373393058777,6.707672119140625
28.64195901202038,14.930642000050284,0.0,13.333333432674408,0.9762143492698669,,0.02748358401004225,185,18402,2.105872869491577,0.01724858395755291,0.0003633451124187559,0.8149726986885071,-0.2811715602874756,0.625,2,12,14.930629834008869,14.92948370904196,0,1,1789192812.389429,-0.2222222238779068,3,-0.2948366701602936,8.45325756072998
5.380332993809134,14.98681175004458,0.0,13.333333432674408,0.9682232737541199,,0.004391208000015467,186,18453,-0.34530407190322876,0.01755034551024437,0.0003151994023937732,0.8136193156242371,-0.353635311126709,0.625,2,13,14.986801167018712,14.98582266701851,0,1,1789192812.445602,-0.2222222238779068,3,-0.2791203260421753,9.230053901672363
3.077833040151745,15.064599625009578,0.2,13.333333432674408,0.9806690812110901,,0.0014396250480785966,187,18502,-0.8000909686088562,0.018297769129276276,0.00041303157922811806,0.8126450181007385,-0.20209433138370514,0.375,1,14,15.064588584005833,15.06296154204756,0,1,1789192812.52339,-0.2222222238779068,3,-0.22803331911563873,9.953068733215332
2.884834015276283,15.143650917045306,0.2,13.333333432674408,0.8972694277763367,,0.0019677920499816537,188,18601,1.6312752962112427,0.021384622901678085,0.0007820591563358903,0.8110429048538208,0.02691761963069439,0.375,1,15,15.143637166998815,15.142733917047735,0,1,1789192812.6024399,-0.2222222238779068,3,-0.21482376754283905,11.434995651245117
6.528459023684263,15.227046792046167,0.0,13.333333432674408,0.9286729693412781,,0.005278541997540742,189,18701,-3.119689464569092,0.02432510070502758,0.0008796213660389185,0.8099634647369385,-0.16386941075325012,0.625,2,16,15.227023500017822,15.225797042017803,0,1,1789192812.6858299,-0.2222222238779068,3,-0.23705081641674042,12.765398025512695
5.303833982907236,15.305911333998665,0.0,13.333333432674408,0.9544174671173096,,0.0037813339731656015,190,18751,-4.822958946228027,0.026782462373375893,0.001124717528000474,0.8095647096633911,-0.029838604852557182,0.625,2,17,15.305884708999656,15.30438895901898,0,1,1789192812.764692,-0.2222222238779068,3,-0.22293400764465332,13.350051879882812
5.608875013422221,15.385979584010784,0.0,13.333333432674408,0.9763314723968506,,0.004360041988547891,191,18852,0.9875073432922363,0.03441470116376877,0.002169013721868396,0.8090939521789551,0.14588455855846405,0.625,2,18,15.385967584035825,15.38473079202231,0,1,1789192812.8447738,-0.2222222238779068,3,-0.20382273197174072,14.281425476074219
4.283791990019381,15.464738209033385,0.0,13.333333432674408,0.9812347292900085,,0.002999583026394248,192,18902,2.9052884578704834,0.03772522509098053,0.002552923047915101,0.8090657591819763,-0.07577039301395416,0.625,2,19,15.464723000011873,15.463454125041608,0,1,1789192812.92353,-0.2222222238779068,3,-0.19902878999710083,14.737524032592773
15.250709024257958,15.555570667027496,0.0,13.333333432674408,0.9644961953163147,,0.014024292002432048,193,19003,-0.06258824467658997,0.04068377614021301,0.0026649797800928354,0.8093260526657104,-0.33721521496772766,0.625,2,20,15.555559500004165,15.554344417003449,0,1,1789192813.014368,-0.2222222238779068,3,-0.1949276626110077,15.461115837097168
2.7210420230403543,15.622450625000056,0.0,13.333333432674408,0.9608924984931946,,0.0012734170304611325,194,19101,0.7356052398681641,0.043581847101449966,0.0030643907375633717,0.8099269270896912,-0.09800902009010315,0.625,2,21,15.62242608400993,15.621003209031187,0,1,1789192813.081238,-0.2222222238779068,3,-0.17279981076717377,16.146644592285156
13.652542023919523,15.713473875017371,0.0,0.0,0.9756718277931213,,0.012828750011976808,195,19151,1.8153544664382935,0.045716773718595505,0.003410056233406067,0.8104811906814575,-0.08038422465324402,0.625,2,22,15.713462334009819,15.71265012503136,0,1,1789192813.172273,0.0,4,-0.11118396371603012,16.703842163085938
15.872084011789411,15.79512554203393,0.0,0.0,0.9579939842224121,,0.014913499995600432,196,19252,-0.02190427854657173,0.04875719174742699,0.00372620509006083,0.8115970492362976,-0.21211040019989014,0.625,2,23,15.795115084038116,15.79416712501552,0,1,1789192813.253927,0.0,4,-0.07764744758605957,17.750879287719727
5.082207964733243,15.864077792037278,0.0,0.0,0.9717084169387817,,0.004380541970022023,197,19301,-0.2969580590724945,0.050243254750967026,0.003913829568773508,0.8120868802070618,-0.1414327770471573,0.625,2,24,15.864067500049714,15.86337633401854,0,1,1789192813.322881,0.0,4,-0.022276822477579117,18.214900970458984
8.176125003956258,15.946882834017742,0.0,0.0,0.9384082555770874,,0.00723658298375085,198,19402,0.9585378170013428,0.054245639592409134,0.004532798659056425,0.813418447971344,-0.031763382256031036,0.625,2,25,15.946871834050398,15.945943375001661,0,1,1789192813.405686,0.0,4,-0.01484043151140213,19.309677124023438
15.684416983276606,16.03408216702519,0.0,0.0,0.8897044062614441,,0.014758917037397623,199,19502,0.2963603734970093,0.05728256702423096,0.004885392263531685,0.8146652579307556,-0.1766386777162552,0.625,2,26,16.034071542031597,16.033156709047034,0,1,1789192813.492887,0.0,4,-0.01653573475778103,19.8998966217041
15.560083033051342,16.113682500028517,0.0,0.0,0.9207546710968018,,0.014723750005941838,200,19552,0.061885759234428406,0.058779582381248474,0.005078285001218319,0.8153300881385803,-0.14108525216579437,0.625,2,27,16.11367104202509,16.112846333999187,0,1,1789192813.5724878,0.0,4,-0.015511642210185528,20.009632110595703
11.043415986932814,16.188834208995104,0.0,0.0,0.9391620755195618,,0.00976545800222084,201,19651,0.68071049451828,0.0615529902279377,0.0055234236642718315,0.8165684938430786,-0.05269761011004448,0.625,2,28,16.188824750017375,16.187556292046793,0,1,1789192813.6476429,0.0,4,-0.02728728950023651,19.90730094909668
7.231292023789138,16.26437445904594,0.0,0.0,0.9631660580635071,,0.005859582975972444,202,19701,0.6679078936576843,0.06277085095643997,0.005697047803550959,0.8171994686126709,-0.08993802219629288,0.625,2,29,16.264348625030834,16.263003000000026,0,1,1789192813.72317,0.0,4,-0.02614668197929859,19.80533790588379
14.106374990660697,16.35130304202903,0.0,0.0,0.9809353351593018,,0.013233458041213453,203,19802,0.1945960968732834,0.06475669890642166,0.005951873026788235,0.8183267712593079,-0.12668287754058838,0.625,2,30,16.351291208993644,16.350430167047307,0,1,1789192813.810111,0.0,4,-0.029857367277145386,19.73316192626953
18.942249997053295,16.43616679200204,0.0,0.0,0.9617293477058411,,0.017827500007115304,204,19901,0.43915924429893494,0.06647811830043793,0.006233639549463987,0.8192572593688965,-0.057583000510931015,0.625,2,31,16.436154666997027,16.435052250046283,0,1,1789192813.894976,0.0,4,-0.03476772457361221,19.92232322692871
16.15041703917086,16.51267550000921,0.0,0.0,0.9548330307006836,,0.014705250039696693,205,19952,0.4638207256793976,0.06745796650648117,0.006385142914950848,0.8197880387306213,-0.05650731921195984,0.625,2,32,16.51266275002854,16.511230375035666,0,1,1789192813.971485,0.0,4,-0.025642922148108482,20.076488494873047
6.904250010848045,16.58299329201691,0.0,0.0,0.9651354551315308,,0.00586858403403312,206,20052,0.18385794758796692,0.06873674690723419,0.0065413424745202065,0.8204876184463501,-0.07938217371702194,0.625,2,33,16.582981542043854,16.581957709044218,0,1,1789192814.041805,0.0,4,-0.027415480464696884,20.360557556152344
7.406249991618097,16.66352858400205,0.0,0.0,0.9748064279556274,,0.006352792028337717,207,20101,0.17751102149486542,0.06930947303771973,0.0066188848577439785,0.820763349533081,-0.06200123950839043,0.625,2,34,16.66351558401948,16.662475209042896,0,1,1789192814.1223402,0.0,4,-0.017869185656309128,20.432737350463867
4.181416996289045,16.740081750031095,0.0,0.0,0.9365885853767395,,0.0029147090390324593,208,20202,0.2816084027290344,0.07043489068746567,0.0067801992408931255,0.8212040066719055,-0.03543298691511154,0.625,2,35,16.740056917013135,16.738815334043466,0,1,1789192814.1988852,0.0,4,-0.0049073416739702225,20.6472110748291
21.8192909960635,16.837185042037163,0.0,0.0,0.957089364528656,,0.020610707986634225,209,20301,0.13009580969810486,0.07125717401504517,0.006871809251606464,0.8214069604873657,-0.054724059998989105,0.625,2,36,16.837175249995198,16.835976667003706,0,1,1789192814.2960021,0.0,4,-0.0026742806658148766,20.729196548461914
18.734665994998068,16.913715458998922,0.0,0.0,0.9754613041877747,,0.017380582983605564,210,20351,0.1119602844119072,0.07162506878376007,0.006918487139046192,0.8214662671089172,-0.05164302513003349,0.625,2,37,16.913703709025867,16.91236141702393,0,1,1789192814.372532,0.0,4,0.005535098724067211,20.711732864379883
27.077959035523236,17.001829874992836,0.0,0.0,0.9785315990447998,,0.02600579202407971,211,20451,0.1583002656698227,0.07219894975423813,0.007003919221460819,0.8214482665061951,-0.029333343729376793,0.625,2,38,17.00182008399861,17.000757792033255,0,1,1789192814.46065,0.0,4,0.019590230658650398,20.654033660888672
24.62233300320804,17.079277125012595,0.0,0.0,0.9787476062774658,,0.02354966598795727,212,20551,0.07823234796524048,0.07258129119873047,0.0070480345748364925,0.8211928606033325,-0.030373534187674522,0.625,2,39,17.079265750013292,17.078204500023276,0,1,1789192814.538097,0.0,4,0.024925531819462776,20.557926177978516
4.002833040431142,17.13832245900994,0.0,0.0,0.9834080338478088,,0.0030592920375056565,213,20602,0.05161919444799423,0.07272835075855255,0.0070627611130476,0.8210311532020569,-0.032057248055934906,0.625,2,40,17.13830670900643,17.137378959043417,0,1,1789192814.597138,0.0,4,0.03841668367385864,20.52310562133789
4.207832971587777,17.217447334027383,0.0,0.0,0.9831622838973999,,0.003304749960079789,214,20652,0.05538377910852432,0.07283078879117966,0.007075085304677486,0.820873498916626,-0.0300490390509367,0.625,2,41,17.217437000013888,17.21654429199407,0,1,1789192814.67627,0.0,4,0.057136792689561844,20.508419036865234
6.6082499688491225,17.29962595901452,0.0,0.0,0.9815698862075806,,0.005605332960840315,215,20752,0.060635317116975784,0.07297027111053467,0.007092110347002745,0.8203555345535278,-0.013902430422604084,0.625,2,42,17.29961650003679,17.298623125010636,0,1,1789192814.75845,0.0,4,0.08352012932300568,20.527563095092773
17.319416045211256,17.38957537501119,0.0,0.0,0.970999002456665,,0.016180416045244783,216,20851,0.010813797824084759,0.07297813147306442,0.007080758921802044,0.8197775483131409,-0.01295543648302555,0.625,2,43,17.38956479204353,17.38843650004128,0,1,1789192814.8483999,0.0,4,0.0563485287129879,20.603124618530273
19.330000039190054,17.471214167017024,0.0,0.0,0.9783908724784851,,0.01807849999750033,217,20951,0.004038820043206215,0.07288729399442673,0.0070548513904213905,0.8190245628356934,-0.014421050436794758,0.625,2,44,17.47120441700099,17.469962709001265,0,1,1789192814.930041,0.0,4,0.04596971720457077,20.699886322021484
21.508250036276877,17.552537000039592,0.0,0.0,0.9624432325363159,,0.02061479102121666,218,21001,0.0018831028137356043,0.07279986888170242,0.00703800842165947,0.8186101317405701,-0.010760013945400715,0.625,2,45,17.55252450000262,17.551643625018187,0,1,1789192815.011362,0.0,4,0.06572140753269196,20.730939865112305
2.442415978293866,17.612894791993313,0.0,-13.333333432674408,0.9608850479125977,,0.0014269999810494483,219,21051,-0.008237788453698158,0.0727076604962349,0.007021707016974688,0.818285346031189,-0.0053662802092731,0.625,2,46,17.61288420902565,17.61187958403025,0,1,1789192815.071722,0.2222222238779068,5,0.08023591339588165,20.729509353637695
3.3707909751683474,17.693277000042144,0.0,-13.333333432674408,0.950873851776123,,0.002391582995187491,220,21153,-0.037103716284036636,0.0724233016371727,0.0069679562002420425,0.8174429535865784,-0.0029309408273547888,0.625,2,47,17.693265459034592,17.69229791703401,0,1,1789192815.1521049,0.2222222238779068,5,0.10980389267206192,20.705036163330078
19.712167035322636,17.788904167013243,0.0,-13.333333432674408,0.943124532699585,,0.018297500035259873,221,21252,-0.04000631719827652,0.07212293148040771,0.006913145538419485,0.816724419593811,-0.0029922774992883205,0.625,2,48,17.78888166701654,17.787489625043236,0,1,1789192815.247725,0.2222222238779068,5,0.11035594344139099,20.61465072631836
19.149666011799127,17.86819208401721,0.0,-13.333333432674408,0.9539585709571838,,0.018216166005004197,222,21301,-0.04749195650219917,0.07191382348537445,0.006875184364616871,0.8162668347358704,-0.0008274339488707483,0.625,2,49,17.868179000040982,17.867258750018664,0,1,1789192815.3270211,0.2222222238779068,5,0.1107303574681282,20.48609161376953
15.63249999890104,17.944054917024914,0.0,-13.333333432674408,0.9627317190170288,,0.014721541025210172,223,21401,-0.06646295636892319,0.07147921621799469,0.006795894354581833,0.8154458403587341,0.0022445465438067913,0.625,2,50,17.94404366699746,17.943144000018947,0,1,1789192815.4028869,0.2222222238779068,5,0.11693879216909409,20.01957893371582
5.504166998434812,18.01319891703315,0.0,-13.333333432674408,0.9456803202629089,,0.004514417028985918,224,21452,-0.06903106719255447,0.07126743346452713,0.006756751798093319,0.8150912523269653,0.0018616366432979703,0.625,2,51,18.01318720902782,18.01220929203555,0,1,1789192815.4720309,0.2222222238779068,5,0.12428818643093109,19.696481704711914
5.474790988955647,18.09204595902702,0.0,-13.333333432674408,0.9425888657569885,,0.004434583010151982,225,21551,-0.07380522787570953,0.07076089829206467,0.006661069113761187,0.8143035173416138,0.0006798073300160468,0.625,2,52,18.092036749992985,18.091005792026408,0,1,1789192815.550882,0.2222222238779068,5,0.11863213777542114,18.734336853027344
11.293416027911007,18.17753441701643,0.0,0.0,0.9809622168540955,,0.010428250010591,226,21652,-0.08527844399213791,0.07020885497331619,0.006553812883794308,0.8135527968406677,0.0009393005166202784,0.625,2,53,18.17752383404877,18.176669334003236,0,1,1789192815.63637,0.0,4,0.09000728279352188,17.583545684814453
17.637790995649993,18.263497167034075,0.0,0.0,0.9802830219268799,,0.016466832952573895,227,21702,-0.08796976506710052,0.0699470192193985,0.006502699106931686,0.8132504820823669,0.00022798629652243108,0.625,2,54,18.26348741701804,18.262326291995123,0,1,1789192815.7223349,0.0,4,0.08720532059669495,17.113018035888672
23.112000024411827,18.348861334030516,0.0,0.0,0.9818285703659058,,0.02207316702697426,228,21802,-0.09389246255159378,0.06938009709119797,0.006386383902281523,0.8126150965690613,-0.0002074979420285672,0.625,2,55,18.348850209033117,18.347822584037203,0,1,1789192815.807699,0.0,4,0.09165726602077484,16.206758499145508
4.15729102678597,18.410044292046223,0.0,0.0,0.9868952631950378,,0.0029577079694718122,229,21852,-0.09605414420366287,0.06904963403940201,0.006315093021839857,0.8122754096984863,-0.0008747022948227823,0.625,2,56,18.41003379202448,18.408844791993033,0,1,1789192815.868884,0.0,4,0.09919753670692444,15.802695274353027
12.950291042216122,18.498781334026717,0.0,0.0,0.986804723739624,,0.01185220800107345,230,21951,-0.10142116993665695,0.06847922503948212,0.00618737330660224,0.8117726445198059,-0.0014638686552643776,0.625,2,57,18.498770375037566,18.497683416993823,0,1,1789192815.957622,0.0,4,0.09267774969339371,15.459461212158203
4.982291953638196,18.570790667028632,0.0,-13.333333432674408,0.982060432434082,,0.00396062497748062,231,22051,-0.10563948005437851,0.0678180679678917,0.006027753930538893,0.8112569451332092,-0.001492906711064279,0.625,2,58,18.570780667010695,18.569769125024322,0,1,1789192816.029633,0.2222222238779068,5,0.11198946833610535,15.442076683044434
8.00666696159169,18.653342208999675,0.0,-13.333333432674408,0.9651558995246887,,0.007389959006104618,232,22102,-0.10709162056446075,0.06752271950244904,0.00595435407012701,0.811060905456543,-0.0013651945628225803,0.625,2,59,18.653333624999505,18.652725584048312,0,1,1789192816.112187,0.2222222238779068,5,0.13579167425632477,15.510648727416992
13.378041971009225,18.738332417036872,0.0,-13.333333432674408,0.9780696630477905,,0.012111166957765818,233,22201,-0.11200353503227234,0.06683945655822754,0.005774513352662325,0.8106503486633301,-0.005906121339648962,0.625,2,60,18.738323708996177,18.737065666995477,0,1,1789192816.1971781,0.2222222238779068,5,0.1446133852005005,15.700811386108398
8.613208017777652,18.81301920901751,0.0,-13.333333432674408,0.9835188388824463,,0.007578250020742416,234,22251,-0.11316510289907455,0.06650874018669128,0.005684814415872097,0.8104790449142456,-0.007435922045260668,0.625,2,61,18.813001792004798,18.8119843340246,0,1,1789192816.271858,0.2222222238779068,5,0.15271645784378052,15.703664779663086
8.154499984811991,18.89208200003486,0.0,-13.333333432674408,0.9715428352355957,,0.007349000021349639,235,22351,-0.11568526923656464,0.06585491448640823,0.005506977904587984,0.8101662993431091,-0.00813145749270916,0.625,2,62,18.89207116700709,18.891276542039122,0,1,1789192816.3509278,0.2222222238779068,5,0.16164493560791016,15.357186317443848
18.34574999520555,18.98163133399794,0.0,-13.333333432674408,0.9733214378356934,,0.017459916998632252,236,22451,-0.11788153648376465,0.06515873223543167,0.005311780143529177,0.8098914623260498,-0.010159754194319248,0.625,2,63,18.981620917038526,18.98074558400549,0,1,1789192816.440479,0.2222222238779068,5,0.12665484845638275,14.363180160522461
20.494083990342915,19.06337379204342,0.0,-13.333333432674408,0.9809420108795166,,0.01928308402420953,237,22501,-0.11934083700180054,0.06479734182357788,0.00520844291895628,0.8097716569900513,-0.011529261246323586,0.625,2,64,19.063361625012476,19.06216283404501,0,1,1789192816.522221,0.2222222238779068,5,0.14768384397029877,13.702803611755371
29.436749988235533,19.15164083399577,0.0,-13.333333432674408,0.9826578497886658,,0.02808487496804446,238,22601,-0.10146334767341614,0.06416381895542145,0.005023684818297625,0.8095824718475342,-0.006602260284125805,0.625,2,65,19.151628709048964,19.15028916700976,0,1,1789192816.61049,0.2222222238779068,5,0.13747470080852509,12.697006225585938
8.211666019633412,19.20965429203352,0.0,-13.333333432674408,0.9873680472373962,,0.0072405830142088234,239,22651,-0.08995644003152847,0.06377268582582474,0.004905215464532375,0.8094784021377563,-0.0022797270212322474,0.625,2,66,19.209640209039208,19.20868329203222,0,1,1789192816.668502,0.2222222238779068,5,0.10616385191679001,12.092330932617188
9.657457994762808,19.29047475004336,0.0,0.0,0.9861656427383423,,0.008790499996393919,240,22751,-0.08869511634111404,0.06307756900787354,0.004688150715082884,0.8093158006668091,-0.008020480163395405,0.625,2,67,19.29046195902629,19.289607834012713,0,1,1789192816.749325,0.0,4,0.09326189011335373,11.326773643493652
7.27899995399639,19.367681250034366,0.0,0.0,0.9841611981391907,,0.006402999977581203,241,22802,-0.09438909590244293,0.06273452192544937,0.004579985048621893,0.8092451095581055,-0.014341645874083042,0.625,2,68,19.367669917002786,19.366805292025674,0,1,1789192816.8265338,0.0,4,0.08070521801710129,10.997594833374023
8.01641697762534,19.44774429203244,0.0,0.0,0.9906104207038879,,0.0070307080168277025,242,22901,-0.09765367954969406,0.062048446387052536,0.004370131064206362,0.8091067671775818,-0.014987335540354252,0.625,2,69,19.447733834036626,19.446758625039365,0,1,1789192816.9065988,0.0,4,0.07012157887220383,10.396918296813965
11.139332957100123,19.53060033399379,0.0,0.0,0.9935789108276367,,0.010287040960974991,243,23002,-0.09931789338588715,0.06145958974957466,0.004197040572762489,0.8089896440505981,-0.01635325886309147,0.625,2,70,19.530588791996706,19.529748125001788,0,1,1789192816.9894552,0.0,4,0.049107667058706284,9.938397407531738
14.141082996502519,19.613524292013608,0.0,0.0,0.9936820268630981,,0.01252470799954608,244,23051,-0.10144829750061035,0.061121005564928055,0.004099327139556408,0.8089276552200317,-0.019038807600736618,0.625,2,71,19.6135126670124,19.611908000020776,0,1,1789192817.0723798,0.0,4,0.043930720537900925,9.637356758117676
10.01929200720042,19.68872720899526,0.0,0.0,0.9924224019050598,,0.008802875003311783,245,23152,-0.09998194128274918,0.06056500971317291,0.003947664517909288,0.8088365197181702,-0.020220302045345306,0.625,2,72,19.688717667013407,19.687510917021427,0,1,1789192817.147586,0.0,4,0.04500177502632141,9.305624961853027
7.9329999862238765,19.765777125023305,0.0,0.0,0.9910182952880859,,0.006949540984351188,246,23202,-0.09780975431203842,0.060309041291475296,0.0038815748412162066,0.8087978363037109,-0.019603751599788666,0.625,2,73,19.76576641702559,19.764793750015087,0,1,1789192817.2246358,0.0,4,0.04534967243671417,9.18355655670166
25.949375005438924,19.863361084018834,0.0,0.0,0.9890844225883484,,0.024452999990899116,247,23302,-0.09763744473457336,0.0598050095140934,0.003758378326892853,0.8087232708930969,-0.013137470930814743,0.625,2,74,19.863350083993282,19.86186479200842,0,1,1789192817.322221,0.0,4,0.06553128361701965,8.962252616882324
4.054499964695424,19.920982417010237,0.0,0.0,0.9784332513809204,,0.002895624958910048,248,23402,-0.0959511324763298,0.05936358496546745,0.0036559042055159807,0.8086477518081665,-0.012918286956846714,0.625,2,75,19.92097158404067,19.919823625008576,0,1,1789192817.3798442,0.0,4,0.0760883167386055,8.92047119140625
29.995666991453618,20.026442000002135,0.0,0.0,0.9829286336898804,,0.028999792004469782,249,23502,-0.08362369984388351,0.05900038778781891,0.003574659116566181,0.8085655570030212,-0.011247221380472183,0.625,2,76,20.02643133403035,20.02544629201293,0,1,1789192817.485305,0.0,4,0.10161582380533218,8.991463661193848
20.41783300228417,20.096233916992787,0.0,-13.333333432674408,0.9857237935066223,,0.01929804205428809,250,23551,-0.07624940574169159,0.058807335793972015,0.0035350725520402193,0.8085156083106995,-0.00851508229970932,0.625,2,77,20.09622358402703,20.095114209048916,0,1,1789192817.555098,0.2222222238779068,5,0.11207232624292374,9.02306842803955
14.059291977901012,20.16943229199387,0.0,-13.333333432674408,0.9781515598297119,,0.013246874965261668,251,23602,-0.07332144677639008,0.05862739682197571,0.003499977057799697,0.8084630370140076,-0.00850052572786808,0.625,2,78,20.16942041704897,20.168620000011288,0,1,1789192817.628296,0.2222222238779068,5,0.14285150170326233,9.041762351989746
11.860124999657273,20.246926000050735,0.0,-13.333333432674408,0.9872135519981384,,0.010084207984618843,252,23702,-0.06867942959070206,0.05832996964454651,0.00344232190400362,0.8083791732788086,-0.007591697387397289,0.625,2,79,20.24691533402074,20.24515012500342,0,1,1789192817.705792,0.2222222238779068,5,0.16147573292255402,9.004433631896973
3.7211659946478903,20.317977541999426,0.0,-13.333333432674408,0.9894844889640808,,0.0029197910334914923,253,23751,-0.06296789646148682,0.05819690227508545,0.0034180113580077887,0.8083354830741882,-0.007430767174810171,0.625,2,80,20.3179663339979,20.317176250042394,0,1,1789192817.776844,0.2222222238779068,5,0.1603953093290329,8.924867630004883
28.866083011962473,20.422330750036053,0.0,-13.333333432674408,0.9914838671684265,,0.02739125001244247,254,23903,-0.05162004753947258,0.05779913812875748,0.0033472348004579544,0.8081724643707275,-0.004679585341364145,0.625,2,81,20.422293042007368,20.420856167038437,0,1,1789192817.881174,0.2222222238779068,5,0.17361420392990112,8.309541702270508
23.157249961514026,20.495792208996136,0.0,-13.333333432674408,0.9905320405960083,,0.022045457968488336,255,23951,-0.04762822017073631,0.057691000401973724,0.003326378995552659,0.8081233501434326,-0.004189252387732267,0.625,2,82,20.495780709024984,20.494680500007235,0,1,1789192817.9546611,0.2222222238779068,5,0.1680745631456375,8.016385078430176
2.6740829925984144,20.554788959037978,0.0,-13.333333432674408,0.993259847164154,,0.0012249579885974526,256,24002,-0.044493526220321655,0.05757885053753853,0.0033048053737729788,0.8080563545227051,-0.003078597132116556,0.625,2,83,20.55477712501306,20.5533399170381,0,1,1789192818.013658,0.2222222238779068,5,0.17442642152309418,7.607362747192383
24.1604580078274,20.656194084032904,0.0,-13.333333432674408,0.9916731715202332,,0.02328287501586601,257,24101,-0.038572799414396286,0.05738251656293869,0.0032624974846839905,0.8079243898391724,-0.0017940230900421739,0.625,2,84,20.65618341701338,20.655316584045067,0,1,1789192818.115066,0.2222222238779068,5,0.1541823446750641,6.76735258102417
3.1036249711178243,20.71411350002745,0.0,-13.333333432674408,0.9930675029754639,,0.0019053330179303885,258,24152,-0.03593606501817703,0.05729169026017189,0.003241418395191431,0.8078397512435913,-0.005137231200933456,0.625,2,85,20.714103542035446,20.712915250041988,0,1,1789192818.172987,0.2222222238779068,5,0.13860437273979187,6.257200717926025
22.748999996110797,20.813740834011696,0.0,-13.333333432674408,0.9885445237159729,,0.021738207957241684,259,24251,-0.03190173581242561,0.05712217837572098,0.0032033617608249187,0.8076571226119995,-0.008869552053511143,0.625,2,86,20.813730625028256,20.812730167002883,0,1,1789192818.272615,0.2222222238779068,5,0.1351344734430313,5.289653778076172
22.44445902761072,20.89305225003045,0.0,-13.333333432674408,0.9868425726890564,,0.021091583999805152,260,24351,-0.03559935837984085,0.056981734931468964,0.0031750535126775503,0.8074886798858643,-0.007998266257345676,0.625,2,87,20.893042334006168,20.8916994589963,0,1,1789192818.351928,0.2222222238779068,5,0.1300233006477356,4.515790939331055
29.03295902069658,20.979444583994336,0.0,-13.333333432674408,0.9887000918388367,,0.027912084013223648,261,24451,-0.03392468020319939,0.05686376988887787,0.0031500793993473053,0.8073068261146545,-0.005935851950198412,0.625,2,88,20.979433417029213,20.97832383401692,0,1,1789192818.4383209,0.2222222238779068,5,0.12458904087543488,3.8188397884368896
10.602957976516336,21.040433417016175,0.0,-13.333333432674408,0.9923723936080933,,0.009629332984331995,262,24502,-0.02946978434920311,0.056809522211551666,0.0031372145749628544,0.8072057366371155,-0.005284396931529045,0.625,2,89,21.040423959027976,21.039459875028115,0,1,1789192818.4993122,0.2222222238779068,5,0.11576128751039505,3.4604711532592773
3.4593339660204947,21.11314475000836,0.0,0.0,0.99293053150177,,0.001957374974153936,263,24552,-0.025175729766488075,0.05676348879933357,0.00312593299895525,0.807101845741272,-0.004915266763418913,0.625,2,90,21.1131341670407,21.111642875010148,0,1,1789192818.5720232,0.0,4,0.09227355569601059,3.0231544971466064
27.89870899869129,21.217436959035695,0.0,0.0,0.9983460903167725,,0.026521708990912884,264,24651,-0.022955061867833138,0.05668274313211441,0.0031058327294886112,0.8069276213645935,-0.00855196826159954,0.625,2,91,21.217411584046204,21.21606020902982,0,1,1789192818.6763048,0.0,4,0.08470757305622101,2.205327272415161
14.25508299143985,21.28380095900502,0.0,0.0,0.9984413981437683,,0.01323787501314655,265,24752,-0.021715402603149414,0.056619368493556976,0.003093254752457142,0.8067413568496704,-0.008431246504187584,0.625,2,92,21.283789542037994,21.28278383403085,0,1,1789192818.742681,0.0,4,0.08552508801221848,1.2463899850845337
15.82729205256328,21.36549716704758,0.0,0.0,0.9986183643341064,,0.014686000009533018,266,24802,-0.0212815310806036,0.05659250169992447,0.0030890386551618576,0.8066352605819702,-0.008365505374968052,0.625,2,93,21.365472292003687,21.364356125006452,0,1,1789192818.824367,0.0,4,0.07305455207824707,0.7829170823097229
8.139082987327129,21.43788600002881,0.0,0.0,0.9979852437973022,,0.0073271250003017485,267,24902,-0.0184925589710474,0.056552592664957047,0.0030841294210404158,0.8064383864402771,-0.005451811943203211,0.625,2,94,21.437876417010557,21.437074167013634,0,1,1789192818.89677,0.0,4,0.06870289891958237,0.15010002255439758
11.289999994914979,21.52104645903455,0.0,0.0,0.9986020922660828,,0.010054957994725555,268,25001,-0.014095877297222614,0.056528571993112564,0.003081331495195627,0.8062706589698792,-0.004673375748097897,0.625,2,95,21.521036999998614,21.519811500038486,0,1,1789192818.9799318,0.0,4,0.07392437011003494,-0.08699250966310501
15.814041020348668,21.60550216701813,0.0,0.0,0.998996913433075,,0.014701166015584022,269,25052,-0.013832631520926952,0.056517425924539566,0.00307943276129663,0.8061810731887817,-0.003991016186773777,0.625,2,96,21.605489709007088,21.60438937501749,0,1,1789192819.0643861,0.0,4,0.08627384901046753,-0.05721013620495796
9.547874971758574,21.679334542015567,0.0,0.0,0.9990591406822205,,0.008407416986301541,270,25152,-0.012595325708389282,0.05650638788938522,0.0030768669676035643,0.8060275316238403,-0.003395733190700412,0.625,2,97,21.679322667012457,21.678194167034235,0,1,1789192819.13822,0.0,4,0.08242587745189667,-0.06970229744911194
6.551625032443553,21.755954666994512,0.0,0.0,0.998019814491272,,0.005862291029188782,271,25202,-0.010909760370850563,0.0565042681992054,0.0030751856975257397,0.8059455156326294,-0.003235942218452692,0.625,2,98,21.755944584030658,21.755265500047244,0,1,1789192819.2148428,0.0,4,0.08663532882928848,-0.09204716980457306
13.024832995142788,21.842355750035495,0.0,0.0,0.9963653087615967,,0.012183499988168478,272,25301,-0.009691821411252022,0.056504860520362854,0.0030709945131093264,0.8058197498321533,-0.003095425898209214,0.625,2,99,21.84234525001375,21.841514458996244,0,1,1789192819.301245,0.0,4,0.09718159586191177,-0.1627807319164276
16.62800001213327,21.92610370903276,0.0,-13.333333432674408,0.9959160685539246,,0.015655374969355762,273,25401,-0.008660023100674152,0.05651026591658592,0.0030664128717035055,0.8057019114494324,-0.006200181785970926,0.625,2,100,21.926089042040985,21.92513124999823,0,1,1789192819.38499,0.2222222238779068,5,0.1132228896021843,-0.26813605427742004
15.72991703869775,22.004539792018477,0.0,-13.333333432674408,0.9942077398300171,,0.014320250018499792,274,25452,-0.008618135005235672,0.056513309478759766,0.00306407967582345,0.8056401610374451,-0.0066004591062664986,0.625,2,101,22.004529750032816,22.00313016702421,0,1,1789192819.4634318,0.2222222238779068,5,0.1283300668001175,-0.3558749854564667
11.063957994338125,22.079151334008202,0.0,-13.333333432674408,0.9947376847267151,,0.009956915979273617,275,25553,-0.0071878391318023205,0.05652238801121712,0.0030624032951891422,0.8055347800254822,-0.006428459193557501,0.625,2,102,22.079140500049107,22.078044374997262,0,1,1789192819.538044,0.2222222238779068,5,0.14236974716186523,-0.5151938199996948
9.563792031258345,22.157193417020608,0.0,-13.333333432674408,0.9914026856422424,,0.00835516699589789,276,25602,-0.0066903927363455296,0.05652507767081261,0.0030610193498432636,0.8054865002632141,-0.006178061477839947,0.625,2,103,22.157174499996472,22.15598483401118,0,1,1789192819.616079,0.2222222238779068,5,0.1539800465106964,-0.5963793396949768
18.560292024631053,22.24598662502831,0.0,-13.333333432674408,0.9925315976142883,,0.017326625005807728,277,25701,-0.005569153930991888,0.056529685854911804,0.003057977417483926,0.8054002523422241,-0.003440452041104436,0.625,2,104,22.245975417026784,22.244753125007264,0,1,1789192819.704881,0.2222222238779068,5,0.15119262039661407,-0.92952561378479
26.32424997864291,22.33389500004705,0.0,-13.333333432674408,0.9915494918823242,,0.025511999963782728,278,25801,-0.0035472288727760315,0.05653038248419762,0.0030518111307173967,0.8053257465362549,-0.002206174423918128,0.625,2,105,22.333885041996837,22.333082791999914,0,1,1789192819.792792,0.2222222238779068,5,0.1469300240278244,-1.423167109489441
20.644249976612628,22.40830204199301,0.0,-13.333333432674408,0.9945234060287476,,0.019110499997623265,279,25851,-0.004887446761131287,0.05652937665581703,0.0030467004980891943,0.8052769303321838,-0.0013465144438669086,0.625,2,106,22.40827670902945,22.406768584041856,0,1,1789192819.867187,0.2222222238779068,5,0.12828829884529114,-1.8677066564559937
20.348291960544884,22.48762374999933,0.0,-13.333333432674408,0.9935126900672913,,0.019094457966275513,280,25952,-0.009270492941141129,0.05652735382318497,0.003036324866116047,0.8051796555519104,-0.0048963576555252075,0.625,2,107,22.48761208401993,22.486369999998715,0,1,1789192819.946521,0.2222222238779068,5,0.11018946021795273,-2.789442539215088
22.12845900794491,22.569268042047042,0.0,0.0,0.9938876032829285,,0.020759542006999254,281,26001,-0.010114959441125393,0.05652545765042305,0.0030313790775835514,0.8051409125328064,-0.00671363016590476,0.625,2,108,22.56925716699334,22.56789916701382,0,1,1789192820.028167,0.0,4,0.09774307161569595,-3.12519907951355
15.571291034575552,22.64264841703698,0.0,0.0,0.995589017868042,,0.014717040990944952,282,26102,-0.008629265241324902,0.05653078854084015,0.0030248467810451984,0.8050321340560913,-0.006132600363343954,0.625,2,109,22.642638125049416,22.641794249997474,0,1,1789192820.1015491,0.0,4,0.053514838218688965,-4.209104537963867
5.28066698461771,22.712073208997026,0.0,0.0,0.9967966675758362,,0.004352458985522389,283,26151,-0.006595351733267307,0.05653446540236473,0.0030231899581849575,0.8049811124801636,-0.005865566898137331,0.625,2,110,22.712060792022385,22.711145084002055,0,1,1789192820.1709728,0.0,4,0.05553817003965378,-4.691326141357422
3.0164580093696713,22.789200500003062,0.0,0.0,0.997307300567627,,0.0014498329837806523,284,26251,-0.004979564808309078,0.056538112461566925,0.0030196201987564564,0.8048959374427795,-0.005009698215872049,0.625,2,111,22.78918900003191,22.787633917003404,0,1,1789192820.248103,0.0,4,0.057367317378520966,-5.386373519897461
0.9340840042568743,22.867116250039544,0.0,0.0,0.996302604675293,,6.862496957182884e-05,285,26301,-0.0043538338504731655,0.05653969943523407,0.003017943585291505,0.8048589825630188,-0.004438003059476614,0.625,2,112,22.8671052090358,22.866250874998514,0,1,1789192820.32602,0.0,4,0.05378011241555214,-5.6224541664123535
16.86891703866422,22.962720834009815,0.0,0.0,0.9959284663200378,,0.015736458997707814,286,26401,-0.008953788317739964,0.05654710531234741,0.0030139286536723375,0.8047694563865662,-0.002883743029087782,0.625,2,113,22.962708584032953,22.96158858400304,0,1,1789192820.4216251,0.0,4,0.05320321395993233,-5.94505500793457
23.20754196261987,23.04878416704014,0.0,0.0,0.9967419505119324,,0.02218908298527822,287,26503,-0.008412101306021214,0.05655645579099655,0.003005632199347019,0.804684579372406,-0.0014919247478246689,0.625,2,114,23.04877429199405,23.04776575003052,0,1,1789192820.507691,0.0,4,0.05720552057027817,-5.952879905700684
2.770917024463415,23.106517167005222,0.0,0.0,0.9940326809883118,,0.001097500033210963,288,26551,-0.00831601582467556,0.05656633898615837,0.003000049851834774,0.8046366572380066,-0.0011588431661948562,0.625,2,115,23.106506250042003,23.1048437920399,0,1,1789192820.5654242,0.0,4,0.05797126889228821,-5.9733405113220215
9.778167004697025,23.19290504202945,0.0,0.0,0.9909077882766724,,0.008133624971378595,289,26651,-0.007624308578670025,0.056584231555461884,0.002986856736242771,0.8045443892478943,-0.005916175432503223,0.625,2,116,23.192881666996982,23.191260666993912,0,1,1789192820.6518028,0.0,4,0.08124411851167679,-6.024471759796143
7.317832962144166,23.27044074999867,0.0,-13.333333432674408,0.9904237389564514,,0.006434582988731563,290,26701,-0.004971705377101898,0.05659507215023041,0.0029809873085469007,0.8044992685317993,-0.008773310109972954,0.625,2,117,23.27042854204774,23.26955775002716,0,1,1789192820.7293491,0.2222222238779068,5,0.10629401355981827,-6.036391258239746
7.913250010460615,23.350842209008988,0.0,-13.333333432674408,0.983997106552124,,0.006870957964565605,291,26802,-0.0048494404181838036,0.05661556124687195,0.002972348826006055,0.8044083714485168,-0.00839252956211567,0.625,2,118,23.350830417010002,23.34980004199315,0,1,1789192820.809752,0.2222222238779068,5,0.11118154227733612,-6.129554748535156
5.769417039118707,23.428658874996472,0.0,-13.333333432674408,0.9875577688217163,,0.00438774999929592,292,26901,-0.004808527883142233,0.05663342401385307,0.0029643236193805933,0.8043282628059387,-0.0043068272061645985,0.625,2,119,23.42864954203833,23.42727729200851,0,1,1789192820.887572,0.2222222238779068,5,0.13292579352855682,-6.313544273376465
10.268000012729317,23.513185834046453,0.0,-13.333333432674408,0.9822722673416138,,0.008961667015682906,293,26951,-0.004488693084567785,0.05664661154150963,0.0029586260206997395,0.8042816519737244,-0.0038821883499622345,0.625,2,120,23.51317350001773,23.51187970902538,0,1,1789192820.972097,0.2222222238779068,5,0.13749845325946808,-6.424177646636963
8.732582966331393,23.59094250004273,0.0,-13.333333432674408,0.9850822687149048,,0.007617666968144476,294,27052,-0.004057464189827442,0.056666549295186996,0.002944362349808216,0.8042005896568298,-0.003292948706075549,0.625,2,121,23.590930667007342,23.58982770901639,0,1,1789192821.049856,0.2222222238779068,5,0.138739213347435,-6.811431884765625
21.35241701034829,23.683498084021267,0.0,-13.333333432674408,0.9873923659324646,,0.020442958979401737,295,27151,-0.004137521609663963,0.0566914938390255,0.0029297061264514923,0.8041173815727234,-0.0054762824438512325,0.625,2,122,23.68348737503402,23.682588708994444,0,1,1789192821.142414,0.2222222238779068,5,0.13560500741004944,-7.477471351623535
27.41266699740663,23.76892120903358,0.0,-13.333333432674408,0.9840283989906311,,0.026534667005762458,296,27202,-0.0060036745853722095,0.05670380964875221,0.0029220853466540575,0.8040642738342285,-0.005010932218283415,0.625,2,123,23.76891045900993,23.76804329204606,0,1,1789192821.227838,0.2222222238779068,5,0.12692199647426605,-7.835855960845947
30.14591697137803,23.85149100003764,0.0,-13.333333432674408,0.9754524230957031,,0.028771459008567035,297,27302,-0.006074689794331789,0.05672716349363327,0.00291105592623353,0.8039798140525818,-0.006003302987664938,0.625,2,124,23.85147729201708,23.850116584042553,0,1,1789192821.310406,0.2222222238779068,5,0.11839159578084946,-8.536579132080078
4.095709009561688,23.904761750018224,0.0,0.0,0.9844617247581482,,0.0024442090070806444,298,27352,-0.0062047457322478294,0.056744061410427094,0.002906328998506069,0.8039381504058838,-0.006087413057684898,0.625,2,125,23.904748500033747,23.903110334009398,0,1,1789192821.363678,0.0,4,0.08195026963949203,-9.043092727661133
19.095624971669167,23.99982850003289,0.0,0.0,0.992293119430542,,0.017651791975367814,299,27451,-0.00453184824436903,0.056781426072120667,0.0029018493369221687,0.8038623332977295,-0.006816944107413292,0.625,2,126,23.999817417003214,23.998384709004313,0,1,1789192821.4587479,0.0,4,0.08350881189107895,-10.05663776397705
16.94933295948431,24.077075459004845,0.0,0.0,0.9780910015106201,,0.016197290970012546,300,27553,-0.00143609254155308,0.05682452395558357,0.002906017703935504,0.8037633895874023,-0.007385748904198408,0.625,2,127,24.077064875047654,24.076323500019498,0,1,1789192821.535997,0.0,4,0.09923118352890015,-11.0256929397583
13.56016704812646,24.15326729201479,0.0,0.0,0.9724060893058777,,0.012527375016361475,301,27601,-0.001408949727192521,0.05683935806155205,0.002908793743699789,0.8037256598472595,-0.005064418539404869,0.625,2,128,24.15325766702881,24.152234542008955,0,1,1789192821.612191,0.0,4,0.1035744920372963,-11.235116958618164
16.042917035520077,24.235737750015687,0.0,0.0,0.9742072224617004,,0.014735125005245209,302,27701,-0.001576107693836093,0.056874435395002365,0.0029177009128034115,0.8036581873893738,0.000716780312359333,0.625,2,129,24.23572741704993,24.234430000011344,0,1,1789192821.6946619,0.0,4,0.10910256206989288,-11.535905838012695
12.718375015538186,24.31206770904828,0.0,0.0,0.9672360420227051,,0.011676875001285225,303,27752,-0.002710900269448757,0.05689911171793938,0.0029233021195977926,0.8036187291145325,0.0006312034674920142,0.625,2,130,24.31205545901321,24.31102625001222,0,1,1789192821.770991,0.0,4,0.10975836217403412,-11.602907180786133
14.068208984099329,24.39258237503236,0.0,-13.333333432674408,0.9755107164382935,,0.012820584001019597,304,27851,-0.0036081094294786453,0.05694137513637543,0.0029317871667444706,0.8035569190979004,-0.0005415893392637372,0.625,2,131,24.392572250042576,24.391334834042937,0,1,1789192821.851509,0.2222222238779068,5,0.11785608530044556,-11.6652250289917
18.20229197619483,24.476188000000548,0.0,-13.333333432674408,0.9696146845817566,,0.017369624983984977,305,27952,-0.0038448069244623184,0.05699518322944641,0.002944574924185872,0.8034969568252563,-0.0010821308242157102,0.625,2,132,24.476179417048115,24.47535537503427,0,1,1789192821.935117,0.2222222238779068,5,0.12141429632902145,-11.749398231506348
29.89204099867493,24.567560166993644,0.0,-13.333333432674408,0.9759209156036377,,0.028274125012103468,306,28002,-0.0030527079943567514,0.05701804906129837,0.002951773116365075,0.8034703135490417,-0.0010867640376091003,0.625,2,133,24.56755008402979,24.565942334011197,0,1,1789192822.026489,0.2222222238779068,5,0.11545461416244507,-11.8212308883667
3.889832994900644,24.620925166993402,0.0,-13.333333432674408,0.9795597791671753,,0.002889916009735316,307,28052,0.00025848389486782253,0.05704989284276962,0.0029618646949529648,0.803443193435669,-0.0013240635162219405,0.625,2,134,24.620911000005435,24.619925375038292,0,1,1789192822.079851,0.2222222238779068,5,0.11878702044487,-11.906429290771484
7.415166997816414,24.70410495903343,0.0,-13.333333432674408,0.9736339449882507,,0.00593562499852851,308,28152,0.0001781293685780838,0.057100724428892136,0.0029827088583260775,0.8033965229988098,-0.0015349768800660968,0.625,2,135,24.704063500044867,24.702625792007893,0,1,1789192822.163007,0.2222222238779068,5,0.12294745445251465,-12.22470474243164
3.858082985971123,24.779267042002175,0.0,0.0,0.974873960018158,,0.002198499976657331,309,28253,-0.0002629375958349556,0.05715860426425934,0.0030090368818491697,0.8033464550971985,0.0017832925077527761,0.625,2,136,24.779256709036417,24.77760766702704,0,1,1789192822.238199,0.0,4,0.10678613185882568,-12.873022079467773
4.56962501630187,24.859441125008743,0.0,0.0,0.9759159088134766,,0.0031916670268401504,310,28302,-0.0005718952161259949,0.057189758867025375,0.003022553864866495,0.8033143281936646,0.0014667122159153223,0.625,2,137,24.85942979203537,24.858063209045213,0,1,1789192822.3183732,0.0,4,0.10085765272378922,-13.338494300842285
8.2414589705877,24.942295042041223,0.0,0.0,0.914900541305542,,0.0073411669582128525,311,28402,-0.0012800407130271196,0.057243462651968,0.0030454774387180805,0.8032518029212952,0.002409338718280196,0.625,2,138,24.942281374998856,24.941394791996572,0,1,1789192822.401226,0.0,4,0.08661136031150818,-14.18177604675293
14.659332984592766,25.028664709010627,0.0,0.0,0.8309852480888367,,0.01354587497189641,312,28501,-0.0019500521011650562,0.05730772763490677,0.003068808000534773,0.8031786680221558,0.002707615727558732,0.625,2,139,25.02865420904709,25.027551334002055,0,1,1789192822.4876,0.0,4,0.09706488251686096,-15.154765129089355
11.632082983851433,25.105139666993637,0.0,0.0,0.8340280055999756,,0.010290583013556898,313,28551,-0.0022039487957954407,0.057333607226610184,0.003077366389334202,0.8031514286994934,0.0030513338278979063,0.625,2,140,25.1051158340415,25.10379850002937,0,1,1789192822.564065,0.0,4,0.09210225939750671,-15.337546348571777
2.462124975863844,25.175959584012162,0.0,0.0,0.8560722470283508,,0.0014099580002948642,314,28652,0.0018156252335757017,0.05739326775074005,0.003092976985499263,0.8030943274497986,0.0038761026225984097,0.625,2,141,25.175947667041328,25.174907500040717,0,1,1789192822.6348958,0.0,4,0.08847390115261078,-15.504800796508789
6.61495904205367,25.258855209045578,0.0,0.0,0.8080905079841614,,0.005304749996867031,315,28701,0.0018796517979353666,0.05742647498846054,0.0030995840206742287,0.8030679821968079,0.004259808454662561,0.625,2,142,25.25882950000232,25.257545250002295,0,1,1789192822.717781,0.0,4,0.10306083410978317,-15.48462963104248
26.46149997599423,25.358400500030257,0.0,0.0,0.8722447752952576,,0.025581291993148625,316,28802,0.0019080841448158026,0.0574827566742897,0.0031073237769305706,0.8030223846435547,0.0033193037379533052,0.625,2,143,25.35838995903032,25.35752041701926,0,1,1789192822.81734,0.0,4,0.08448787033557892,-15.422076225280762
23.69475003797561,25.435260500002187,0.0,-13.333333432674408,0.9547497630119324,,0.02232129202457145,317,28902,0.0013667099410668015,0.05753304809331894,0.003110756864771247,0.8029809594154358,-0.0016130765434354544,0.625,2,144,25.43525000003865,25.43388716701884,0,1,1789192822.894202,0.2222222238779068,5,0.11865466088056564,-15.329120635986328
2.9756249859929085,25.494023584004026,0.0,0.0,0.9564793705940247,,0.0014402499655261636,318,28952,-0.0009330750326626003,0.057560406625270844,0.0031127443071454763,0.8029584884643555,-0.00160607707221061,0.625,2,145,25.493983416992705,25.49248858401552,0,1,1789192822.952938,0.0,4,0.10959799587726593,-15.312692642211914
4.45504195522517,25.57476200000383,0.0,-13.333333432674408,0.9455188512802124,,0.003009666979778558,319,29053,-0.0009304474224336445,0.05761396512389183,0.0031148081179708242,0.8029186725616455,-0.0016077675390988588,0.625,2,146,25.574752084037755,25.573316709022038,0,1,1789192823.033706,0.2222222238779068,5,0.12420891970396042,-15.416630744934082
17.256708990316838,25.667212833999656,0.0,-13.333333432674408,0.9482795596122742,,0.016173499985598028,320,29103,-0.0009260725928470492,0.05764403194189072,0.0031144842505455017,0.8028975129127502,-0.0016102914232760668,0.625,2,147,25.667201875010505,25.666129750024993,0,1,1789192823.126157,0.2222222238779068,5,0.12777459621429443,-15.572410583496094
20.33500000834465,25.748931084002834,0.0,0.0,0.9615009427070618,,0.01937145896954462,321,29202,-0.000998995266854763,0.057697176933288574,0.003110188990831375,0.8028510212898254,-0.0012337093940004706,0.625,2,148,25.74892045900924,25.747967584000435,0,1,1789192823.2078772,0.0,4,0.10847781598567963,-15.92912769317627
8.236332971137017,25.816449750040192,0.0,-13.333333432674408,0.9629858136177063,,0.007343165983911604,322,29251,-0.0010268992045894265,0.05772075802087784,0.0031066290102899075,0.8028256297111511,-0.00041328094084747136,0.625,2,149,25.81643800000893,25.81555662502069,0,1,1789192823.2753952,0.2222222238779068,5,0.12351958453655243,-16.048877716064453
6.892875011544675,25.89512816700153,0.0,0.0,0.960390567779541,,0.005859124998096377,323,29351,0.0013518895721063018,0.05777507275342941,0.0030934002716094255,0.8027839064598083,0.001189064234495163,0.625,2,150,25.8951165000326,25.894094459014013,0,1,1789192823.354075,0.0,4,0.10442892462015152,-16.56063461303711
14.692208031192422,25.982144750014413,0.0,0.0,0.9398452043533325,,0.013837457983754575,324,29451,0.0018193102441728115,0.057826485484838486,0.0030722590163350105,0.8027500510215759,0.0009555980213917792,0.625,2,151,25.98213629203383,25.981290041992906,0,1,1789192823.4410958,0.0,4,0.08488558977842331,-17.21001625061035
16.5580419707112,26.062930417014286,0.0,-13.333333432674408,0.8837549090385437,,0.015666708000935614,325,29502,0.0022727760951966047,0.057844992727041245,0.0030614957213401794,0.8027279376983643,-0.0023008992429822683,0.625,2,152,26.062921125034336,26.06203925004229,0,1,1789192823.521882,0.2222222238779068,5,0.12083945423364639,-17.38597297668457
19.517290988005698,26.14490645902697,0.0,-13.333333432674408,0.9130634665489197,,0.018635832995641977,326,29602,0.003175353165715933,0.05788826569914818,0.003036821261048317,0.8026745915412903,-0.005209697410464287,0.625,2,153,26.144896334037185,26.1440250420128,0,1,1789192823.603858,0.2222222238779068,5,0.1241019144654274,-17.9112606048584
9.226375026628375,26.21436416701181,0.0,-13.333333432674408,0.9283196330070496,,0.008389666036237031,327,29651,0.002611263422295451,0.05791154131293297,0.0030239750631153584,0.8026482462882996,-0.004418644588440657,0.625,2,154,26.214350209047552,26.21352750004735,0,1,1789192823.6733131,0.2222222238779068,5,0.12594901025295258,-18.144912719726562
10.108334012329578,26.29445400001714,0.0,-13.333333432674408,0.940220832824707,,0.00880954205058515,328,29752,-0.002077538752928376,0.05794944241642952,0.002998470328748226,0.8026209473609924,-0.003203044645488262,0.625,2,155,26.2944432090153,26.29315529204905,0,1,1789192823.753407,0.2222222238779068,5,0.12564842402935028,-18.521547317504883
4.709874978289008,26.36910358403111,0.2,-13.333333432674408,0.8916817903518677,,0.0032900410005822778,329,29802,-0.0018436572281643748,0.05796710401773453,0.0029846015386283398,0.802608847618103,-0.002447129925712943,0.375,1,156,26.369093542045448,26.36768387502525,0,1,1789192823.828059,0.2222222238779068,5,0.12887835502624512,-18.68531608581543
2.4241249775514007,26.446544625039678,0.0,0.0,0.8683472871780396,,0.0014753330033272505,330,29902,-0.16183064877986908,0.05800744146108627,0.002949313959106803,0.8025637865066528,-0.004326029680669308,0.625,2,157,26.446533209003974,26.445595875033177,0,1,1789192823.9055,0.0,4,0.09908755123615265,-19.194456100463867
23.47579097840935,26.547367584018502,0.0,0.0,0.8687210083007812,,0.02192358300089836,331,30001,-2.7413923740386963,0.058361735194921494,0.0028411552775651217,0.8024938702583313,-0.03836910426616669,0.625,2,158,26.54734345903853,26.54581566702109,0,1,1789192824.006314,0.0,4,0.08827640116214752,-19.777029037475586
25.77087498502806,26.62879095901735,0.0,0.0,0.9326375126838684,,0.024922374985180795,332,30101,0.3709380626678467,0.06104466691613197,0.001996805192902684,0.8022756576538086,-0.08227027952671051,0.625,2,159,26.62877983401995,26.627942499995697,0,1,1789192824.087749,0.0,4,0.06954019516706467,-20.70637321472168
21.036624966654927,26.703588625008706,0.0,0.0,0.9407559633255005,,0.019609207985922694,333,30152,1.5485109090805054,0.06164586544036865,0.0017500619869679213,0.8021966814994812,0.011648304760456085,0.625,2,160,26.703579334018286,26.70216129202163,0,1,1789192824.162549,0.0,4,0.05139796435832977,-20.98122787475586
12.09670800017193,26.773994125018362,0.0,0.0,0.9084840416908264,,0.010500082978978753,334,30252,-0.24446161091327667,0.06191977113485336,0.0015544513007625937,0.802009105682373,0.1263076364994049,0.625,2,161,26.773970625014044,26.772397792025004,0,1,1789192824.232944,0.0,4,0.04947226494550705,-21.54900360107422
11.17016701027751,26.853085625043605,0.0,0.0,0.8712707757949829,,0.010294916981365532,335,30301,-0.5371876358985901,0.06190884858369827,0.001485452870838344,0.8019541501998901,0.020112715661525726,0.625,2,162,26.853072958998382,26.852210459008347,0,1,1789192824.312046,0.0,4,0.05364866927266121,-21.654521942138672
2.217792032752186,26.923647542018443,0.0,0.0,0.9212876558303833,,0.0014441250241361558,336,30401,0.8752943873405457,0.06259719282388687,0.0011186389019712806,0.8018718957901001,-0.05047525465488434,0.625,2,163,26.923638459003996,26.92287391703576,0,1,1789192824.382611,0.0,4,0.03946780413389206,-21.80109214782715
8.215042005758733,27.009443667018786,0.0,0.0,0.9348395466804504,,0.007423541974276304,337,30451,0.6431906223297119,0.06286763399839401,0.0009896208066493273,0.8018322587013245,0.004343407694250345,0.625,2,164,27.009429417026695,27.008652209013235,0,1,1789192824.468404,0.0,4,0.05109050124883652,-21.790191650390625
8.662542037200183,27.089590792020317,0.0,0.0,0.9469388127326965,,0.00774670799728483,338,30552,-0.379638135433197,0.06341484934091568,0.0007809675298631191,0.8017562031745911,-0.008374280296266079,0.625,2,165,27.089579959050752,27.088675000006333,0,1,1789192824.548555,0.0,4,0.04738936945796013,-21.748369216918945
14.795917028095573,27.17544041702058,0.0,0.0,0.9720715284347534,,0.013119667011778802,339,30651,0.3728950619697571,0.06454282253980637,0.0003630825667642057,0.801694929599762,-0.0465717539191246,0.625,2,166,27.17542454204522,27.173764209030196,0,1,1789192824.634402,0.0,4,0.046663813292980194,-21.68996238708496
21.045958041213453,27.26147912500892,0.0,0.0,0.9728686809539795,,0.02004141703946516,340,30701,0.3945293128490448,0.06509818881750107,0.00015615083975717425,0.8016700148582458,-0.018949616700410843,0.625,2,167,27.26146620902,27.260474709037226,0,1,1789192824.720444,0.0,4,0.057810716331005096,-21.694957733154297
2.6272080140188336,27.322317709040362,0.0,0.0,0.9639331698417664,,0.0018168750102631748,341,30801,-0.07762616127729416,0.06594692170619965,-0.00016040597984101623,0.8016605973243713,0.008956297300755978,0.625,2,168,27.322307875030674,27.32150745904073,0,1,1789192824.781287,0.0,4,0.059198204427957535,-21.7879581451416
2.3051659809425473,27.401954917004332,0.0,0.0,0.9699291586875916,,0.0014234579866752028,342,30851,0.06375735998153687,0.06645526736974716,-0.00036032850039191544,0.8016679883003235,-0.01137330662459135,0.625,2,169,27.40194337500725,27.40107329201419,0,1,1789192824.860924,0.0,4,0.06136535480618477,-21.870508193969727
28.895292023662478,27.508668042020872,0.0,0.0,0.9584316611289978,,0.027684666973073035,343,30951,0.2998027205467224,0.06742884963750839,-0.0007535390323027968,0.8017141819000244,-0.010737353004515171,0.625,2,170,27.508655500016175,27.507457458996214,0,1,1789192824.967637,0.0,4,0.06046634167432785,-22.010007858276367
9.151667007245123,27.56835208402481,0.0,0.0,0.9589704275131226,,0.007881709025241435,344,31001,0.1582229882478714,0.06775204092264175,-0.0008806983823888004,0.8017365336418152,0.005981422960758209,0.625,2,171,27.568341750011314,27.56708220904693,0,1,1789192825.027324,0.0,4,0.06762195378541946,-22.017715454101562
18.24612502241507,27.657114709028974,0.0,0.0,0.9580018520355225,,0.017346042033750564,345,31102,0.07566937059164047,0.06860053539276123,-0.0012158649042248726,0.8018010854721069,-0.0028206936549395323,0.625,2,172,27.65710420900723,27.656214709044434,0,1,1789192825.1160882,0.0,4,0.06617282330989838,-22.0616512298584
22.70849997876212,27.74123216699809,0.0,0.0,0.9686616659164429,,0.02187537495046854,346,31201,0.22265154123306274,0.06941424310207367,-0.0015362000558525324,0.8018651604652405,-0.016442453488707542,0.625,2,173,27.74122200004058,27.740399083995726,0,1,1789192825.200207,0.0,4,0.06607960164546967,-22.045881271362305
19.974750000983477,27.81813933403464,0.0,0.0,0.9313156604766846,,0.019136832968797535,347,31251,0.17218254506587982,0.06977423280477524,-0.001670537400059402,0.8018937706947327,-0.009780455380678177,0.625,2,174,27.81812891701702,27.81730150000658,0,1,1789192825.2771149,0.0,4,0.07802287489175797,-22.022939682006836
15.622583974618465,27.89335991704138,0.0,0.0,0.9148020148277283,,0.014712583972141147,348,31352,0.08217142522335052,0.07053940743207932,-0.0019523306982591748,0.8019604682922363,0.0007808802183717489,0.625,2,175,27.8933486250462,27.892449959006626,0,1,1789192825.352336,0.0,4,0.0835704505443573,-21.951017379760742
17.048624984454364,27.97441850003088,0.0,0.0,0.9451680183410645,,0.0162408750038594,349,31451,0.1726434975862503,0.07137572765350342,-0.0022669220343232155,0.8020226955413818,-0.010989240370690823,0.625,2,176,27.974408209032845,27.973610917048063,0,1,1789192825.433397,0.0,4,0.0886424332857132,-21.893613815307617
20.413083024322987,28.05771529203048,0.0,0.0,0.9313861131668091,,0.019369999994523823,350,31501,0.15621793270111084,0.07172422111034393,-0.0023939909879118204,0.8020492196083069,-0.011562144383788109,0.625,2,177,28.0577039589989,28.056672292004805,0,1,1789192825.516694,0.0,4,0.09036588668823242,-21.887670516967773
19.58583400119096,28.136704209027812,0.0,0.0,0.9200776219367981,,0.01819841703400016,351,31602,0.09916774928569794,0.07248053699731827,-0.002664505736902356,0.802110493183136,-0.00028468770324252546,0.625,2,178,28.136695375025738,28.13531691703247,0,1,1789192825.595686,0.0,4,0.09437387436628342,-21.908241271972656
9.761332999914885,28.206607834028546,0.0,0.0,0.9092609882354736,,0.008919874962884933,352,31651,0.1160561591386795,0.07281778752803802,-0.002784416312351823,0.8021365404129028,0.0012288214638829231,0.625,2,179,28.20659662503749,28.20576645899564,0,1,1789192825.665588,0.0,4,0.09688597917556763,-21.92786979675293
7.053999986965209,28.283150458999444,0.0,0.0,0.8920096755027771,,0.006205542013049126,353,31751,0.14072129130363464,0.07359731942415237,-0.0030695514287799597,0.8021910786628723,-0.004619430284947157,0.625,2,180,28.28314091701759,28.282302084029652,0,1,1789192825.742134,0.0,4,0.10309254378080368,-21.985885620117188
12.360625027213246,28.36784716701368,0.0,0.0,0.9255713820457458,,0.010874082974623889,354,31802,0.11938479542732239,0.0739603042602539,-0.0032002946827560663,0.802213191986084,-0.006214013323187828,0.625,2,181,28.367823375039734,28.36636099999305,0,1,1789192825.8268201,0.0,4,0.0998760312795639,-22.007143020629883
14.409750001505017,28.449443167017307,0.0,0.0,0.9344510436058044,,0.013513709011022002,355,31902,0.10920096188783646,0.07465815544128418,-0.0034434194676578045,0.8022454977035522,-0.0035349642857909203,0.625,2,182,28.44943208404584,28.44854720903095,0,1,1789192825.908427,0.0,4,0.10418283194303513,-22.018497467041016
21.85395802371204,28.536302542022895,0.0,0.0,0.9413740634918213,,0.02060645801248029,356,32001,0.12666910886764526,0.07534172385931015,-0.003679760033264756,0.8022611737251282,-0.000600722967647016,0.625,2,183,28.536289959040005,28.535055125015788,0,1,1789192825.995287,0.0,4,0.0953122153878212,-21.991008758544922
21.723249985370785,28.615636875038035,0.0,0.0,0.9465229511260986,,0.02042233297834173,357,32052,0.12297453731298447,0.07571187615394592,-0.0038076385390013456,0.802262008190155,-0.0006504330085590482,0.625,2,184,28.61562654201407,28.61433599999873,0,1,1789192826.074624,0.0,4,0.09802106022834778,-21.968338012695312
20.900750008877367,28.69458420900628,0.0,0.0,0.9440453052520752,,0.01985350000904873,358,32151,0.10823921114206314,0.07635047286748886,-0.004028240218758583,0.802250325679779,-0.001869437750428915,0.625,2,185,28.694573959044646,28.693537042010576,0,1,1789192826.153573,0.0,4,0.10228165984153748,-21.923439025878906
29.980708030052483,28.782886750006583,0.0,0.0,0.9002937078475952,,0.028972125030122697,359,32251,0.11525388807058334,0.07706645131111145,-0.004273188300430775,0.8022170662879944,-0.0024777778889983892,0.625,2,186,28.78287725005066,28.781878209032584,0,1,1789192826.241877,0.0,4,0.10560595244169235,-21.88750457763672
11.084125027991831,28.84376404201612,0.0,0.0,0.9511277079582214,,0.009747000003699213,360,32302,0.11809739470481873,0.07743046432733536,-0.004395582247525454,0.8021929264068604,-0.002489436184987426,0.625,2,187,28.843747250037268,28.842426959017757,0,1,1789192826.302748,0.0,4,0.09940262138843536,-21.881790161132812
9.255042008589953,28.921308834047522,0.0,0.0,0.9241535067558289,,0.008405333035625517,361,32352,0.11705467104911804,0.07774578779935837,-0.004499800503253937,0.8021693229675293,-0.002488986123353243,0.625,2,188,28.921299542009365,28.920459250046406,0,1,1789192826.3803022,0.0,4,0.11050799489021301,-21.88201141357422
10.387209011241794,29.001939875015523,0.0,0.0,0.9289578199386597,,0.009104209020733833,362,32452,0.1069011464715004,0.07844498753547668,-0.004727611783891916,0.8021035194396973,-0.002456683898344636,0.625,2,189,29.001928417012095,29.00065695901867,0,1,1789192826.460932,0.0,4,0.10810327529907227,-21.89881706237793
5.406250013038516,29.076849334000144,0.0,0.0,0.9289044141769409,,0.004393500043079257,363,32552,0.10908247530460358,0.07907725125551224,-0.004927664063870907,0.8020392656326294,0.0017173776868730783,0.625,2,190,29.07683920901036,29.075836750038434,0,1,1789192826.535844,0.0,4,0.10898023098707199,-21.921749114990234
10.211875021923333,29.161355875025038,0.0,-13.333333432674408,0.9376192092895508,,0.00881008303258568,364,32601,0.11146572977304459,0.0794261023402214,-0.005037152674049139,0.8020032048225403,0.002491182181984186,0.625,2,191,29.16133091703523,29.15995425003348,0,1,1789192826.620339,0.2222222238779068,5,0.1176408976316452,-21.931203842163086
9.597082971595228,29.240443500049878,0.0,0.0,0.9437828660011292,,0.008768832951318473,365,32701,0.11011563986539841,0.08007761090993881,-0.00524098938331008,0.8019490242004395,0.0024997226428240538,0.625,2,192,29.24043420900125,29.239615291997325,0,1,1789192826.699441,0.0,4,0.1070556715130806,-21.935596466064453
9.618583018891513,29.320114292029757,0.0,0.0,0.9347739219665527,,0.00881083298008889,366,32752,0.10712575912475586,0.08039584010839462,-0.005340174771845341,0.8019247055053711,0.002503113355487585,0.625,2,193,29.320102584024426,29.31930662499508,0,1,1789192826.77911,0.0,4,0.10636454820632935,-21.937400817871094
7.205582980532199,29.39615558402147,0.0,-13.333333432674408,0.9405434131622314,,0.00585862499428913,367,32851,0.10509688407182693,0.08109412342309952,-0.005555030889809132,0.8018572926521301,0.0026529207825660706,0.625,2,194,29.396143667050637,29.394808792043477,0,1,1789192826.8551528,0.2222222238779068,5,0.1102866604924202,-22.018980026245117
20.919542002957314,29.489284834009595,0.0,0.0,0.9553486704826355,,0.019754417007789016,368,32952,0.10707517713308334,0.08177340030670166,-0.005760903935879469,0.8017815351486206,0.0037401358131319284,0.625,2,195,29.48927325004479,29.48811979201855,0,1,1789192826.948284,0.0,4,0.09104373306035995,-22.220233917236328
3.463916014879942,29.55072141700657,0.0,0.0,0.9399718642234802,,0.002055291028227657,369,33002,0.10899166017770767,0.08213173598051071,-0.005865353625267744,0.801751434803009,0.004366317763924599,0.625,2,196,29.55071158404462,29.549312875024043,0,1,1789192827.009723,0.0,4,0.0927208736538887,-22.376205444335938
5.867999978363514,29.632652625034098,0.0,0.0,0.9247056841850281,,0.0045917079551145434,370,33102,0.10226450115442276,0.0827849879860878,-0.006052251439541578,0.801699697971344,0.006416928023099899,0.625,2,197,29.632641667034477,29.631376417004503,0,1,1789192827.0916538,0.0,4,0.08921845257282257,-22.719165802001953
3.7708330200985074,29.710404459037818,0.0,0.0,0.9504126310348511,,0.002916000026743859,371,33152,0.09253832697868347,0.08307874947786331,-0.006130611058324575,0.8016753196716309,0.007884176447987556,0.625,2,198,29.710393792018294,29.709549709048588,0,1,1789192827.169407,0.0,4,0.0784236490726471,-22.792268753051758
30.167292046826333,29.816438709036447,0.0,0.0,0.9594717621803284,,0.02874304202850908,372,33252,0.09186240285634995,0.08374875038862228,-0.00630651880055666,0.8016080856323242,0.009312152862548828,0.625,2,199,29.816385417012498,29.815014792024158,0,1,1789192827.275402,0.0,4,0.06956557184457779,-23.11903190612793
18.30187498126179,29.8836141670472,0.0,0.0,0.9523680210113525,,0.017518957960419357,373,33352,0.09304293990135193,0.08438514173030853,-0.006461453624069691,0.8015457391738892,0.009788795374333858,0.625,2,200,29.883602625050116,29.88283129199408,0,1,1789192827.342619,0.0,4,0.06582453101873398,-23.331146240234375
30.39487503701821,29.9751537090051,0.0,0.0,0.9685215353965759,,0.028894000046420842,374,33401,0.09290334582328796,0.08467920124530792,-0.0065259989351034164,0.8015220165252686,0.00978934671729803,0.625,2,201,29.9751278340118,29.97365304204868,0,1,1789192827.434148,0.0,4,0.06710348278284073,-23.39222526550293
3.8178330287337303,30.028094917011913,0.0,0.0,0.9744824171066284,,0.0023405830143019557,375,33452,0.0933273434638977,0.08501090109348297,-0.006596124731004238,0.8014962673187256,0.009577889926731586,0.625,2,202,30.028068875020836,30.02661787503166,0,1,1789192827.487089,0.0,4,0.058311305940151215,-23.41550636291504
3.6130829830653965,30.106902291998267,0.0,0.0,0.9698789119720459,,0.002625333028845489,376,33551,0.09645884484052658,0.08558245748281479,-0.006701911333948374,0.8014509677886963,0.013871120288968086,0.625,2,203,30.10689070902299,30.10591462504817,0,1,1789192827.56591,0.0,4,0.06156010180711746,-23.415477752685547
7.970458013005555,30.19049916701624,0.0,0.0,0.9730647206306458,,0.006976875010877848,377,33651,0.0985974669456482,0.08614561706781387,-0.0067929369397461414,0.8014072179794312,0.018570872023701668,0.625,2,204,30.190486834035255,30.18950570904417,0,1,1789192827.649508,0.0,4,0.06150980293750763,-23.3655948638916
11.157625005580485,30.273148584004957,0.0,0.0,0.9769091010093689,,0.010252917010802776,378,33701,0.09678613394498825,0.08644548803567886,-0.006837155669927597,0.8013854622840881,0.01850302331149578,0.625,2,205,30.273136125004385,30.27224391704658,0,1,1789192827.732158,0.0,4,0.053726159036159515,-23.32598304748535
5.779333005193621,30.347397750010714,0.0,0.0,0.9741216897964478,,0.004393999988678843,379,33802,0.0861385390162468,0.08697216212749481,-0.006903260014951229,0.8013454079627991,0.018432319164276123,0.625,2,206,30.347375084005762,30.346012666996103,0,1,1789192827.8064,0.0,4,0.05491846427321434,-23.28192901611328
19.780709000770003,30.440653792000376,0.0,0.0,0.9658655524253845,,0.018930791993625462,380,33903,0.0839889720082283,0.08746664971113205,-0.00695208040997386,0.8013104200363159,0.017231719568371773,0.625,2,207,30.440641375025734,30.439803917019162,0,1,1789192827.8996658,0.0,4,0.05639956146478653,-23.29237174987793
13.32833303604275,30.513446750002913,0.0,0.0,0.9689459800720215,,0.011677583039272577,381,33951,0.08096489310264587,0.08772500604391098,-0.006971805822104216,0.8012929558753967,0.017270172014832497,0.625,2,208,30.513430875027552,30.5117961250362,0,1,1789192827.972456,0.0,4,0.05890101194381714,-23.319114685058594
18.953583028633147,30.598925333993975,0.0,0.0,0.9674533605575562,,0.017893542011734098,382,34052,0.07687407732009888,0.0881861075758934,-0.006997993215918541,0.8012633323669434,0.02219441719353199,0.625,2,209,30.598914959002286,30.597865334013477,0,1,1789192828.057941,0.0,4,0.04092318192124367,-23.388755798339844
23.35387497441843,30.682986917032395,0.0,0.0,0.9352659583091736,,0.022439332969952375,383,34152,0.07324709743261337,0.08870304375886917,-0.007019273936748505,0.8012345433235168,0.025249764323234558,0.625,2,210,30.68297750002239,30.682072416995652,0,1,1789192828.142005,0.0,4,0.05041433498263359,-23.45956802368164
18.489667039830238,30.757509000017308,0.0,0.0,0.921522855758667,,0.017655500036198646,384,34201,0.07164917141199112,0.08894630521535873,-0.0070266625843942165,0.8012210726737976,0.02526705712080002,0.625,2,211,30.75749666703632,30.756674875039607,0,1,1789192828.216525,0.0,4,0.05194966122508049,-23.473146438598633
13.303792045917362,30.831739209010266,0.0,0.0,0.9073432683944702,,0.011728792043868452,385,34301,0.07006552070379257,0.08938267827033997,-0.007033936213701963,0.8011981248855591,0.02333780564367771,0.625,2,212,30.831728750024922,30.830164334038273,0,1,1789192828.2907588,0.0,4,0.05344625189900398,-23.4591121673584
17.69645803142339,30.915497125010006,0.0,0.0,0.9102718234062195,,0.016206375032197684,386,34352,0.0692070722579956,0.08962979167699814,-0.007033620495349169,0.8011850118637085,0.02331114374101162,0.625,2,213,30.91548370901728,30.914007167040836,0,1,1789192828.374515,0.0,4,0.044415391981601715,-23.43726348876953
19.080250000115484,30.99507333402289,0.0,0.0,0.9326476454734802,,0.01821004197699949,387,34452,0.06765569001436234,0.0901038721203804,-0.007026901934295893,0.8011654615402222,0.02323709987103939,0.625,2,214,30.99506200000178,30.994203292008024,0,1,1789192828.4540942,0.0,4,0.05924265459179878,-23.37557029724121
15.028792025987059,31.07067091704812,0.0,0.0,0.9292436838150024,,0.01349004200892523,388,34515,0.06692145764827728,0.09040360897779465,-0.007016812451183796,0.8011505007743835,0.024176647886633873,0.625,2,215,31.07064720900962,31.06913241703296,0,1,1789192828.5296829,0.0,4,0.05067753046751022,-23.332786560058594
13.26958299614489,31.147620834002737,0.0,0.0,0.9462248682975769,,0.011781790992245078,389,34602,0.06693048775196075,0.09077666699886322,-0.0070014637894928455,0.8011333346366882,0.027137238532304764,0.625,2,216,31.14760958403349,31.146133250033017,0,1,1789192828.606644,0.0,4,0.05056394636631012,-23.312763214111328
8.361625019460917,31.221871834015474,0.0,0.0,0.9408429265022278,,0.007324874983169138,390,34652,0.06693053990602493,0.09102073311805725,-0.006991818081587553,0.8011253476142883,0.02713710442185402,0.625,2,217,31.22185975004686,31.220835209009238,0,1,1789192828.680895,0.0,4,0.0566810667514801,-23.312686920166016
17.352791037410498,31.31074783403892,0.0,0.0,0.9040234684944153,,0.016478208010084927,391,34753,0.06691759079694748,0.09149662405252457,-0.006971438881009817,0.8011074662208557,0.02836824208498001,0.625,2,218,31.31073412502883,31.309873417019844,0,1,1789192828.769771,0.0,4,0.05366555228829384,-23.339298248291016
8.306375006213784,31.381226500030607,0.0,0.0,0.8691934943199158,,0.0073339579976163805,392,34803,0.0669083297252655,0.09171074628829956,-0.006962358485907316,0.8010988831520081,0.028390061110258102,0.625,2,219,31.381215083994903,31.380254167015664,0,1,1789192828.8402529,0.0,4,0.052509333938360214,-23.35797882080078
16.448832990135998,31.46920891699847,0.0,0.0,0.8217266201972961,,0.015254124999046326,393,34901,0.06689082831144333,0.09217871725559235,-0.00694575859233737,0.8010819554328918,0.02843129076063633,0.625,2,220,31.469198250037152,31.468014292011503,0,1,1789192828.928237,0.0,4,0.05539092421531677,-23.393293380737305
24.91308399476111,31.557151125045493,0.0,0.0,0.8031416535377502,,0.024116499989759177,394,35001,0.06688632071018219,0.09259660542011261,-0.006934352684766054,0.8010573983192444,0.028441866859793663,0.625,2,221,31.557140084041748,31.556354625034146,0,1,1789192829.01618,0.0,4,0.05943453684449196,-23.40235137939453
3.28008399810642,31.61464079201687,0.0,0.0,0.7574599385261536,,0.0017102499841712415,395,35052,0.06688840687274933,0.09285643696784973,-0.006930849980562925,0.8010485768318176,0.028436997905373573,0.625,2,222,31.61462929204572,31.613071000028867,0,1,1789192829.0736709,0.0,4,0.05670662596821785,-23.39818000793457
6.866500014439225,31.697719042014796,0.0,0.0,0.7040623426437378,,0.005599708005320281,396,35151,0.06690290570259094,0.09334415942430496,-0.006930014584213495,0.8010375499725342,0.026113275438547134,0.625,2,223,31.697708958992735,31.69645229203161,0,1,1789192829.1567519,0.0,4,0.06621130555868149,-23.3684139251709
21.71029197052121,31.791734167025425,0.0,0.0,0.7798952460289001,,0.02059912501135841,397,35252,0.0715002566576004,0.09383007138967514,-0.0069343517534434795,0.8010303974151611,0.023580381646752357,0.625,2,224,31.791724125039764,31.790623042033985,0,1,1789192829.250768,0.0,4,0.06674148887395859,-23.330698013305664
24.838124983944,31.87428579200059,0.0,0.0,0.8210721611976624,,0.02350141596980393,398,35301,0.07316228002309799,0.09405776858329773,-0.006934542674571276,0.8010229468345642,0.023563096299767494,0.625,2,225,31.874275125039276,31.872949125012383,0,1,1789192829.33332,0.0,4,0.07487804442644119,-23.31705093383789
2.6403749943710864,31.931552792026196,0.0,0.0,0.8627407550811768,,0.0014410410076379776,399,35401,0.07316925376653671,0.09450638294219971,-0.006939730606973171,0.8010047674179077,0.02515232190489769,0.625,2,226,31.93154066702118,31.930353500007186,0,1,1789192829.3905869,0.0,4,0.06708797812461853,-23.30205726623535
12.866542034316808,32.02145087503595,0.0,0.0,0.899192750453949,,0.011586167034693062,400,35451,0.07316961884498596,0.09479012340307236,-0.006946154870092869,0.8009957671165466,0.026001470163464546,0.625,2,227,32.02144145901548,32.020170584029984,0,1,1789192829.480489,0.0,4,0.052757252007722855,-23.301210403442383
19.631958042737097,32.10701495903777,0.0,0.0,0.9209355711936951,,0.01785483304411173,401,35552,0.07316547632217407,0.09529346227645874,-0.006962556391954422,0.8009902238845825,0.02601315639913082,0.625,2,228,32.1070029590046,32.10523791704327,0,1,1789192829.5660522,0.0,4,0.046141210943460464,-23.310361862182617
29.444499989040196,32.19508516701171,0.0,0.0,0.9300869107246399,,0.02743108302820474,402,35651,0.07600872218608856,0.09579136967658997,-0.006986371241509914,0.800990104675293,0.02603747881948948,0.625,2,229,32.19506791699678,32.193071917048655,0,1,1789192829.6541178,0.0,4,0.03760380297899246,-23.328956604003906
2.213625004515052,32.24775479204254,0.0,0.0,0.9205402731895447,,0.0010002499911934137,403,35702,0.07600601762533188,0.09604857861995697,-0.006999579723924398,0.80098557472229,0.02604532428085804,0.625,2,230,32.247743709012866,32.24654162500519,0,1,1789192829.706794,0.0,4,0.034598492085933685,-23.334871292114258
6.481209013145417,32.33105512504699,0.0,0.0,0.9193629622459412,,0.005022333993110806,404,35751,0.07713325321674347,0.09628818929195404,-0.0070136720314621925,0.8009758591651917,0.023901186883449554,0.625,2,231,32.33104462502524,32.32959633402061,0,1,1789192829.7900958,0.0,4,0.041789449751377106,-23.337242126464844
9.783916000742465,32.41320137504954,0.0,0.0,0.9055722951889038,,0.007799040991812944,405,35851,0.0771341323852539,0.0967736691236496,-0.0070412373170256615,0.8009622097015381,0.021811725571751595,0.625,2,232,32.413177375041414,32.41121662501246,0,1,1789192829.872232,0.0,4,0.03352717310190201,-23.335153579711914
4.057791957166046,32.48683687503217,0.0,0.0,0.9296519160270691,,0.0029131670016795397,406,35951,0.07713937759399414,0.09722636640071869,-0.007066944148391485,0.8009651899337769,0.021793153136968613,0.625,2,233,32.48682329204166,32.485692292044405,0,1,1789192829.945877,0.0,4,0.022414999082684517,-23.32135581970215
24.3977089994587,32.586235042021144,0.0,0.0,0.9131284356117249,,0.023545124975498766,407,36052,0.07436347752809525,0.09773343801498413,-0.007097266148775816,0.8009645342826843,0.02176021970808506,0.625,2,234,32.58622412499972,32.585382500023115,0,1,1789192830.045279,0.0,4,0.02239515632390976,-23.296693801879883
21.97079104371369,32.66375854203943,0.0,0.0,0.9006708860397339,,0.02082475001225248,408,36101,0.07349035143852234,0.09798699617385864,-0.007113525178283453,0.8009549975395203,0.02174721099436283,0.625,2,235,32.66374795901356,32.662612584012095,0,1,1789192830.122804,0.0,4,0.020260190591216087,-23.286575317382812
20.004625024739653,32.74153387499973,0.0,0.0,0.9188399314880371,,0.019134667003527284,409,36201,0.07349473983049393,0.0984315276145935,-0.0071444264613091946,0.8009432554244995,0.021732334047555923,0.625,2,236,32.74152350000804,32.74066395900445,0,1,1789192830.200581,0.0,4,0.024169666692614555,-23.27497673034668
18.6318340129219,32.81934795901179,0.0,0.0,0.9251333475112915,,0.017060875019524246,410,36252,0.07349539548158646,0.09868035465478897,-0.007162859663367271,0.8009459972381592,0.021730121225118637,0.625,2,237,32.819324667041656,32.8177772500203,0,1,1789192830.278385,0.0,4,0.010831700637936592,-23.273256301879883
5.437915970105678,32.88581458403496,0.0,0.0,0.9558277130126953,,0.004395374970044941,411,36352,0.07349539548158646,0.09916946291923523,-0.0072056008502841,0.8009560704231262,0.021730121225118637,0.625,2,238,32.885804250021465,32.88477208401309,0,1,1789192830.344864,0.0,4,0.008003178052604198,-23.273256301879883
3.7895000423304737,32.96321504202206,0.0,0.0,0.9438745975494385,,0.0029172500362619758,412,36402,0.07349467277526855,0.09938438981771469,-0.007224102504551411,0.8009501099586487,0.02173258364200592,0.625,2,239,32.96320283401292,32.96234283404192,0,1,1789192830.422264,0.0,4,0.010675976052880287,-23.275175094604492
2.7644580113701522,33.0420272090123,0.0,0.0,0.9464626312255859,,0.0017409580177627504,413,36504,0.07349228858947754,0.09988687187433243,-0.0072756619192659855,0.8009328842163086,0.018171513453125954,0.625,2,240,33.04201704199659,33.041003875026945,0,1,1789192830.501079,0.0,4,-0.007134332787245512,-23.281761169433594
23.78720894921571,33.14237191702705,0.0,0.0,0.9441601634025574,,0.022870541957672685,414,36601,0.0734918937087059,0.10033567249774933,-0.007323351688683033,0.8009351491928101,0.016184110194444656,0.625,2,241,33.142362000013236,33.14145529200323,0,1,1789192830.601425,0.0,4,-0.014409227296710014,-23.283042907714844
17.294334014877677,33.214965916995425,0.0,0.0,0.902938187122345,,0.016419666993897408,415,36652,0.0734918937087059,0.10055528581142426,-0.007344893179833889,0.8009393215179443,0.016184110194444656,0.625,2,242,33.214954791998025,33.214091292000376,0,1,1789192830.674019,0.0,4,-0.014210773631930351,-23.283042907714844
8.058375038672239,33.28526533400873,0.0,0.0,0.9132312536239624,,0.007142125046811998,416,36751,0.07453247904777527,0.10102808475494385,-0.00739735784009099,0.8009357452392578,0.018030256032943726,0.625,2,243,33.28525537502719,33.28434920904692,0,1,1789192830.744321,0.0,4,-0.04991510510444641,-23.27980613708496
3.5935420310124755,33.360479291994125,0.0,0.0,0.9230321049690247,,0.0024416670203208923,417,36801,0.07453403621912003,0.10126785933971405,-0.007424789480865002,0.8009271025657654,0.01802380383014679,0.625,2,244,33.36046774999704,33.35932754201349,0,1,1789192830.819534,0.0,4,-0.05487493798136711,-23.27484130859375
20.950250036548823,33.45738375000656,0.0,0.0,0.9185701608657837,,0.019597750040702522,418,36901,0.0745377317070961,0.10171453654766083,-0.00748003926128149,0.8009167909622192,0.018008559942245483,0.625,2,245,33.45737383404048,33.45603129203664,0,1,1789192830.9164422,0.0,4,-0.05256485939025879,-23.26312828063965
19.151666958350688,33.535217334050685,0.0,0.0,0.9240430593490601,,0.018223208957351744,419,37001,0.07454172521829605,0.10216845571994781,-0.0075425514951348305,0.8009254336357117,0.0179920457303524,0.625,2,246,33.535208750050515,33.5342889589956,0,1,1789192830.994278,0.0,4,-0.05263104662299156,-23.25043487548828
14.737334044184536,33.61068129201885,0.0,0.0,0.9337124228477478,,0.013229250034783036,420,37053,0.07454352080821991,0.10241010040044785,-0.00757758691906929,0.8009235858917236,0.017958922311663628,0.625,2,247,33.61065758403856,33.609173500037286,0,1,1789192831.06973,0.0,4,-0.06879015266895294,-23.24466323852539
8.540874987374991,33.684279667038936,0.0,13.333333432674408,0.9388949871063232,,0.00733620795654133,421,37151,0.07050003111362457,0.10282067954540253,-0.007639952469617128,0.8009082078933716,0.013385343365371227,0.625,2,248,33.68426325003384,33.68307516700588,0,1,1789192831.143334,-0.2222222238779068,3,-0.09761203080415726,-23.2398624420166
14.30049998452887,33.76926262502093,0.0,13.333333432674408,0.9567649364471436,,0.012952958990354091,422,37202,0.07045891135931015,0.10303156077861786,-0.007670889608561993,0.8009016513824463,0.013388560153543949,0.625,2,249,33.76924991700798,33.7679152089986,0,1,1789192831.228322,-0.2222222238779068,3,-0.10828632116317749,-23.2398681640625
10.199749958701432,33.845103959029075,0.0,13.333333432674408,0.9508082866668701,,0.008817957947030663,423,37301,0.07046470791101456,0.10346480458974838,-0.007738279178738594,0.8008988499641418,0.013358021154999733,0.625,2,250,33.84506575000705,33.843722374993376,0,1,1789192831.304142,-0.2222222238779068,3,-0.11441892385482788,-23.21503257751465
4.240417038090527,33.91872870904626,0.0,13.333333432674408,0.9411762356758118,,0.0029858340276405215,424,37351,0.07048089802265167,0.10368727892637253,-0.007773908320814371,0.800901472568512,0.013272284530103207,0.625,2,251,33.91871587501373,33.91747420903994,0,1,1789192831.377791,-0.2222222238779068,3,-0.10055230557918549,-23.145328521728516
29.1217080084607,34.023333500023,0.0,13.333333432674408,0.9553492069244385,,0.028260457969736308,425,37452,0.07056457549333572,0.10412650555372238,-0.007844277657568455,0.80088871717453,0.01281988900154829,0.625,2,252,34.023321000044234,34.02247229201021,0,1,1789192831.4823968,-0.2222222238779068,3,-0.12019681930541992,-22.77778434753418
2.8676249785348773,34.07689304201631,0.0,13.333333432674408,0.9692894816398621,,0.00183404196286574,426,37502,0.07064273953437805,0.10434313118457794,-0.007880034856498241,0.80087810754776,0.012382111512124538,0.625,2,253,34.076881667017005,34.075859542004764,0,1,1789192831.535959,-0.2222222238779068,3,-0.11505438387393951,-22.422521591186523
25.889874959830195,34.179782709048595,0.0,13.333333432674408,0.9577661156654358,,0.024966874974779785,427,37602,0.07143387198448181,0.104759581387043,-0.007948322221636772,0.8008610010147095,0.011273671872913837,0.625,2,254,34.179771166993305,34.17885979200946,0,1,1789192831.638849,-0.2222222238779068,3,-0.1044345274567604,-21.528409957885742
1.3932919828221202,34.23503487504786,0.0,13.333333432674408,0.9522746205329895,,0.0005174169782549143,428,37701,0.07162456214427948,0.10514777898788452,-0.008013696409761906,0.8008466958999634,0.00999076385051012,0.625,2,255,34.23502424999606,34.234159042011015,0,1,1789192831.694104,-0.2222222238779068,3,-0.12398779392242432,-20.500812530517578
17.519582994282246,34.33108320902102,0.0,0.0,0.9559233784675598,,0.016195041011087596,429,37752,0.07024066895246506,0.10538044571876526,-0.008054126054048538,0.8008360862731934,0.009154313243925571,0.625,2,256,34.3310560840182,34.329758875013795,0,1,1789192831.790139,0.0,4,-0.08303046971559525,-19.829267501831055
11.327749991323799,34.404345000046305,0.0,0.0,0.9446680545806885,,0.010443917009979486,430,37852,0.06691232323646545,0.1057874783873558,-0.00812483113259077,0.8008182048797607,0.0063292961567640305,0.625,2,257,34.40433270903304,34.40346129203681,0,1,1789192831.863414,0.0,4,-0.06064823642373085,-18.824460983276367
3.8691670051775873,34.47692087502219,0.0,0.0,0.9338434934616089,,0.002910291950684041,431,37902,0.06695618480443954,0.10598044097423553,-0.008158144541084766,0.8008080124855042,0.005847067106515169,0.625,2,258,34.476908250013366,34.475962041993625,0,1,1789192831.935991,0.0,4,-0.0443972609937191,-18.41161346435547
2.7188750100322068,34.55466520902701,0.0,0.0,0.9333541393280029,,0.001425083028152585,432,38002,0.06701409071683884,0.10639121383428574,-0.00822705402970314,0.8007947206497192,0.005141072906553745,0.625,2,259,34.55465300002834,34.55337150004925,0,1,1789192832.013737,0.0,4,-0.031613271683454514,-17.8077449798584
5.343833996448666,34.63672166701872,0.0,0.0,0.9325538277626038,,0.004389084002468735,433,38101,0.06878688186407089,0.10676170140504837,-0.008286461234092712,0.8007908463478088,0.004831170663237572,0.625,2,260,34.63671079202322,34.63576695905067,0,1,1789192832.0957959,0.0,4,-0.05432310327887535,-17.5474853515625
11.554708005860448,34.72228295903187,0.0,13.333333432674408,0.9383212327957153,,0.010711457987781614,434,38152,0.06879065185785294,0.10697947442531586,-0.008319757878780365,0.8007875680923462,0.004777183756232262,0.625,2,261,34.722273167048115,34.72143979201792,0,1,1789192832.181359,-0.2222222238779068,3,-0.09142830222845078,-17.50251579284668
11.213957972358912,34.801957667048555,0.0,13.333333432674408,0.9504696130752563,,0.009924374986439943,435,38252,0.06878504902124405,0.10738919675350189,-0.008378414437174797,0.8007618188858032,0.005759003106504679,0.625,2,262,34.801946124993265,34.80066816700855,0,1,1789192832.261034,-0.2222222238779068,3,-0.11686599254608154,-17.56739044189453
14.815207978244871,34.88534262502799,0.0,13.333333432674408,0.9608047008514404,,0.013510583026800305,436,38352,0.06489192694425583,0.10776752978563309,-0.008429677225649357,0.8007339835166931,0.008335437625646591,0.625,2,263,34.88533295900561,34.88403804204427,0,1,1789192832.3444219,-0.2222222238779068,3,-0.10957220196723938,-17.603748321533203
5.1293750293552876,34.95549975003814,0.0,13.333333432674408,0.9505673050880432,,0.004385083040688187,437,38401,0.06258302927017212,0.10793930292129517,-0.00845290720462799,0.8007303476333618,0.008266071788966656,0.625,2,264,34.95548854203662,34.95475554204313,0,1,1789192832.414578,-0.2222222238779068,3,-0.11176915466785431,-17.541122436523438
7.328500039875507,35.037436542043,0.0,13.333333432674408,0.9595705270767212,,0.006036208011209965,438,38501,0.06265490502119064,0.10829683393239975,-0.008501054719090462,0.8007253408432007,0.007790248375386,0.625,2,265,35.037413334008306,35.03614441701211,0,1,1789192832.4965062,-0.2222222238779068,3,-0.1296055167913437,-17.105785369873047
4.311750002671033,35.114318417035975,0.0,13.333333432674408,0.9645401835441589,,0.0029094580095261335,439,38551,0.06271428614854813,0.10850280523300171,-0.008528252132236958,0.8007205128669739,0.007296821102499962,0.625,2,266,35.11429204203887,35.11291641701246,0,1,1789192832.573387,-0.2222222238779068,3,-0.13938206434249878,-16.65477752685547
16.897000023163855,35.206792292010505,0.0,13.333333432674408,0.968303382396698,,0.01618787500774488,440,38652,0.06132148206233978,0.10889322310686111,-0.008578402921557426,0.8006928563117981,0.006383208092302084,0.625,2,267,35.20678070903523,35.20608329202514,0,1,1789192832.665874,-0.2222222238779068,3,-0.13323302567005157,-15.529853820800781
23.1991249602288,35.29299537499901,0.0,13.333333432674408,0.9268137812614441,,0.022411208017729223,441,38752,0.04692899063229561,0.10924315452575684,-0.008621223270893097,0.8006633520126343,0.006295172963291407,0.625,2,268,35.29298587504309,35.292207542050164,0,1,1789192832.75208,-0.2222222238779068,3,-0.13160312175750732,-14.613706588745117
2.333667012862861,35.35159725003177,0.0,13.333333432674408,0.931937575340271,,0.0013734170352108777,442,38802,0.04440164566040039,0.10943953692913055,-0.008644605986773968,0.8006481528282166,0.005882189143449068,0.625,2,269,35.35158695903374,35.350637084047776,0,1,1789192832.810682,-0.2222222238779068,3,-0.12180442363023758,-14.141761779785156
5.731667042709887,35.434600792010315,0.0,13.333333432674408,0.9389027953147888,,0.00439000001642853,443,38901,0.05180654302239418,0.10980865359306335,-0.008687472902238369,0.8006196618080139,0.004521816037595272,0.625,2,270,35.43459066702053,35.433259167009965,0,1,1789192832.893687,-0.2222222238779068,3,-0.09801791608333588,-13.310125350952148
1.675874984357506,35.51002079201862,0.0,13.333333432674408,0.9606016874313354,,0.0005046249716542661,444,38951,0.05093495175242424,0.10996541380882263,-0.008702483028173447,0.8006184697151184,0.0025270762853324413,0.625,2,271,35.510003334027715,35.50884962501004,0,1,1789192832.969101,-0.2222222238779068,3,-0.10830098390579224,-13.108343124389648
5.406041978858411,35.592699375003576,0.0,13.333333432674408,0.9648678302764893,,0.00438699999358505,445,39052,0.04906945303082466,0.11031311005353928,-0.008730683475732803,0.8006110191345215,0.0004858735774178058,0.625,2,272,35.592689875047654,35.59168041701196,0,1,1789192833.051789,-0.2222222238779068,3,-0.10255119204521179,-12.493459701538086
3.9577920106239617,35.670535667042714,0.0,0.0,0.9720343947410583,,0.0028811670490540564,446,39102,0.05237942934036255,0.11048207432031631,-0.00874048937112093,0.8006067872047424,0.0011194783728569746,0.625,2,273,35.67051929200534,35.66945908404887,0,1,1789192833.129619,0.0,4,-0.09801807254552841,-12.06833267211914
2.71762500051409,35.74878379201982,0.0,0.0,0.9625654816627502,,0.0014263340272009373,447,39202,0.0507877953350544,0.11076012998819351,-0.008751352317631245,0.8005773425102234,0.005037153605371714,0.625,2,274,35.74877208401449,35.74749258405063,0,1,1789192833.207873,0.0,4,-0.09459534287452698,-11.355259895324707
7.016499992460012,35.83195225003874,0.0,0.0,0.9756096601486206,,0.005533124960493296,448,39253,0.04815942421555519,0.1109030544757843,-0.008755230344831944,0.8005611300468445,0.005773218348622322,0.625,2,275,35.831942500022706,35.83046895900043,0,1,1789192833.2910452,0.0,4,-0.08085796236991882,-10.806305885314941
26.618874981068075,35.931021209049504,0.0,0.0,0.9830135703086853,,0.025625208974815905,449,39351,0.04586487263441086,0.11115571111440659,-0.008760090917348862,0.8005275726318359,0.003883384633809328,0.625,2,276,35.93100829201285,35.93002770899329,0,1,1789192833.390112,0.0,4,-0.041490714997053146,-9.827401161193848
25.63599997665733,36.01003329199739,0.0,0.0,0.9838516116142273,,0.024430125020444393,450,39451,0.043094951659440994,0.1113540381193161,-0.008758943527936935,0.8005064725875854,0.002168795559555292,0.625,2,277,36.01001979201101,36.0088275000453,0,1,1789192833.469125,0.0,4,-0.03807055950164795,-9.301273345947266
30.06229200400412,36.09427495900309,0.0,0.0,0.9829303622245789,,0.029007332981564105,451,39552,0.038595158606767654,0.11154894530773163,-0.00874868594110012,0.8005003333091736,0.0007834776770323515,0.625,2,278,36.09426220902242,36.0932201250107,0,1,1789192833.553368,0.0,4,-0.040916040539741516,-8.99602222442627
5.996624997351319,36.14949408400571,0.0,0.0,0.9794636964797974,,0.0050033339648507535,452,39602,0.033217329531908035,0.11163421720266342,-0.008741087280213833,0.8005004525184631,0.0035262785386294127,0.625,2,279,36.1494844169938,36.14850083400961,0,1,1789192833.608591,0.0,4,-0.04725750535726547,-9.013094902038574
16.924874973483384,36.239523209049366,0.0,0.0,0.9625702500343323,,0.016033667023293674,453,39702,0.029894616454839706,0.11177153140306473,-0.008726497180759907,0.8005045652389526,0.007385989651083946,0.625,2,280,36.23951158404816,36.23863208404509,0,1,1789192833.6986198,0.0,4,-0.06720853596925735,-8.981904029846191
12.829500017687678,36.31518508400768,0.0,0.0,0.9586405158042908,,0.0114785410114564,454,39751,0.029851945117115974,0.11183764785528183,-0.008719850331544876,0.8005081415176392,0.007360492367297411,0.625,2,281,36.31517499999609,36.313834250031505,0,1,1789192833.7742841,0.0,4,-0.08782404661178589,-8.972782135009766
11.038499942515045,36.39321587502491,0.0,0.0,0.9732656478881836,,0.009911832981742918,455,39852,0.02449752762913704,0.11194262653589249,-0.008707127533853054,0.8005214333534241,0.0045205289497971535,0.625,2,282,36.39320529199904,36.39208925003186,0,1,1789192833.852316,0.0,4,-0.09129607677459717,-8.969589233398438
14.86666698474437,36.476651625009254,0.0,13.333333432674408,0.9803030490875244,,0.014001249975990504,456,39902,0.0213251281529665,0.11199095845222473,-0.008699479512870312,0.8005303144454956,0.003661368042230606,0.625,2,283,36.47664208401693,36.475786291994154,0,1,1789192833.935754,-0.2222222238779068,3,-0.10905405133962631,-8.947868347167969
9.781582979485393,36.551211875048466,0.0,13.333333432674408,0.9782620668411255,,0.008970374998170882,457,40001,0.019810723140835762,0.11207344383001328,-0.008681416511535645,0.8005526661872864,0.003541448852047324,0.625,2,284,36.55120266700396,36.550400709034875,0,1,1789192834.010315,-0.2222222238779068,3,-0.12577423453330994,-8.875846862792969
13.089917018078268,36.633847292046994,0.0,13.333333432674408,0.980401337146759,,0.01177000004099682,458,40102,0.016456488519906998,0.11213869601488113,-0.008662350475788116,0.8005700707435608,0.003278872463852167,0.625,2,285,36.63383754203096,36.632527417037636,0,1,1789192834.092951,-0.2222222238779068,3,-0.138673797249794,-8.766256332397461
13.168041012249887,36.71349104202818,0.0,13.333333432674408,0.9727244973182678,,0.011959665978793055,459,40152,0.015231906436383724,0.11217104643583298,-0.00865128543227911,0.8005726337432861,0.003190570278093219,0.625,2,286,36.7134797089966,36.71228274999885,0,1,1789192834.172595,-0.2222222238779068,3,-0.15311701595783234,-8.61236572265625
20.245582971256226,36.79976904200157,0.0,13.333333432674408,0.9738320708274841,,0.019423666992224753,460,40251,0.012104752473533154,0.11222323030233383,-0.008628975600004196,0.8005847930908203,0.004950254689902067,0.625,2,287,36.799758709035814,36.798947209026664,0,1,1789192834.258875,-0.2222222238779068,3,-0.1600138396024704,-8.155375480651855
1.213249983265996,36.860778584028594,0.0,13.333333432674408,0.9798617362976074,,0.00022895797155797482,461,40302,0.011476299725472927,0.11224565654993057,-0.00862034223973751,0.8005979657173157,0.004869411233812571,0.625,2,288,36.86076791700907,36.85979437502101,0,1,1789192834.319885,-0.2222222238779068,3,-0.15798455476760864,-7.9628400802612305
25.643791013862938,36.965015374997165,0.0,13.333333432674408,0.9878081679344177,,0.024305458005983382,462,40401,0.009377378970384598,0.11228682100772858,-0.008603713475167751,0.8006197810173035,0.005005819723010063,0.625,2,289,36.96500391699374,36.96367716701934,0,1,1789192834.4241228,-0.2222222238779068,3,-0.15359584987163544,-7.1671528816223145
16.0597920184955,37.03487583401147,0.0,13.333333432674408,0.9920055270195007,,0.014980917039792985,463,40501,0.007663161959499121,0.11232224851846695,-0.008592227473855019,0.8006260991096497,0.005375959910452366,0.625,2,290,37.0348633750109,37.033797042036895,0,1,1789192834.493983,-0.2222222238779068,3,-0.1478765904903412,-6.176977634429932
11.320084042381495,37.10972837504232,0.0,13.333333432674408,0.9909795522689819,,0.010280084039550275,464,40551,0.006618923973292112,0.11233903467655182,-0.00858797412365675,0.800628662109375,0.0039895628578960896,0.625,2,291,37.10971725004492,37.10868845903315,0,1,1789192834.568838,-0.2222222238779068,3,-0.13261307775974274,-5.797098636627197
9.860459016636014,37.188217042014,0.0,13.333333432674408,0.9899057745933533,,0.00880879204487428,465,40651,0.0049984268844127655,0.11237329244613647,-0.008580310270190239,0.8006253242492676,-0.0007027045357972383,0.625,2,292,37.18820095900446,37.18716554204002,0,1,1789192834.647323,-0.2222222238779068,3,-0.12195829302072525,-4.67655086517334
2.396999974735081,37.26052970904857,0.0,13.333333432674408,0.9910401701927185,,0.0014328749966807663,466,40702,0.006936786696314812,0.1123901754617691,-0.008575490675866604,0.8006226420402527,-0.0006860588327981532,0.625,2,293,37.26051929203095,37.25956566701643,0,1,1789192834.7196422,-0.2222222238779068,3,-0.11272139847278595,-4.240674018859863
3.7316250381991267,37.341626542038284,0.0,0.0,0.9922422170639038,,0.002911916992161423,467,40803,0.009225324727594852,0.11241830885410309,-0.008567201904952526,0.8006129264831543,0.0017039381200447679,0.625,2,294,37.34161645901622,37.34080691699637,0,1,1789192834.8007412,0.0,4,-0.10530664026737213,-3.5206854343414307
8.442250022199005,37.4256661250256,0.0,0.0,0.9912870526313782,,0.007337791030295193,468,40852,0.008920523338019848,0.11242949217557907,-0.008564014919102192,0.8006047606468201,0.0019564484246075153,0.625,2,295,37.42565529199783,37.42456175002735,0,1,1789192834.88478,0.0,4,-0.08864495903253555,-3.1316447257995605
5.17783296527341,37.5024437920074,0.0,0.0,0.9941852688789368,,0.004384999978356063,469,40952,0.00833314098417759,0.11244898289442062,-0.008561099879443645,0.8005864024162292,0.0026205915492028,0.625,2,296,37.50243312504608,37.501651042024605,0,1,1789192834.961559,0.0,4,-0.06452375650405884,-2.366901397705078
1.4760420308448374,37.577308875042945,0.0,0.0,0.9933176040649414,,0.0005375830223783851,470,41002,0.007989396341145039,0.1124560758471489,-0.008561462163925171,0.800582230091095,0.002881396794691682,0.625,2,297,37.577292417001445,37.57637050002813,0,1,1789192835.03642,0.0,4,-0.054949402809143066,-2.0303027629852295
2.291749988216907,37.6581394590321,0.0,0.0,0.9935082197189331,,0.0014308329555206,471,41102,0.004988556727766991,0.11246967315673828,-0.00856390967965126,0.8005849123001099,-0.00147906388156116,0.625,2,298,37.658129167044535,37.65727862500353,0,1,1789192835.117258,0.0,4,-0.05296694114804268,-1.6252340078353882
19.732667016796768,37.755123709037434,0.0,0.0,0.9947435855865479,,0.018854334019124508,472,41202,0.003910386469215155,0.11248188465833664,-0.008565212599933147,0.8005839586257935,-0.0014039053348824382,0.625,2,299,37.75511454202933,37.75424545904389,0,1,1789192835.214245,0.0,4,-0.05488071218132973,-1.3740793466567993
12.568250007461756,37.826410459005274,0.0,0.0,0.9940696954727173,,0.011313750001136214,473,41252,0.003437784733250737,0.11248838901519775,-0.008565230295062065,0.8005728125572205,-0.001403520698659122,0.625,2,300,37.82640054204967,37.82515604200307,0,1,1789192835.285532,0.0,4,-0.05914686247706413,-1.3103876113891602
24.379624985158443,37.917456416995265,0.0,0.0,0.9941430687904358,,0.023191749991383404,474,41351,0.00487274257466197,0.11250004172325134,-0.008564973250031471,0.8005589842796326,-0.0014092560159042478,0.625,2,301,37.9174439170165,37.916268625005614,0,1,1789192835.376576,0.0,4,-0.08945398777723312,-1.1227904558181763
19.369041023310274,37.992186167044565,0.0,13.333333432674408,0.9922823309898376,,0.018307416001334786,475,41452,0.006518295034766197,0.1125079095363617,-0.008564610034227371,0.8005563616752625,-0.0013757506385445595,0.625,2,302,37.99217704200419,37.991124625026714,0,1,1789192835.451311,-0.2222222238779068,3,-0.1169266328215599,-1.0407804250717163
15.322208986617625,38.067685209040064,0.0,13.333333432674408,0.9921762347221375,,0.014305291988421232,476,41502,0.006497764959931374,0.11251026391983032,-0.00856452714651823,0.8005552291870117,-0.0013657634845003486,0.625,2,303,38.06767454202054,38.066668417013716,0,1,1789192835.526809,-0.2222222238779068,3,-0.11998240649700165,-0.994512140750885
8.868167002219707,38.14091779204318,0.0,13.333333432674408,0.9939702749252319,,0.007289041997864842,477,41601,0.006457681301981211,0.11251135170459747,-0.008564515970647335,0.8005540370941162,-0.0012995130382478237,0.625,2,304,38.14090875000693,38.139338792010676,0,1,1789192835.600044,-0.2222222238779068,3,-0.13701650500297546,-0.9258397817611694
6.718415999785066,38.21865316701587,0.0,13.333333432674408,0.9953304529190063,,0.005860499979462475,478,41651,0.006091170012950897,0.11251025646924973,-0.008564664050936699,0.80055171251297,-0.0011457287473604083,0.625,2,305,38.218642792024184,38.217795333999675,0,1,1789192835.67778,-0.2222222238779068,3,-0.14908969402313232,-0.8765129446983337
7.008874963503331,38.298591541999485,0.0,13.333333432674408,0.9965974688529968,,0.005850416957400739,479,41751,0.0030594300478696823,0.11250804364681244,-0.008566425181925297,0.8005337715148926,-0.0008676371071487665,0.625,2,306,38.2985794590204,38.29743316699751,0,1,1789192835.757717,-0.2222222238779068,3,-0.15370458364486694,-0.5261988043785095
25.855957996100187,38.39750070904847,0.0,13.333333432674408,0.995451033115387,,0.025082208041567355,480,41852,0.002431051805615425,0.11250656098127365,-0.0085702333599329,0.8005347847938538,-0.00014971276686992496,0.625,2,307,38.3974904170027,38.396727042039856,0,1,1789192835.85663,-0.2222222238779068,3,-0.15149830281734467,0.05192212015390396
27.762750047259033,38.479060667043086,0.0,13.333333432674408,0.9946860074996948,,0.026522750034928322,481,41901,0.001875811954960227,0.11250603944063187,-0.008573534898459911,0.8005383014678955,0.00044421578058972955,0.625,2,308,38.47904929204378,38.47782075003488,0,1,1789192835.93819,-0.2222222238779068,3,-0.14056019484996796,0.4500665068626404
28.570041991770267,38.55987108399859,0.0,13.333333432674408,0.9934359788894653,,0.02695974998641759,482,42001,0.0008878785884007812,0.11250605434179306,-0.00858187023550272,0.8005292415618896,0.0014232733519747853,0.625,2,309,38.55985987500753,38.55826087499736,0,1,1789192836.0190022,-0.2222222238779068,3,-0.12982343137264252,1.3054145574569702
6.531041988637298,38.61733758402988,0.0,13.333333432674408,0.994232714176178,,0.005546625005081296,483,42052,0.0004196286899968982,0.11250648647546768,-0.008588499389588833,0.8005184531211853,0.0007276625256054103,0.625,2,310,38.61732820904581,38.61635325005045,0,1,1789192836.076471,-0.2222222238779068,3,-0.11998480558395386,1.8975695371627808
15.132625005207956,38.706039917015005,0.0,0.0,0.9953840374946594,,0.014073583006393164,484,42152,0.004085167311131954,0.11250752955675125,-0.008600856177508831,0.8004963397979736,-0.0035969007294625044,0.625,2,311,38.7060307500069,38.70498091704212,0,1,1789192836.165175,0.0,4,-0.08089090138673782,2.8426566123962402
11.31950004491955,38.78206954203779,0.0,0.0,0.9977335929870605,,0.010277667024638504,485,42201,0.0039133657701313496,0.11250652372837067,-0.008605848997831345,0.8004833459854126,-0.0034290289040654898,0.625,2,312,38.78205862501636,38.78102779202163,0,1,1789192836.241204,0.0,4,-0.06798314303159714,3.2885122299194336
14.177208999171853,38.86461537500145,0.0,0.0,0.9975900650024414,,0.012869417027104646,486,42301,0.0038828891701996326,0.11250226944684982,-0.008614685386419296,0.8004598617553711,-0.0030687579419463873,0.625,2,313,38.86459950002609,38.86330766702304,0,1,1789192836.323746,0.0,4,-0.07184909284114838,4.023310661315918
20.81333298701793,38.950900792027824,0.0,0.0,0.9963602423667908,,0.01983541698427871,487,42402,0.004037626553326845,0.11249424517154694,-0.008623323403298855,0.8004535436630249,-0.002489243634045124,0.625,2,314,38.95088979200227,38.94992295902921,0,1,1789192836.410037,0.0,4,-0.04766730219125748,4.668597221374512
30.1631250185892,39.03991849999875,0.0,0.0,0.9965596795082092,,0.028600167017430067,488,42502,0.004228783305734396,0.11248454451560974,-0.008633331395685673,0.8004505038261414,-0.001462722895666957,0.625,2,315,39.039907458995,39.03835558402352,0,1,1789192836.499056,0.0,4,-0.036766961216926575,5.05068826675415
7.910167041700333,39.097596667008474,0.0,0.0,0.9966230392456055,,0.006930125004146248,489,42551,0.004207381047308445,0.11247999966144562,-0.008638754487037659,0.8004459738731384,-0.0007956612389534712,0.625,2,316,39.097585750045255,39.09661666699685,0,1,1789192836.556735,0.0,4,-0.03514489904046059,5.106134414672852
5.955917004030198,39.175253416993655,0.0,0.0,0.9964051246643066,,0.004380583995953202,490,42602,0.0016198564553633332,0.11247186362743378,-0.008645987138152122,0.8004445433616638,-9.375257650390267e-05,0.625,2,317,39.175241959048435,39.173678209015634,0,1,1789192836.634393,0.0,4,-0.044173937290906906,5.209242820739746
6.978916993830353,39.25622325000586,0.0,0.0,0.9972307085990906,,0.006088083027862012,491,42702,0.001294187270104885,0.11246101558208466,-0.008660801686346531,0.800436794757843,0.0005100923008285463,0.625,2,318,39.25620829203399,39.255332500033546,0,1,1789192836.71536,0.0,4,-0.05014956742525101,5.363499641418457
5.324583034962416,39.333928459032904,0.0,0.0,0.99577397108078,,0.004383708001114428,492,42802,0.0010637667728587985,0.11244842410087585,-0.008680031634867191,0.8004365563392639,-0.004059034399688244,0.625,2,319,39.33391945902258,39.332987750007305,0,1,1789192836.7930722,0.0,4,-0.06473453342914581,5.465293884277344
0.9336660150438547,39.40903229202377,0.0,0.0,0.9942875504493713,,7.9624995123595e-05,493,42852,0.0009596885647624731,0.11244481056928635,-0.008687494322657585,0.8004326820373535,-0.0063387020491063595,0.625,2,320,39.40902091702446,39.40817833400797,0,1,1789192836.868175,0.0,4,-0.08293294161558151,5.4869890213012695
4.070875002071261,39.49176141701173,0.0,0.0,0.9921757578849792,,0.0029048749711364508,494,42952,0.0006841726135462523,0.11243617534637451,-0.008702034130692482,0.8004367351531982,-0.005328017752617598,0.625,2,321,39.491750375018455,39.49059554201085,0,1,1789192836.950906,0.0,4,-0.10316837579011917,5.531009197235107
29.275083041284233,39.59662175003905,0.0,13.333333432674408,0.9920226335525513,,0.027646833041217178,495,43051,0.0003566520754247904,0.112431600689888,-0.008716014213860035,0.8004456162452698,-0.0023369030095636845,0.625,2,322,39.59658604202559,39.59499366703676,0,1,1789192837.0557451,-0.2222222238779068,3,-0.10843978077173233,5.584755897521973
10.616041952744126,39.657438250025734,0.0,13.333333432674408,0.9952127933502197,,0.009054124995600432,496,43101,0.0007075440953485668,0.11243165284395218,-0.008724479004740715,0.8004472851753235,-0.002337278798222542,0.625,2,323,39.65742745902389,39.655876375036314,0,1,1789192837.116585,-0.2222222238779068,3,-0.12119026482105255,5.638989448547363
6.9778329925611615,39.733739917050116,0.0,13.333333432674408,0.9938218593597412,,0.0058800000115297735,497,43201,0.004667047876864672,0.1124323159456253,-0.008743920363485813,0.8004612326622009,-0.002077245619148016,0.625,2,324,39.733728959050495,39.732642167015,0,1,1789192837.192888,-0.2222222238779068,3,-0.13157881796360016,5.73072624206543
2.53220897866413,39.80902841704665,0.0,13.333333432674408,0.9959847927093506,,0.0015355419600382447,498,43252,0.004555659834295511,0.11243267357349396,-0.008755119517445564,0.8004618287086487,-0.0022544427774846554,0.625,2,325,39.80901562504005,39.808031791995745,0,1,1789192837.2681758,-0.2222222238779068,3,-0.13273121416568756,5.826922416687012
5.757583014201373,39.89224495901726,0.0,13.333333432674408,0.996480405330658,,0.004948500019963831,499,43351,0.004208348225802183,0.11243435740470886,-0.008774809539318085,0.8004568815231323,-0.004955647047609091,0.625,2,326,39.89223504200345,39.89143595902715,0,1,1789192837.351396,-0.2222222238779068,3,-0.13974346220493317,6.106755256652832
14.463249943219125,39.98058712499915,0.0,13.333333432674408,0.995635449886322,,0.013440290989819914,500,43401,0.0037923899944871664,0.11243485659360886,-0.008784178644418716,0.8004630208015442,-0.004732359200716019,0.625,2,327,39.98057737504132,39.9795642500394,0,1,1789192837.43974,-0.2222222238779068,3,-0.12580452859401703,6.329668045043945
13.578124984633178,40.05890366702806,0.0,13.333333432674408,0.9954853653907776,,0.012813458975870162,501,43501,0.002747757826000452,0.11243778467178345,-0.008801239542663097,0.8004801869392395,-0.004431724548339844,0.625,2,328,40.058892917004414,40.05813908402342,0,1,1789192837.518056,-0.2222222238779068,3,-0.12874498963356018,6.947559833526611
22.66233297996223,40.14708037499804,0.0,13.333333432674408,0.9929078817367554,,0.020954707986675203,502,43601,0.0014167320914566517,0.11244208365678787,-0.008816071785986423,0.8004811406135559,-0.0042756786569952965,0.625,2,329,40.147069875034504,40.145372792030685,0,1,1789192837.6062348,-0.2222222238779068,3,-0.12194664776325226,7.854580879211426
3.046458004973829,40.20741133403499,0.0,0.0,0.9889326095581055,,0.0016832079854793847,503,43651,0.0007450894336216152,0.11244571208953857,-0.008822913281619549,0.8004794716835022,-0.004238267429172993,0.625,2,330,40.207400709041394,40.206048124993686,0,1,1789192837.666566,0.0,4,-0.10596109926700592,8.371794700622559
16.82204200187698,40.30109125003219,0.0,0.0,0.9915547966957092,,0.015944667044095695,504,43751,0.003605330130085349,0.11245270073413849,-0.008833218365907669,0.80047607421875,-0.004207815509289503,0.625,2,331,40.30108091700822,40.30021391704213,0,1,1789192837.760248,0.0,4,-0.0906522199511528,9.358349800109863
11.339458986185491,40.37504416704178,0.0,0.0,0.9977049231529236,,0.01037179201375693,505,43801,0.00595974363386631,0.11245567351579666,-0.008837779052555561,0.8004726767539978,-0.0042130714282393456,0.625,2,332,40.37503325002035,40.37407654203707,0,1,1789192837.834201,0.0,4,-0.05322517082095146,9.888642311096191
10.325707960873842,40.45369400002528,0.0,0.0,0.9928560256958008,,0.008824249962344766,506,43902,0.005460455548018217,0.11245685070753098,-0.008845265954732895,0.8004622459411621,-0.002150224754586816,0.625,2,333,40.45367058401462,40.45219283399638,0,1,1789192837.912842,0.0,4,-0.041671670973300934,10.610093116760254
3.7687920266762376,40.52686312503647,0.0,0.0,0.9940031170845032,,0.0029065420385450125,507,43951,0.005241821054369211,0.11245632916688919,-0.008848423138260841,0.8004584908485413,-0.000892027688678354,0.625,2,334,40.52684833400417,40.526000959041994,0,1,1789192837.9860191,0.0,4,-0.0422433540225029,10.782758712768555
18.56237498577684,40.621170709026046,0.0,0.0,0.9950177073478699,,0.01767858403036371,508,44053,0.0031013679690659046,0.11245490610599518,-0.008856717497110367,0.8004636764526367,-0.0003406092873774469,0.625,2,335,40.62116033403436,40.620286959048826,0,1,1789192838.080332,0.0,4,-0.04385175555944443,10.83405876159668
14.342334005050361,40.69670816703001,0.0,0.0,0.9957125186920166,,0.013549916970077902,509,44151,0.002700304612517357,0.11245503276586533,-0.00886434968560934,0.8004685640335083,-0.0001812843984225765,0.625,2,336,40.69669975002762,40.69591591699282,0,1,1789192838.155872,0.0,4,-0.06156336888670921,10.823792457580566
5.775208992417902,40.7674107500352,0.0,0.0,0.9898096323013306,,0.004380542028229684,510,44202,0.0025826329365372658,0.11245521157979965,-0.008868781849741936,0.8004715442657471,-0.0025245132856070995,0.625,2,337,40.76738362503238,40.76601629203651,0,1,1789192838.22656,0.0,4,-0.08489284664392471,10.807454109191895
31.460291997063905,40.87267825001618,0.0,0.0,0.9853265285491943,,0.029980082996189594,511,44301,0.0025511302519589663,0.11245732754468918,-0.008873699232935905,0.800472617149353,-0.0027963181491941214,0.625,2,338,40.872666334034875,40.87119812500896,0,1,1789192838.331842,0.0,4,-0.09218128025531769,10.831871032714844
8.856707951053977,40.93008145899512,0.0,0.0,0.9876179695129395,,0.007514083001296967,512,44353,0.0024445594754070044,0.1124589666724205,-0.008874389342963696,0.8004652261734009,-0.002835039747878909,0.625,2,339,40.93006987503031,40.928738917049486,0,1,1789192838.389246,0.0,4,-0.10722184181213379,10.869647026062012
14.401666994672269,41.01548325002659,0.0,0.0,0.9891995191574097,,0.013480250025168061,513,44451,0.002572720404714346,0.11246464401483536,-0.008873216807842255,0.8004592657089233,-0.0030017902608960867,0.625,2,340,41.01547241699882,41.01456187502481,0,1,1789192838.4746501,0.0,4,-0.1102583184838295,10.983102798461914
19.654042029287666,41.100419875001535,0.0,13.333333432674408,0.9880748391151428,,0.018844917009118944,514,44553,0.005885654594749212,0.11247149854898453,-0.008868035860359669,0.8004686236381531,-0.0017908259760588408,0.625,2,341,41.10041066701524,41.0996107920073,0,1,1789192838.5595891,-0.2222222238779068,3,-0.11316034942865372,11.184212684631348
21.21820900356397,41.181413917045575,0.0,13.333333432674408,0.9892542362213135,,0.02039254200644791,515,44601,0.005574376787990332,0.11247505992650986,-0.008865604177117348,0.8004705309867859,0.0005001182435080409,0.625,2,342,41.18140358402161,41.18058829201618,0,1,1789192838.6405828,-0.2222222238779068,3,-0.11740577965974808,11.222975730895996
19.56758397864178,41.25863829202717,0.0,13.333333432674408,0.9806841015815735,,0.01877204200718552,516,44702,0.0054418789222836494,0.11248189955949783,-0.008860786445438862,0.8004653453826904,0.0004316707781981677,0.625,2,343,41.258628292009234,41.25784279202344,0,1,1789192838.717809,-0.2222222238779068,3,-0.11870817840099335,11.374931335449219
23.177166003733873,41.34179108403623,0.0,13.333333432674408,0.979046106338501,,0.0221016249852255,517,44802,0.005039296578615904,0.11248772591352463,-0.008855623193085194,0.8004619479179382,0.0003721237007994205,0.625,2,344,41.34178008401068,41.340715583995916,0,1,1789192838.800962,-0.2222222238779068,3,-0.12870723009109497,11.509820938110352
4.631416057236493,41.40302295901347,0.0,13.333333432674408,0.9795477390289307,,0.0034034160198643804,518,44851,0.004973359871655703,0.11249176412820816,-0.008853176608681679,0.8004664182662964,0.00034950647386722267,0.625,2,345,41.40301154204644,41.4017950000125,0,1,1789192838.8621938,-0.2222222238779068,3,-0.13346825540065765,11.655730247497559
19.91000003181398,41.49675533402478,0.0,13.333333432674408,0.9706774353981018,,0.019150375039316714,519,44952,0.004390854388475418,0.11249785870313644,-0.008846987970173359,0.8004781007766724,0.00015862924919929355,0.625,2,346,41.4967435420258,41.49599579203641,0,1,1789192838.955928,-0.2222222238779068,3,-0.11837855726480484,12.209267616271973
17.171791987493634,41.574101875012275,0.0,13.333333432674408,0.9646909236907959,,0.016189999994821846,520,45001,0.0037663117982447147,0.11250222474336624,-0.008843920193612576,0.8004730939865112,-9.179362677969038e-05,0.625,2,347,41.57409179204842,41.573120125045534,0,1,1789192839.033277,-0.2222222238779068,3,-0.12345856428146362,12.419049263000488
6.908292009029537,41.64360720902914,0.0,13.333333432674408,0.9623551368713379,,0.005847249994985759,521,45101,0.002669505076482892,0.11250951141119003,-0.008835839107632637,0.8004618883132935,-0.0007333460380323231,0.625,2,348,41.64359679201152,41.64254625001922,0,1,1789192839.102783,-0.2222222238779068,3,-0.11726368963718414,13.3208646774292
3.121625049971044,41.71964374999516,0.0,0.0,0.9903960227966309,,0.0017925830325111747,522,45151,0.002301697852090001,0.112512968480587,-0.008832119405269623,0.800459086894989,-0.0010601248359307647,0.625,2,349,41.71963383402908,41.71831479202956,0,1,1789192839.178821,0.0,4,-0.1012013629078865,13.694097518920898
30.23716702591628,41.826875667029526,0.0,0.0,0.9778217673301697,,0.02858887502225116,523,45252,0.005586318206042051,0.1125190481543541,-0.008820690214633942,0.8004488348960876,-0.0018712574383243918,0.625,2,350,41.82685150002362,41.825227625027765,0,1,1789192839.286043,0.0,4,-0.05970137566328049,14.857854843139648
3.883333003614098,41.880222792038694,0.0,0.0,0.984190821647644,,0.002945207990705967,524,45301,0.005451361183077097,0.11252062022686005,-0.008815835230052471,0.800446629524231,-0.0021575787104666233,0.625,2,351,41.88021425000625,41.87928475002991,0,1,1789192839.339404,0.0,4,-0.03096512332558632,15.253705978393555
25.5053750006482,41.98151962499833,0.0,0.0,0.9819455742835999,,0.02419879095396027,525,45401,0.005432093515992165,0.11251967400312424,-0.008802835829555988,0.800433874130249,0.0018184925429522991,0.625,2,352,41.981506459007505,41.9802131250035,0,1,1789192839.4406981,0.0,4,-0.03105895221233368,16.146453857421875
6.110707996413112,42.04174229199998,0.0,0.0,0.971284031867981,,0.005416833038907498,526,45501,0.005628922022879124,0.11251729726791382,-0.008794494904577732,0.8004284501075745,0.0019624270498752594,0.625,2,353,42.04172941704746,42.0410485000466,0,1,1789192839.500921,0.0,4,-0.02685435302555561,16.43199348449707
3.7725840229541063,42.118868667050265,0.0,0.0,0.9764364957809448,,0.0029150000191293657,527,45552,0.005703734699636698,0.11251227557659149,-0.008790467865765095,0.8004307746887207,0.0021136871073395014,0.625,2,354,42.11885875003645,42.118011125014164,0,1,1789192839.578052,0.0,4,-0.03148281201720238,16.505233764648438
9.98587504727766,42.20440770901041,0.0,0.0,0.9763205647468567,,0.009150542027782649,528,45654,0.003316146321594715,0.11250350624322891,-0.00878572091460228,0.800436794757843,0.0023079838138073683,0.625,2,355,42.204395209031645,42.20357241702732,0,1,1789192839.66359,0.0,4,-0.03051946870982647,16.42826271057129
9.693750005681068,42.28376337501686,0.0,0.0,0.975884199142456,,0.008516541973222047,529,45752,0.0015626320382580161,0.11249300837516785,-0.008782787248492241,0.8004403114318848,-0.0003558771568350494,0.625,2,356,42.28375312499702,42.28258620901033,0,1,1789192839.742949,0.0,4,-0.031210782006382942,16.41729164123535
6.824832991696894,42.36079929204425,0.0,0.0,0.9640974402427673,,0.005857374984771013,530,45801,0.0015623405342921615,0.11248752474784851,-0.00878060981631279,0.8004398345947266,-0.0007690391503274441,0.625,2,357,42.360788249992765,42.35983195900917,0,1,1789192839.819985,0.0,4,-0.03800147399306297,16.439693450927734
14.317916997242719,42.44773483404424,0.0,0.0,0.9661895036697388,,0.013247249997220933,531,45902,0.001553828944452107,0.11247752606868744,-0.008775239810347557,0.800424337387085,-0.0008061424014158547,0.625,2,358,42.447724875004496,42.44666429201607,0,1,1789192839.906923,0.0,4,-0.055521801114082336,16.503002166748047
21.12908399431035,42.53373770904727,0.0,0.0,0.9628838896751404,,0.019993208989035338,532,46002,0.00165542121976614,0.11246106028556824,-0.008768416941165924,0.8004242181777954,-0.0009310922469012439,0.625,2,359,42.53372866701102,42.532601959013846,0,1,1789192839.992928,0.0,4,-0.05622206628322601,16.64495277404785
19.12987499963492,42.611642292002216,0.0,0.0,0.9480007290840149,,0.017672040965408087,533,46052,0.001653514918871224,0.11245211958885193,-0.008764728903770447,0.8004271388053894,-0.0009344725403934717,0.625,2,360,42.61163166700862,42.61018449999392,0,1,1789192840.070832,0.0,4,-0.065926194190979,16.762025833129883
27.358375024050474,42.699077041994315,0.0,0.0,0.9606214761734009,,0.026509250048547983,534,46151,0.0019674301147460938,0.11243289709091187,-0.008758270181715488,0.8004332780838013,0.0014684423804283142,0.625,2,361,42.69906620902475,42.69822820904665,0,1,1789192840.158268,0.0,4,-0.07941680401563644,16.85288429260254
2.2705000010319054,42.75373566703638,0.0,0.0,0.9738385081291199,,0.0010582910035736859,535,46202,0.0020908655133098364,0.11241975426673889,-0.00875556655228138,0.8004297018051147,0.001468801056034863,0.625,2,362,42.75372316699941,42.752523500006646,0,1,1789192840.212926,0.0,4,-0.08069054037332535,16.894569396972656
7.886958017479628,42.83862758404575,0.0,0.0,0.9785960912704468,,0.00642758299363777,536,46301,0.0021746682468801737,0.11239736527204514,-0.008753430098295212,0.8004202842712402,0.0014990010531619191,0.625,2,363,42.83861708402401,42.837168292026035,0,1,1789192840.297821,0.0,4,-0.09247839450836182,16.921377182006836
7.000790967140347,42.91747316700639,0.0,0.0,0.9824689626693726,,0.005857457988895476,537,46352,0.0022019960451871157,0.11237932741641998,-0.008753431029617786,0.8004239201545715,0.0015152087435126305,0.625,2,364,42.91746145900106,42.91632991703227,0,1,1789192840.376666,0.0,4,-0.09816152602434158,16.91100311279297
2.2410409874282777,42.99238566705026,0.0,0.0,0.9836220145225525,,0.0014476659707725048,538,46452,-0.0030967923812568188,0.1123446524143219,-0.00875630509108305,0.8004370331764221,0.001514314441010356,0.625,2,365,42.99236545903841,42.991592500009574,0,1,1789192840.451571,0.0,4,-0.09987948834896088,16.860599517822266
7.030333974398673,43.076723625010345,0.0,13.333333432674408,0.9748571515083313,,0.005847749998793006,539,46502,-0.003095621010288596,0.11232948303222656,-0.008758390322327614,0.8004410862922668,0.0015128133818507195,0.625,2,366,43.07671300001675,43.075541125028394,0,1,1789192840.5359201,-0.2222222238779068,3,-0.12261445820331573,16.83281898498535
9.597957949154079,43.15846591704758,0.0,13.333333432674408,0.9605990648269653,,0.008617624989710748,540,46601,-0.0030966007616370916,0.11229521036148071,-0.008765379898250103,0.800434947013855,1.3631329238705803e-05,0.625,2,367,43.158457042009104,43.15748566703405,0,1,1789192840.617665,-0.2222222238779068,3,-0.12988848984241486,16.79305648803711
18.42429197859019,43.246838750026654,0.0,13.333333432674408,0.9556611180305481,,0.017398583993781358,541,46702,-0.0030984263867139816,0.11225604265928268,-0.008774825371801853,0.8004334568977356,-0.002129232743754983,0.625,2,368,43.24682845902862,43.24581308400957,0,1,1789192840.706038,-0.2222222238779068,3,-0.15360580384731293,16.841278076171875
17.811958969105035,43.3254417499993,0.0,13.333333432674408,0.9445759654045105,,0.016491834016051143,542,46752,-0.0031024820636957884,0.11223465204238892,-0.008779426105320454,0.8004422783851624,-0.0021233190782368183,0.625,2,369,43.32543212501332,43.3241217090399,0,1,1789192840.7846432,-0.2222222238779068,3,-0.15264977514743805,16.9505615234375
26.16483299061656,43.41339825000614,0.0,13.333333432674408,0.9717798829078674,,0.025312457990366966,543,46851,-0.002678954042494297,0.1121906191110611,-0.008789737708866596,0.8004536628723145,-0.0019121761433780193,0.625,2,370,43.413388334040064,43.41254591703182,0,1,1789192840.8726,-0.2222222238779068,3,-0.13543808460235596,17.356653213500977
13.888832996599376,43.48094375000801,0.0,0.0,0.981476366519928,,0.012985375011339784,544,46902,-0.0014717892045155168,0.11217009276151657,-0.008795156143605709,0.8004509210586548,0.00023756847076583654,0.625,2,371,43.48093279200839,43.48004033404868,0,1,1789192840.940146,0.0,4,-0.08185645937919617,17.525453567504883
16.17545902263373,43.562535292003304,0.0,0.0,0.9724609851837158,,0.014704500033985823,545,47001,0.000841091328766197,0.1121147945523262,-0.008812621235847473,0.8004405498504639,0.0015475694090127945,0.625,2,372,43.56252279202454,43.56106437504059,0,1,1789192841.0217369,0.0,4,-0.05512605607509613,18.33425521850586
17.747749981936067,43.643940459005535,0.0,0.0,0.9730492830276489,,0.016193041985388845,546,47102,-0.003970355726778507,0.11205867677927017,-0.008834324777126312,0.8004330396652222,0.002944077830761671,0.625,2,373,43.643915292050224,43.642386084015016,0,1,1789192841.103133,0.0,4,-0.030796628445386887,19.2115535736084
21.19295799639076,43.726914583996404,0.0,0.0,0.9491260051727295,,0.020385082985740155,547,47151,-0.006639792118221521,0.11202797293663025,-0.008847464807331562,0.8004289865493774,0.0018930218648165464,0.625,2,374,43.726903334027156,43.726106874994,0,1,1789192841.18612,0.0,4,-0.030126120895147324,19.66210174560547
28.69087498402223,43.81362045899732,0.0,0.0,0.9591335654258728,,0.0274555420037359,548,47252,-0.005017569288611412,0.11197476089000702,-0.00887006800621748,0.8004195690155029,-0.0029400326311588287,0.625,2,375,43.81361191702308,43.81238520902116,0,1,1789192841.27283,0.0,4,-0.024142056703567505,20.221956253051758
17.66658399719745,43.88243275001878,0.0,0.0,0.9587147235870361,,0.016192334005609155,549,47301,-0.004241941962391138,0.1119452714920044,-0.008881124667823315,0.8004121780395508,-0.0032581144478172064,0.625,2,376,43.8824155839975,43.880958584020846,0,1,1789192841.341634,0.0,4,-0.027760492637753487,20.38054084777832
13.797916995827109,43.9581166250282,0.0,0.0,0.966988205909729,,0.013085832993965596,550,47401,-0.007696324959397316,0.11188202351331711,-0.008902003988623619,0.800409197807312,-0.0009911699453368783,0.625,2,377,43.95810679200804,43.95740462501999,0,1,1789192841.4173272,0.0,4,-0.025723900645971298,20.4290771484375
12.785791011992842,44.03692670899909,0.0,0.0,0.9293096661567688,,0.011752208054531366,551,47502,-0.007554649841040373,0.1118294969201088,-0.008920339867472649,0.8004137277603149,2.8492853743955493e-05,0.625,2,378,44.036917167017236,44.03589329204988,0,1,1789192841.496138,0.0,4,-0.028201082721352577,20.32914924621582
23.804333992302418,44.12713729200186,0.0,0.0,0.9270074367523193,,0.02257487497990951,552,47551,-0.0075546856969594955,0.11180246621370316,-0.008931243792176247,0.8004143834114075,1.6172391042346135e-05,0.625,2,379,44.12712745903991,44.1259078750154,0,1,1789192841.58635,0.0,4,-0.03092486783862114,20.235708236694336
22.503542015329003,44.204502709035296,0.0,0.0,0.9250957369804382,,0.02101354202022776,553,47652,-0.007554701063781977,0.11175902187824249,-0.008951031602919102,0.8004017472267151,-1.8750801018541097e-06,0.625,2,380,44.204494250006974,44.20301279204432,0,1,1789192841.663718,0.0,4,-0.03276795521378517,20.098833084106445
13.644332997500896,44.27524554199772,0.0,0.0,0.924045205116272,,0.012333624996244907,554,47702,-0.007554701063781977,0.11173606663942337,-0.008962496183812618,0.800391435623169,-5.114404302730691e-06,0.625,2,381,44.27523358404869,44.27393491700059,0,1,1789192841.7344582,0.0,4,-0.03189421072602272,20.074264526367188
13.614833995234221,44.354987833998166,0.0,0.0,0.9250739216804504,,0.0125702089862898,555,47802,-0.004926283378154039,0.11169208586215973,-0.008985687047243118,0.80038982629776,-0.0030078927520662546,0.625,2,382,44.35497787501663,44.35394333401928,0,1,1789192841.8142028,0.0,4,-0.03600963205099106,20.185686111450195
14.06820904230699,44.43448004202219,0.0,0.0,0.9145073890686035,,0.01326662499923259,556,47902,-0.004938998259603977,0.11164998263120651,-0.00900580920279026,0.8003968000411987,-0.002986918669193983,0.625,2,383,44.434471792017575,44.433678500005044,0,1,1789192841.8936992,0.0,4,-0.033296532928943634,20.42873764038086
13.30062496708706,44.51350395899499,0.0,0.0,0.9332101941108704,,0.011468957993201911,557,47952,-0.004944547079503536,0.11163048446178436,-0.00901476014405489,0.8003954887390137,-0.002977723954245448,0.625,2,384,44.51349250000203,44.51167237502523,0,1,1789192841.9727201,0.0,4,-0.03503377363085747,20.53534507751465
8.230249979533255,44.588076334039215,0.0,0.0,0.9299192428588867,,0.0073810419999063015,558,48052,-0.004496667999774218,0.11158502846956253,-0.009033121168613434,0.8003824949264526,-0.0028608040884137154,0.625,2,385,44.58806508401176,44.58722716703778,0,1,1789192842.047294,0.0,4,-0.03549380972981453,20.64763641357422
7.827207969967276,44.666469209012575,0.0,0.0,0.926607072353363,,0.006542290968354791,559,48102,-0.004200413357466459,0.11156477779150009,-0.009041106328368187,0.8003789186477661,-0.0027995894197374582,0.625,2,386,44.666458084015176,44.66518437501509,0,1,1789192842.125688,0.0,4,-0.04077202081680298,20.638221740722656
3.6902499850839376,44.7421722090221,0.0,0.0,0.9312299489974976,,0.0020494170021265745,560,48202,-0.004198729991912842,0.11151225864887238,-0.009059151634573936,0.8003857135772705,-0.0013673289213329554,0.625,2,387,44.742147834040225,44.74053154204739,0,1,1789192842.201382,0.0,4,-0.03877536952495575,20.598243713378906
27.902000001631677,44.84637575002853,0.0,0.0,0.9200757741928101,,0.027049749973230064,561,48301,-0.0041982741095125675,0.11145832389593124,-0.00907745398581028,0.8003953695297241,-9.864503954304382e-05,0.625,2,388,44.846366209036205,44.84552358399378,0,1,1789192842.305599,0.0,4,-0.04163036495447159,20.476306915283203
7.092792016919702,44.90521970903501,0.0,0.0,0.9305750131607056,,0.005710249999538064,562,48352,-0.004198150709271431,0.11142627894878387,-0.009088966995477676,0.8003915548324585,-0.00010374376870458946,0.625,2,389,44.905209749995265,44.90383725002175,0,1,1789192842.3644428,0.0,4,-0.03798919543623924,20.406721115112305
14.119790983386338,44.99174358404707,0.0,0.0,0.9378407001495361,,0.012882790993899107,563,48451,-0.009193646721541882,0.11135994642972946,-0.009114001877605915,0.8003807663917542,-0.00011314496077829972,0.625,2,390,44.99173379200511,44.99050662503578,0,1,1789192842.450969,0.0,4,-0.036025043576955795,20.322053909301758
17.803375027142465,45.07480054203188,0.0,0.0,0.9430112242698669,,0.01679087500087917,564,48501,-0.009188106283545494,0.11133000254631042,-0.0091254822909832,0.8003836870193481,-0.00011394979082979262,0.625,2,391,45.0747892090003,45.073788209003396,0,1,1789192842.534025,0.0,4,-0.03601488098502159,20.31703758239746
11.123874981421977,45.14723000000231,0.0,0.0,0.9490081667900085,,0.010294874955434352,565,48601,-0.00918840803205967,0.11126036942005157,-0.009153774939477444,0.8003966212272644,-0.0014168382622301579,0.625,2,392,45.14721937500872,45.14640104200225,0,1,1789192842.606456,0.0,4,-0.03297314792871475,20.366716384887695
4.488500009756535,45.2201707920176,0.0,0.0,0.9315034747123718,,0.003516583004966378,566,48651,-0.009190548211336136,0.1112261563539505,-0.009168146178126335,0.8004016876220703,-0.003178342478349805,0.625,2,393,45.22015866701258,45.21919900004286,0,1,1789192842.679397,0.0,4,-0.03574961796402931,20.412633895874023
9.693750005681068,45.305579959007446,0.0,0.0,0.9401557445526123,,0.008807542035356164,567,48751,-0.009195992723107338,0.11114682257175446,-0.009199745953083038,0.8003942370414734,-0.0031631377059966326,0.625,2,394,45.30556400003843,45.304693834041245,0,1,1789192842.7648032,0.0,4,-0.037048738449811935,20.510986328125
11.495249986182898,45.38636258401675,0.0,0.0,0.9484548568725586,,0.010186417028307915,568,48853,-0.00912325270473957,0.11106739938259125,-0.009230311028659344,0.8003935813903809,-0.0031267351005226374,0.625,2,395,45.38635270902887,45.38505379203707,0,1,1789192842.845593,0.0,4,-0.03401927649974823,20.543113708496094
5.566750012803823,45.458325167011935,0.0,0.0,0.9488332271575928,,0.004301584034692496,569,48901,-0.0091435257345438,0.11102762073278427,-0.009245654568076134,0.8004003167152405,-0.003127537202090025,0.625,2,396,45.458314209012315,45.45706008403795,0,1,1789192842.917556,0.0,4,-0.030044959858059883,20.538082122802734
3.450667019933462,45.53605704201618,0.0,0.0,0.9305225014686584,,0.0020171250216662884,570,49002,-0.013444698415696621,0.11093565821647644,-0.009281106293201447,0.8004142045974731,-0.0013481081696227193,0.625,2,397,45.53604416700546,45.534623542043846,0,1,1789192842.995287,0.0,4,-0.0357959121465683,20.471593856811523
5.2842089789919555,45.61730504204752,0.0,0.0,0.9380745887756348,,0.00438570900587365,571,49051,-0.01344383880496025,0.11089930683374405,-0.00929637998342514,0.8004099726676941,-0.0013561981031671166,0.625,2,398,45.6172940840479,45.616406584042124,0,1,1789192843.076538,0.0,4,-0.03654387220740318,20.437108993530273
26.135708030778915,45.71771462500328,0.0,0.0,0.9463733434677124,,0.025031083030626178,572,49152,-0.013442015275359154,0.11081542819738388,-0.009333329275250435,0.8004016280174255,-0.0013741367729380727,0.625,2,399,45.71770370902959,45.716610125033185,0,1,1789192843.176949,0.0,4,-0.03281311318278313,20.360652923583984
2.487249963451177,45.77362925000489,0.0,0.0,0.9316684007644653,,0.0014355829916894436,573,49204,-0.013441472314298153,0.1107751876115799,-0.009352464228868484,0.8004050254821777,-0.0013794400729238987,0.625,2,400,45.77360291703371,45.772577750030905,0,1,1789192843.232852,0.0,4,-0.03782009333372116,20.33804702758789
7.341833028476685,45.85778958402807,0.0,0.0,0.9528414011001587,,0.006512708030641079,574,49302,-0.01227073185145855,0.11069333553314209,-0.009394878521561623,0.8004198670387268,-0.0013800442684441805,0.625,2,401,45.857777249999344,45.85696054203436,0,1,1789192843.317025,0.0,4,-0.033383943140506744,20.33563804626465
2.680750039871782,45.93286487500882,0.0,0.0,0.9253297448158264,,0.0020175420213490725,575,49352,-0.012144926935434341,0.11065004020929337,-0.009419304318726063,0.8004216551780701,-0.001376004540361464,0.625,2,402,45.93285504204687,45.932201709016226,0,1,1789192843.392103,0.0,4,-0.03263888135552406,20.354692459106445
28.512292017694563,46.03839504200732,0.0,0.0,0.9335492849349976,,0.027082375017926097,576,49501,-0.012150726281106472,0.1105206236243248,-0.0094943568110466,0.8004076480865479,-0.00534892687574029,0.625,2,403,46.03838479204569,46.036965167033486,0,1,1789192843.4976351,0.0,4,-0.03538352623581886,20.434158325195312
23.611208016518503,46.11218295904109,0.0,0.0,0.9396883249282837,,0.022435167047660798,577,49552,-0.01215213444083929,0.11047925055027008,-0.009517730213701725,0.8004122972488403,-0.005345725454390049,0.625,2,404,46.112172749999445,46.11100695905043,0,1,1789192843.571424,0.0,4,-0.03612824156880379,20.449256896972656
21.539916982874274,46.188952334050555,0.0,0.0,0.9501161575317383,,0.02061275002779439,578,49651,-0.012152796611189842,0.11038380861282349,-0.009571815840899944,0.8004274964332581,-0.005344220902770758,0.625,2,405,46.188943375018425,46.18802525004139,0,1,1789192843.648196,0.0,4,-0.0370958186686039,20.456357955932617
23.361124971415848,46.27052108402131,0.0,0.0,0.9272887110710144,,0.02251379197696224,579,49701,-0.014150213450193405,0.11033421009778976,-0.009600076824426651,0.8004270195960999,-0.0053471894934773445,0.625,2,406,46.27050995902391,46.26967379200505,0,1,1789192843.729763,0.0,4,-0.03768042102456093,20.44322967529297
14.18500003637746,46.34092516702367,0.0,0.0,0.9416633248329163,,0.013239249994512647,580,49801,-0.01630421169102192,0.11024120450019836,-0.00965414009988308,0.8004167079925537,-0.005360389593988657,0.625,2,407,46.34091416699812,46.339979459007736,0,1,1789192843.800168,0.0,4,-0.032245129346847534,20.39588737487793
23.709792003501207,46.43013166700257,0.0,0.0,0.9209471940994263,,0.022479958017356694,581,49852,-0.016301484778523445,0.11019045114517212,-0.009684670716524124,0.8004119992256165,-0.005368674639612436,0.625,2,408,46.43012162501691,46.42890187504236,0,1,1789192843.889377,0.0,4,-0.030800646170973778,20.366775512695312
24.013291986193508,46.50992825004505,0.0,0.0,0.9551307559013367,,0.022569417022168636,582,49951,-0.016297634690999985,0.11010265350341797,-0.009739593602716923,0.8004198670387268,-0.005380343645811081,0.625,2,409,46.50991800002521,46.50848441704875,0,1,1789192843.969175,0.0,4,-0.03326389938592911,20.32575035095215
18.00733304116875,46.58290012500947,0.0,0.0,0.9590731263160706,,0.016946125018876046,583,50001,-0.016296429559588432,0.11005087941884995,-0.009773515164852142,0.8004276156425476,-0.0053839897736907005,0.625,2,410,46.582888500008266,46.58183895901311,0,1,1789192844.0421472,0.0,4,-0.03461996465921402,20.31292724609375
12.46062503196299,46.65616025001509,0.0,0.0,0.9612091779708862,,0.011778875021263957,584,50102,-0.01629660278558731,0.10995573550462723,-0.009840436279773712,0.800421416759491,-0.005383474286645651,0.625,2,411,46.656150292023085,46.65547854203032,0,1,1789192844.115409,0.0,4,-0.030305558815598488,20.314739227294922
16.93604205502197,46.74009662499884,0.0,0.0,0.960411787033081,,0.01618666702415794,585,50202,-0.015043417923152447,0.10986573994159698,-0.00991001632064581,0.8004087805747986,-0.0053772651590406895,0.625,2,412,46.740087959042285,46.73934733401984,0,1,1789192844.199348,0.0,4,-0.025578225031495094,20.337949752807617
18.337292014621198,46.82091437501367,0.0,0.0,0.9477996826171875,,0.017294124991167337,586,50252,-0.015044936910271645,0.10981565713882446,-0.009951595216989517,0.8004075288772583,-0.005373018328100443,0.625,2,413,46.82090245903237,46.81987125001615,0,1,1789192844.280164,0.0,4,-0.028926333412528038,20.3541259765625
17.312541021965444,46.89879058400402,0.0,0.0,0.9410324692726135,,0.01620054099475965,587,50351,-0.015046934597194195,0.10971778631210327,-0.010038862004876137,0.8004199862480164,-0.0073242345824837685,0.625,2,414,46.89877912501106,46.897678625013214,0,1,1789192844.358042,0.0,4,-0.028688300400972366,20.37473487854004
11.488374962937087,46.97231295902748,0.0,0.0,0.9352532625198364,,0.010145041975192726,588,50401,-0.015047128312289715,0.10967456549406052,-0.01007811538875103,0.8004186749458313,-0.009765195660293102,0.625,2,415,46.97228787501808,46.970969834015705,0,1,1789192844.431554,0.0,4,-0.02595655620098114,20.37611961364746
11.977999994996935,47.0519297500141,0.0,0.0,0.9486717581748962,,0.01026974996784702,589,50502,-0.01780272088944912,0.10956554859876633,-0.010179009288549423,0.8004049062728882,-0.010529839433729649,0.625,2,416,47.051917292003054,47.05022154201288,0,1,1789192844.511182,0.0,4,-0.02817620523273945,20.364036560058594
5.010750028304756,47.124242249992676,0.0,0.0,0.9565228819847107,,0.00412662501912564,590,50552,-0.017792681232094765,0.10952404886484146,-0.01021792832762003,0.8003997206687927,-0.010533127002418041,0.625,2,417,47.12422933400376,47.12335820903536,0,1,1789192844.583495,0.0,4,-0.02737584337592125,20.353450775146484
14.400999993085861,47.213002417003736,0.0,0.0,0.8611948490142822,,0.013466665986925364,591,50652,-0.01778661087155342,0.10941936820745468,-0.010320284403860569,0.8004016280174255,-0.010543362237513065,0.625,2,418,47.21298587502679,47.21206812502351,0,1,1789192844.672253,0.0,4,-0.03250196948647499,20.32048988342285
21.251209022011608,47.29925408400595,0.0,0.0,0.9082512855529785,,0.020315000030677766,592,50752,-0.017782019451260567,0.1093248575925827,-0.010418676771223545,0.8004066348075867,-0.010551108978688717,0.625,2,419,47.29924366704654,47.298318000044674,0,1,1789192844.758512,0.0,4,-0.03185073286294937,20.295534133911133
24.039999989327043,47.38097520900192,0.0,0.0,0.7930811643600464,,0.02278029196895659,593,50802,-0.01778075471520424,0.10927608609199524,-0.010472231544554234,0.8003994822502136,-0.010553239844739437,0.625,2,420,47.38096662500175,47.37971554201795,0,1,1789192844.840236,0.0,4,-0.028561748564243317,20.28867530822754
26.62687498377636,47.46284525003284,0.0,0.0,0.8822609782218933,,0.025470875028986484,594,50902,-0.017780432477593422,0.10918734222650528,-0.010575061663985252,0.8003838658332825,-0.010553785599768162,0.625,2,421,47.462834500009194,47.461689292045776,0,1,1789192844.922105,0.0,4,-0.02883753553032875,20.286916732788086
15.439332986716181,47.531174959032796,0.0,0.0,0.92731773853302,,0.014697790960781276,595,50951,-0.017780911177396774,0.10913952440023422,-0.010633419267833233,0.8003814220428467,-0.013403886929154396,0.625,2,422,47.53116345900344,47.530433500010986,0,1,1789192844.9904351,0.0,4,-0.034595638513565063,20.28915786743164
19.81141697615385,47.61503916699439,0.0,0.0,0.9397236704826355,,0.018933291954454035,596,51051,-0.017783772200345993,0.10905081778764725,-0.01074526458978653,0.8003890514373779,-0.015179055742919445,0.625,2,423,47.615029750042595,47.614161083998624,0,1,1789192845.074303,0.0,4,-0.031520675867795944,20.30009651184082
1.4325000229291618,47.67567258403869,0.0,0.0,0.9352112412452698,,0.0006271669990383089,597,51102,-0.01778528280556202,0.10900793969631195,-0.01080078911036253,0.8003888130187988,-0.015177283436059952,0.625,2,424,47.67566104204161,47.67486733401893,0,1,1789192845.1349351,0.0,4,-0.027823975309729576,20.305801391601562
13.484790979418904,47.76753958401969,0.0,0.0,0.9282957911491394,,0.010910000011790544,598,51202,-0.0177861787378788,0.10892899334430695,-0.010909599252045155,0.8003727197647095,-0.015176236629486084,0.625,2,425,47.7675150000141,47.764965084032156,0,1,1789192845.2267919,0.0,4,-0.02925022691488266,20.30919075012207
8.43116600299254,47.84156016702764,0.0,0.0,0.9099713563919067,,0.00732949998928234,599,51301,-0.017785681411623955,0.1088610514998436,-0.011013184674084187,0.8003636002540588,-0.013554032891988754,0.625,2,426,47.84154983400367,47.84045858401805,0,1,1789192845.300826,0.0,4,-0.03087659180164337,20.30707550048828
1.2857079855166376,47.91431212500902,0.0,0.0,0.9420027732849121,,9.724998380988836e-05,600,51351,-0.016839150339365005,0.1088232472538948,-0.01107698306441307,0.8003671765327454,-0.013556024990975857,0.625,2,427,47.9142995000002,47.91312370903324,0,1,1789192845.3735769,0.0,4,-0.03332630544900894,20.3006591796875
3.0148749938234687,47.99522458401043,0.0,0.0,0.927557647228241,,0.0017038329970091581,601,51451,-0.012665612623095512,0.10876079648733139,-0.011193708516657352,0.8003692030906677,-0.01356029324233532,0.625,2,428,47.995215167000424,47.99391362501774,0,1,1789192845.454493,0.0,4,-0.03655264899134636,20.283245086669922
18.772292009089142,48.090728750044946,0.0,0.0,0.9306126236915588,,0.017925707972608507,602,51552,-0.012661212123930454,0.10870208591222763,-0.011311753652989864,0.8003526329994202,-0.016465380787849426,0.625,2,429,48.09071837499505,48.08988225000212,0,1,1789192845.549998,0.0,4,-0.03237922489643097,20.265296936035156
14.903040952049196,48.16631329199299,0.0,0.0,0.9456499218940735,,0.013463915965985507,603,51602,-0.012659120373427868,0.10867135226726532,-0.0113762142136693,0.800344705581665,-0.017307931557297707,0.625,2,430,48.16627345903544,48.16487450001296,0,1,1789192845.625557,0.0,4,-0.026749281212687492,20.258304595947266
12.110334006138146,48.24312662502052,0.0,0.0,0.9641828536987305,,0.011281499988399446,604,51701,-0.012657230719923973,0.10861452668905258,-0.01149874459952116,0.8003484010696411,-0.01730930432677269,0.625,2,431,48.24311800004216,48.24229787499644,0,1,1789192845.7024,0.0,4,-0.02745737135410309,20.252052307128906
6.720166013110429,48.31705066701397,0.0,0.0,0.9770306348800659,,0.005857666023075581,605,51751,-0.012657230719923973,0.10858993977308273,-0.011554389260709286,0.8003506660461426,-0.01730930432677269,0.625,2,432,48.31703800003743,48.31618825002806,0,1,1789192845.776321,0.0,4,-0.018846899271011353,20.252050399780273
11.085916950833052,48.40116679202765,0.0,0.0,0.9629157185554504,,0.010298124980181456,606,51851,-0.012657230719923973,0.10853691399097443,-0.011677945032715797,0.8003435134887695,-0.017904559150338173,0.625,2,433,48.40115612500813,48.400379042024724,0,1,1789192845.86044,0.0,4,-0.007652594242244959,20.252050399780273
9.88358398899436,48.47936129203299,0.0,0.0,0.970598578453064,,0.008601084002293646,607,51901,-0.012657230719923973,0.10851403325796127,-0.011733142659068108,0.8003349304199219,-0.01790454052388668,0.625,2,434,48.47935224999674,48.47807883401401,0,1,1789192845.938638,0.0,4,-0.010409070178866386,20.252050399780273
16.87083300203085,48.566159084031824,0.0,0.0,0.9500552415847778,,0.015997165988665074,608,52003,-0.012657230719923973,0.10846581310033798,-0.011852831579744816,0.8003288507461548,-0.01790454052388668,0.625,2,435,48.56614712503506,48.56528550002258,0,1,1789192846.025434,0.0,4,-0.004810861311852932,20.252050399780273
12.376540980767459,48.64074579201406,0.0,0.0,0.941502571105957,,0.011413915955927223,609,52102,-0.012657230719923973,0.1084270104765892,-0.011955952271819115,0.8003374338150024,-0.01790454052388668,0.625,2,436,48.64073591702618,48.63978324999334,0,1,1789192846.100024,0.0,4,-0.01168100442737341,20.252050399780273
7.054999994579703,48.714650042005815,0.0,0.0,0.9603025913238525,,0.0058477919665165246,610,52152,-0.011424136348068714,0.10840705037117004,-0.012013239786028862,0.8003350496292114,-0.016584094613790512,0.625,2,437,48.71463858400239,48.71344295900781,0,1,1789192846.1739268,0.0,4,-0.0029024253599345684,20.252050399780273
2.5454580318182707,48.78989066701615,0.0,0.0,0.950848400592804,,0.0014564159791916609,611,52252,-0.007654108107089996,0.10837406665086746,-0.012113276869058609,0.8003177046775818,-0.014819030649960041,0.625,2,438,48.78988295904128,48.78880174999358,0,1,1789192846.249173,0.0,4,0.008851160295307636,20.24786949157715
8.296500018332154,48.875021834042855,0.0,0.0,0.9633601903915405,,0.007327291008550674,612,52302,-0.007652842439711094,0.10835739970207214,-0.012165072374045849,0.8003131747245789,-0.014819720759987831,0.625,2,439,48.875004125002306,48.87405275000492,0,1,1789192846.334295,0.0,4,0.00821208767592907,20.242704391479492
2.99016700591892,48.94911041704472,0.0,0.0,0.9741809368133545,,0.0014349170378409326,613,52402,-0.007649749051779509,0.10832621902227402,-0.012266994453966618,0.8003194332122803,-0.014821316115558147,0.625,2,440,48.94909962499514,48.94755520904437,0,1,1789192846.408392,0.0,4,0.012641082517802715,20.230743408203125
13.987458019983023,49.03930154204136,0.0,0.0,0.9763970375061035,,0.01323241600766778,614,52501,-0.00764671852812171,0.10829940438270569,-0.012362885288894176,0.8003231883049011,-0.014822878874838352,0.625,2,441,49.03929104201961,49.03854662500089,0,1,1789192846.498584,0.0,4,0.01908832974731922,20.219024658203125
18.548249965533614,49.12326820904855,0.0,0.0,0.9782936573028564,,0.017369957990013063,615,52552,-0.007645441684871912,0.10828603804111481,-0.012415635399520397,0.8003153204917908,-0.014823537319898605,0.625,2,442,49.12325741699897,49.12209000001894,0,1,1789192846.582552,0.0,4,0.01601487025618553,20.214094161987305
23.13937502913177,49.20718812500127,0.0,0.0,0.9880502820014954,,0.022304208017885685,616,52652,-0.007644082885235548,0.10826516151428223,-0.012507008388638496,0.8003027439117432,-0.016718147322535515,0.625,2,443,49.207178625045344,49.20635300001595,0,1,1789192846.666475,0.0,4,0.031955596059560776,20.209239959716797
18.85500003118068,49.282375667011365,0.0,0.0,0.985693097114563,,0.017669624998234212,617,52701,-0.007644082885235548,0.10825508832931519,-0.012556338682770729,0.8003050088882446,-0.016718147322535515,0.625,2,444,49.28236466704402,49.28119033400435,0,1,1789192846.741662,0.0,4,0.054948415607213974,20.209239959716797
17.47700001578778,49.35983995901188,0.0,0.0,0.9938679337501526,,0.01607395801693201,618,52802,-0.007644082885235548,0.10824048519134521,-0.012645352631807327,0.8003155589103699,-0.016718147322535515,0.625,2,445,49.35982929205056,49.35843700001715,0,1,1789192846.819127,0.0,4,0.07669655233621597,20.209239959716797
6.053207966033369,49.42794900003355,0.0,0.0,0.986350953578949,,0.005121082998812199,619,52851,-0.007644082885235548,0.10823606699705124,-0.01268258597701788,0.8003146052360535,-0.016718147322535515,0.625,2,446,49.42793837503996,49.42701691703405,0,1,1789192846.887237,0.0,4,0.057133570313453674,20.209239959716797
10.904000024311244,49.512449709000066,0.0,0.0,0.973507821559906,,0.009773708006832749,620,52952,-0.0017651863163337111,0.10822970420122147,-0.012764972634613514,0.8003002405166626,-0.011834376491606236,0.625,2,447,49.512440042046364,49.51131954201264,0,1,1789192846.97174,0.0,4,0.062437959015369415,20.209239959716797
16.56374998856336,49.59763741702773,0.0,0.0,0.9714377522468567,,0.015514791011810303,621,53052,-0.001776110497303307,0.10822565108537674,-0.012844943441450596,0.8003007769584656,-0.01184663362801075,0.625,2,448,49.59762691700598,49.5965885000187,0,1,1789192847.056929,0.0,4,0.06838306039571762,20.203628540039062
10.747124964836985,49.67130700004054,0.0,-13.333333432674408,0.9799312949180603,,0.009892666945233941,622,53102,-0.0017755802255123854,0.10822540521621704,-0.012881698086857796,0.8003051280975342,-0.011846713721752167,0.625,2,449,49.671297042048536,49.67045266699279,0,1,1789192847.1306,0.2222222238779068,5,0.08626954257488251,20.201066970825195
8.373541990295053,49.748345000029076,0.0,-13.333333432674408,0.974054753780365,,0.007335208007134497,623,53203,-0.001773682190105319,0.10822660475969315,-0.012960460036993027,0.8003101348876953,-0.012378492392599583,0.625,2,450,49.74833266704809,49.74730675003957,0,1,1789192847.207637,0.2222222238779068,5,0.09941194951534271,20.191919326782227
11.147250013891608,49.83107129205018,0.0,-13.333333432674408,0.9667636156082153,,0.010300334019120783,624,53252,-0.0017706778598949313,0.10822837054729462,-0.012993667274713516,0.8003051280975342,-0.01382420677691698,0.625,2,451,49.831061292032246,49.830224584031384,0,1,1789192847.290366,0.2222222238779068,5,0.10487773269414902,20.179237365722656
23.810916987713426,49.9237869590288,0.0,-13.333333432674408,0.9748725891113281,,0.02201645798049867,625,53352,-0.0017341029597446322,0.10823526978492737,-0.013063596561551094,0.8002919554710388,-0.013829084113240242,0.625,2,452,49.923776375013404,49.921992624993436,0,1,1789192847.383083,0.2222222238779068,5,0.1116221472620964,20.02767562866211
1.2715409975498915,49.98087158403359,0.0,-13.333333432674408,0.9772922992706299,,0.00034787500044330955,626,53401,-0.0016969309654086828,0.10823994874954224,-0.013090923428535461,0.800294816493988,-0.013833695091307163,0.625,2,453,49.98086170904571,49.97994795901468,0,1,1789192847.4401689,0.2222222238779068,5,0.12459730356931686,19.87369155883789
,,,,,after-land,,,60452,,0.11244024336338043,-0.011977342888712883,0.019890232011675835,,,,,57.01421758404467,,,,,,,,
