applied_lat_ms,applied_t,cmd_vx,cmd_yaw,conf,event,frame_age,frame_count,fw_ts,infer_ms,pitch,px,py,pz,roll,round_trip_ms,size,size_bucket,streak,t,t_proc,torn_frames,tracking,vis_gate,wall,x,x_bin,x_soft,yaw
160.8772919862531,11.736128583026584,0.0,0.0,0.9330477473940796,,0.011359249998349696,138,14633,1.499874982982874,0.0,-3.698712682160578e-14,3.7740433879180496e-14,0.8611574172973633,0.0,2.029458002652973,0.625,2,1,11.58933991601225,11.58661054103868,0,0,1,1789192448.116203,-0.4444444444444444,2,-0.3489589024130649,0.0
156.88670799136162,11.894784041040111,0.0,0.0,0.8464132453071308,,0.004727874998934567,140,14782,0.7232499774545431,0.0,-4.032616458100012e-14,4.074420922178801e-14,0.8512345552444458,0.0,0.857875042129308,0.625,2,2,11.743813875014894,11.742625208047684,0,0,1,1789192448.270678,-0.4444444444444444,2,-0.32319643366061784,0.0
159.61449994938448,11.980219541001134,0.2,26.666666666666664,0.8262704070128261,,0.0767141249962151,141,14935,0.90487499255687,0.0,-4.3863252195989674e-14,4.394497054660898e-14,0.8414660096168518,0.0,1.0791670065373182,0.375,1,3,11.898875333019532,11.897319166047964,0,1,1,1789192448.425741,-0.4444444444444444,2,-0.3428684522084829,0.0
156.6290840273723,12.144816625048406,0.2,26.666666666666664,0.8254321496873119,,0.06333933398127556,143,15093,1.2224999954923987,-0.02496391162276268,9.010487360683328e-07,-2.206194338327805e-09,0.8324788212776184,0.0,1.4349580160342157,0.375,1,4,12.053577625018079,12.05152687500231,0,1,1,1789192448.580447,-0.4444444444444444,2,-0.3572121714538255,0.0
154.54733301885426,12.311445041035768,0.2,26.666666666666664,0.8260683605330947,,0.05318429198814556,145,15242,0.8725000079721212,-4.461824417114258,0.0011177066480740905,-1.3401373166743724e-07,0.8253427743911743,-0.010243686847388744,1.0632919729687274,0.375,1,5,12.211541791039053,12.210082000005059,0,1,1,1789192448.738413,-0.4444444444444444,2,-0.39500949547117165,0.14259278774261475
159.23645900329575,12.478413625038229,0.0,26.666666666666664,0.8949254102627825,,0.0464479589718394,147,15383,0.8159579592756927,-2.5335960388183594,0.006586385425180197,3.166636452078819e-05,0.8197027444839478,0.06874492019414902,0.9882909944280982,0.625,2,6,12.3669836660265,12.365625125006773,0,1,1,1789192448.893857,-0.4444444444444444,2,-0.3838564578455402,1.0524781942367554
153.43558305175975,12.63637333305087,0.0,26.666666666666664,0.8928090454198794,,0.04476991604315117,149,15583,1.0229169856756926,-2.5522427558898926,0.017880180850625038,0.00016226217849180102,0.8135002851486206,0.046828147023916245,1.1947089806199074,0.625,2,7,12.529407416004688,12.52770766604226,0,1,1,1789192449.056284,-0.4444444444444444,2,-0.34020346806983515,4.80556583404541
153.05033302865922,12.802510041045025,0.0,13.333333333333332,0.8145170004282771,,0.041938250011298805,151,15732,0.9903750033117831,2.278040647506714,0.026666609570384026,0.0004456979804672301,0.811381459236145,-0.20323438942432404,1.153457968030125,0.625,2,8,12.693055166047998,12.691397958027665,0,1,1,1789192449.219934,-0.2222222222222222,3,-0.21528303367273838,7.739261627197266
158.407042035833,12.970719000033569,0.2,13.333333333333332,0.7478756908673628,,0.03401816700352356,153,15883,0.9321249672211707,0.35554420948028564,0.03111891634762287,0.00060667609795928,0.8103333115577698,-0.1997617483139038,1.1135410168208182,0.375,1,9,12.847895208047703,12.84633012500126,0,1,1,1789192449.3747761,-0.2222222222222222,3,-0.2292628565788463,9.70844841003418
156.9293339853175,13.126252125017345,0.0,13.333333333333332,0.8834692311496184,,0.03362679196288809,155,16033,1.084375020582229,0.8789157867431641,0.03910962864756584,0.0009616863681003451,0.810295820236206,-0.14742225408554077,1.3021249906159937,0.625,2,10,13.004847000003792,13.002949582994916,0,1,1,1789192449.53173,-0.2222222222222222,3,-0.1937080292278053,11.801559448242188
154.22362502431497,13.29282133304514,0.0,13.333333333333332,0.6956440939407028,,0.02013962500495836,157,16183,1.0439170291647315,-2.6401710510253906,0.047251731157302856,0.0012495893752202392,0.8109936118125916,-0.06426508724689484,1.2434590025804937,0.625,2,0,13.160516166011803,13.158737333025783,0,1,0,1789192449.687402,-0.2222222222222222,3,-0.23742682228818793,13.629290580749512
157.54937496967614,13.464575582998805,0.0,13.333333333333332,0.8637541051414357,,0.012576207984238863,159,16335,1.0456249583512545,0.6909189224243164,0.05862770974636078,0.002411510096862912,0.8121891021728516,-0.07728065550327301,1.2283750111237168,0.625,2,1,13.32133808301296,13.319602416013367,0,1,1,1789192449.848226,-0.2222222222222222,3,-0.2078433966281729,15.292525291442871
157.4927080073394,13.548114916018676,0.0,13.333333333333332,0.8842326326605859,,0.08523558301385492,160,16533,1.128625008277595,-0.0765855461359024,0.06728548556566238,0.003130697412416339,0.8140233159065247,-0.3107110261917114,1.3139999937266111,0.625,2,2,13.477713416039478,13.475857791025192,0,1,1,1789192450.0046039,-0.2222222222222222,3,-0.1799622872349594,16.897794723510742
158.90762500930578,13.720642458007205,0.0,13.333333333333332,0.9204272318182677,,0.07014170801267028,162,16682,1.2205839739181101,1.5287082195281982,0.07471074163913727,0.0040087332017719746,0.8157802820205688,-0.1819896548986435,1.4254580019041896,0.625,2,3,13.633812750049401,13.63187654101057,0,1,1,1789192450.160706,-0.2222222222222222,3,-0.17597650576795862,18.2485408782959
154.70037498744205,13.886145416006912,0.0,0.0,0.8486209450372675,,0.06412712502060458,164,16833,1.2361659901216626,0.09684032946825027,0.08068397641181946,0.004545737989246845,0.817171037197113,-0.13009899854660034,1.4566670288331807,0.625,2,4,13.797612416034099,13.795572166040074,0,1,1,1789192450.324508,0.0,4,-0.0905743305204052,19.475082397460938
153.87337503489107,14.052709125040565,-0.2,0.0,0.6168804520197112,,0.05431004101410508,166,16987,0.9626250248402357,0.7816125154495239,0.08686268329620361,0.005267591681331396,0.8184506893157959,-0.21308575570583344,1.1669580126181245,0.875,3,0,13.954745791037567,13.953145791019779,0,1,0,1789192450.481643,0.0,4,-0.0712800214547874,21.019651412963867
154.50812497874722,14.218974416027777,0.2,0.0,0.8725842719943961,,0.04413699998985976,168,17133,1.0046249954029918,0.47763341665267944,0.0912642702460289,0.005789836868643761,0.8193438053131104,-0.11536933481693268,1.148124982137233,0.375,1,1,14.110257291002199,14.10860329103889,0,1,1,1789192450.6371572,0.0,4,-0.05014539360136861,22.385223388671875
155.21112503483891,14.386059583048336,0.2,0.0,0.8025731465754541,,0.037481792038306594,170,17283,1.1195000261068344,3.882061719894409,0.09455383569002151,0.006098818499594927,0.8199304342269897,-0.2269640564918518,1.3260840205475688,0.375,1,2,14.27014641603455,14.268330250051804,0,1,1,1789192450.797049,0.0,4,-0.025649548061137027,23.14470100402832
154.46541702840477,14.55348787503317,0.0,0.0,0.9659258258199039,,0.027287208009511232,172,17482,1.2581670307554305,-6.475969314575195,0.09336183965206146,0.004600601736456156,0.8197628855705261,0.07359187304973602,1.4645420014858246,0.625,2,3,14.428400708013214,14.426309666014276,0,1,1,1789192450.955306,0.0,4,-0.026562836874356285,23.14203643798828
161.071875016205,14.727805791015271,0.2,0.0,0.8455228135675317,,0.015085250022821128,174,17633,1.0679590050131083,-1.2390297651290894,0.10266197472810745,0.0072143543511629105,0.8190456628799438,-0.002436264418065548,1.2602910283021629,0.375,1,4,14.583565750042908,14.581819166021887,0,1,1,1789192451.110473,0.0,4,-0.0419795324209051,23.13260841369629
158.9224999770522,14.89447487500729,0.2,0.0,0.8341174446573242,,0.0014059999957680702,176,17782,1.0052499710582197,-0.4034186005592346,0.10744261741638184,0.0089657511562109,0.8183920383453369,-0.0846991315484047,1.1766250245273113,0.375,1,5,14.738512416020967,14.736958375026006,0,1,1,1789192451.265422,0.0,4,-0.03344327371763571,23.499940872192383
157.51870803069323,14.97757658304181,0.2,0.0,0.8505472023485992,,0.07441699999617413,177,17933,1.1587500339373946,-1.5885789394378662,0.10909205675125122,0.010165379382669926,0.8174870014190674,-0.17053557932376862,1.4175419928506017,0.375,1,6,14.896472249994986,14.89447487500729,0,1,1,1789192451.4233851,0.0,4,-0.03402979001475263,23.933021545410156
153.4103750018403,15.142922250030097,0.0,0.0,0.9263806706790928,,0.06314016599208117,179,18083,1.7314159777015448,-2.767002582550049,0.11522674560546875,0.012884749099612236,0.8161218166351318,0.21405673027038574,1.9991250010207295,0.625,2,7,15.056077708024532,15.052652041020337,0,1,1,1789192451.5829918,0.0,4,-0.02240789134175336,23.803979873657227
158.62574998755008,15.315205375023652,0.2,0.0,0.8875040258802639,,0.05458125000586733,181,18242,0.7852499838918447,-3.54107928276062,0.12551851570606232,0.017697863280773163,0.8147543668746948,-0.0956888496875763,0.9176249732263386,0.375,1,8,15.21245429100236,15.21116087504197,0,1,1,1789192451.7393699,0.0,4,-0.020696117811808103,23.76936149597168
153.0329579836689,15.473870291025378,0.2,0.0,0.7624028718470635,,0.05338270799256861,183,18382,1.0173330083489418,2.7293577194213867,0.13573746383190155,0.022941874340176582,0.8137208819389343,0.09386900812387466,1.2014579842798412,0.375,1,9,15.375975041009951,15.374220041034278,0,1,1,1789192451.902894,0.0,4,-0.040145264465256555,23.771787643432617
157.5116669991985,15.644335457996931,0.0,0.0,0.9229940356597416,,0.041770209034439176,185,18584,0.8860419620759785,-4.833526134490967,0.14481765031814575,0.028581544756889343,0.8123832941055298,0.15788331627845764,1.0253749787807465,0.625,2,10,15.530058250005823,15.528594000032172,0,1,1,1789192452.05698,0.0,4,-0.027340822273192802,23.866018295288086
154.66683299746364,15.804077958047856,0.0,0.0,0.8658221397591893,,0.040270207973662764,187,18732,1.066333963535726,-0.8267490267753601,0.15998727083206177,0.03610780090093613,0.8112664222717285,0.06572243571281433,1.2725419946946204,0.625,2,11,15.691420708026271,15.689681333024055,0,1,1,1789192452.218345,0.0,4,-0.03180473622305419,24.005428314208984
153.8982079946436,15.969084791024216,0.2,0.0,0.8090512519758745,,0.02849329198943451,189,18882,1.001875032670796,1.815565824508667,0.17302784323692322,0.043045490980148315,0.8106358647346497,0.14520560204982758,1.1563749867491424,0.375,1,12,15.845386000000872,15.843679875019006,0,1,1,1789192452.372313,0.0,4,-0.02398425528144313,24.019113540649414
153.03183300420642,16.13550929102348,0.2,0.0,0.8278801090631556,,0.015877416997682303,191,19032,1.0434160358272493,1.2956103086471558,0.1820567399263382,0.04869049787521362,0.8102027773857117,-0.10833665728569031,1.2207910185679793,0.375,1,13,16.00012137502199,15.998354875016958,0,1,1,1789192452.52705,0.0,4,-0.026655731798974056,23.794260025024414
155.9654999873601,16.222374208038673,0.2,0.0,0.8014561795188216,,0.08588554197922349,192,19185,1.0907499818131328,-0.4983144700527191,0.1919928789138794,0.05433297157287598,0.8099923133850098,0.28076833486557007,1.316834008321166,0.375,1,14,16.154094833007548,16.152294250030536,0,1,1,1789192452.681026,0.0,4,-0.030777861412309506,23.833904266357422
155.30962496995926,16.39459091599565,0.0,0.0,0.9173263730521679,,0.0714392089867033,194,19333,1.3132920139469206,-3.250476121902466,0.2055838704109192,0.060902390629053116,0.8099797368049622,0.13065069913864136,1.7605830216780305,0.625,2,15,16.313538250047714,16.310720500012394,0,1,1,1789192452.8404741,0.0,4,-0.022216753013213644,23.907943725585938
160.90270900167525,16.566552875039633,0.0,0.0,0.8651435751208321,,0.060132291982881725,196,19482,0.7839580066502094,-1.2471729516983032,0.22083760797977448,0.06850747764110565,0.8100468516349792,0.09860049188137054,0.9247499983757734,0.625,2,16,16.467125250026584,16.46578245802084,0,1,1,1789192452.994061,0.0,4,-0.030161710063290697,23.99441909790039
162.35362499719486,16.73222825000994,0.0,0.0,0.7908241290554442,,0.05073341599199921,198,19644,1.0857500019483268,2.859086513519287,0.23598502576351166,0.07645963877439499,0.8104035258293152,0.06522764265537262,1.2982080224901438,0.625,2,17,16.622361165995244,16.620608041004743,0,1,1,1789192453.1492999,0.0,4,-0.0369411323151204,24.0023193359375
155.222249974031,16.891665416012984,0.2,0.0,0.8049822275757104,,0.044118833960965276,200,19835,1.058791996911168,0.7578253746032715,0.24768947064876556,0.08319203555583954,0.8107985258102417,0.07633734494447708,1.257082971278578,0.375,1,18,16.782369833032135,16.780561999999918,0,1,1,1789192453.309311,0.0,4,-0.033105990959707,23.863107681274414
160.26220802450553,17.060632416047156,0.0,0.0,0.7462045812920305,,0.03512620797846466,202,19990,1.0719159618020058,1.6461780071258545,0.25866150856018066,0.08878891915082932,0.811087429523468,0.14291106164455414,1.2713340111076832,0.625,2,19,16.93734308303101,16.935496416001115,0,1,1,1789192453.4642859,0.0,4,-0.038104789697011615,23.87355613708496
158.63079205155373,17.226289625046775,0.0,0.0,0.908513673478195,,0.022774958051741123,204,20134,1.063415955286473,-3.4870810508728027,0.26889705657958984,0.09360548853874207,0.8112685680389404,0.0989968329668045,1.2564159696921706,0.625,2,20,17.092139083018992,17.090433791046962,0,1,1,1789192453.619085,0.0,4,-0.01571751876118099,23.95204734802246
153.92816701205447,17.390195250045508,0.0,0.0,0.8514137621629626,,0.008596832980401814,206,20282,0.9269170113839209,1.7107691764831543,0.2824486792087555,0.09982218593358994,0.8113205432891846,0.05810144916176796,1.1093330103904009,0.625,2,21,17.246372000023257,17.244863916013855,0,1,1,1789192453.77332,0.0,4,-0.028817718366619702,23.9410400390625
162.15762501815334,17.482165291032288,0.0,0.0,0.7504815677538391,,0.0829717920278199,207,20434,1.067749981302768,0.7610103487968445,0.2909495234489441,0.10442448407411575,0.8112921118736267,-0.01267117727547884,1.2848330079577863,0.625,2,22,17.40471479104599,17.402979458041955,0,1,1,1789192453.931665,0.0,4,-0.03410176803522533,23.90285873413086
155.04808304831386,17.64377216604771,0.2,0.0,0.7621843613644851,,0.07748108304804191,209,20582,1.0529590072110295,2.150367021560669,0.29833871126174927,0.10816199332475662,0.8111831545829773,0.1003645583987236,1.2385830050334334,0.375,1,23,17.56791870802408,17.56620516604744,0,1,1,1789192454.094872,0.0,4,-0.032720294641068653,23.878650665283203
156.88766702078283,17.815426750050392,0.2,0.0,0.7651948093398556,,0.06442091701319441,211,20732,2.1752920001745224,0.1684538871049881,0.30531662702560425,0.1114443987607956,0.8109452724456787,0.051622021943330765,2.645583008415997,0.375,1,24,17.7265105000115,17.722960000042804,0,1,1,1789192454.25347,0.0,4,-0.03758686607391524,23.86570930480957
159.32933299336582,17.98555370804388,0.0,0.0,0.8220472224472299,,0.0517062500002794,213,20887,1.0139999794773757,-2.6960818767547607,0.31433263421058655,0.1154077798128128,0.8106186389923096,0.04104338213801384,1.2529169907793403,0.625,2,25,17.879705083032604,17.877930625050794,0,1,1,1789192454.406663,0.0,4,-0.005194375652117406,23.88746452331543
153.87075004400685,18.143668041040655,0.0,0.0,0.7825620240020702,,0.04556145903188735,215,21085,1.0283339652232826,-1.3914766311645508,0.3303740620613098,0.12226100265979767,0.8099568486213684,0.04550042375922203,1.1864170082844794,0.625,2,26,18.037037625035737,18.035358750028536,0,1,1,1789192454.563998,0.0,4,-0.021060509858672714,23.83616828918457
155.24062496842816,18.311897916020826,0.0,0.0,0.8790318496774046,,0.03702641697600484,217,21234,1.020749972667545,2.087409496307373,0.34202325344085693,0.12773822247982025,0.8095079660415649,-0.056677814573049545,1.1714999563992023,0.625,2,27,18.195374416012783,18.193683708028402,0,1,1,1789192454.722337,0.0,4,-0.027773912896953436,23.86636734008789
153.2743340358138,18.47559575003106,0.0,0.0,0.8592703741343379,,0.03205183404497802,219,21383,1.071707985829562,1.269477367401123,0.34784090518951416,0.13098213076591492,0.8092300295829773,0.03305705264210701,1.2708340073004365,0.625,2,28,18.3561377080041,18.354373250040226,0,1,1,1789192454.883103,0.0,4,-0.0324248649742823,23.869508743286133
155.41770902927965,18.645272375026252,0.0,0.0,0.8585640884117026,,0.022478500031866133,221,21532,1.0455829906277359,1.4009034633636475,0.3551531136035919,0.1343410164117813,0.8088313937187195,0.069063700735569,1.2283339747227728,0.625,2,29,18.513972375018056,18.51233316602884,0,1,1,1789192455.04094,0.0,4,-0.027373525654027123,23.85202407836914
157.04183402704075,18.81515900004888,0.0,0.0,0.8058327053052,,0.011489709024317563,223,21685,1.0808329680003226,0.479764848947525,0.3633219301700592,0.13799816370010376,0.8084226846694946,0.030881889164447784,1.2861249851994216,0.625,2,30,18.671387666021474,18.669606875046156,0,1,1,1789192455.198358,0.0,4,-0.04118943349265947,23.83182716369629
159.47116701863706,18.90208300005179,0.0,0.0,0.8555603411465478,,0.0842013749643229,224,21833,1.0660419939085841,1.183582067489624,0.3709070086479187,0.14143775403499603,0.808118999004364,0.035048842430114746,1.2705829576589167,0.625,2,31,18.82877191604348,18.826813207997475,0,1,1,1789192455.355744,0.0,4,-0.015225787228838845,23.82568359375
156.91554197110236,19.068787958007306,0.0,0.0,0.9263943764051452,,0.06965741701424122,226,22033,2.156500006094575,0.781453549861908,0.3796156346797943,0.14544503390789032,0.8077079057693481,0.025650518015027046,2.4561670143157244,0.625,2,32,18.98523104103515,18.981529833050445,0,1,1,1789192455.512206,0.0,4,-0.032537600118120374,23.82308578491211
158.6345830000937,19.240367458027322,0.0,0.0,0.9273750361007246,,0.0617795410216786,228,22192,1.1883749975822866,0.6795164942741394,0.385538250207901,0.14813221991062164,0.8074246048927307,0.021036094054579735,1.3644169666804373,0.625,2,33,19.145513791008852,19.143512416048907,0,1,1,1789192455.672491,0.0,4,-0.022681236866453715,23.819555282592773
153.47504103556275,19.402137291035615,0.0,0.0,0.9496144747327776,,0.05142120801610872,230,22336,1.368124969303608,0.7253052592277527,0.3907659947872162,0.15044422447681427,0.8071913719177246,0.024422621354460716,1.6735829995013773,0.625,2,34,19.30232466600137,19.30008345801616,0,1,1,1789192455.8293052,0.0,4,-0.027212183298715966,23.81953239440918
157.71987504558638,19.572868625051342,0.0,0.0,0.9605016867776749,,0.03992616600589827,232,22483,1.0946670081466436,0.5744278430938721,0.3955191373825073,0.1525251865386963,0.8069797158241272,0.018644792959094048,1.3093330198898911,0.625,2,35,19.45686445804313,19.455074916011654,0,1,1,1789192455.983846,0.0,4,-0.0192002976036821,23.817546844482422
160.89054103940725,19.74328516604146,0.0,0.0,0.9325184933990991,,0.029558083042502403,234,22633,1.0378749575465918,0.599754810333252,0.3998623490333557,0.1543610394001007,0.8067918419837952,0.011478511616587639,1.22637499589473,0.625,2,36,19.613725833012722,19.611952708044555,0,1,1,1789192456.1407099,0.0,4,-0.019082274251413865,23.806934356689453
153.03441701689735,19.905261833046097,0.0,0.0,0.8810896077067082,,0.016167750000022352,236,22782,1.0408329544588923,0.49556243419647217,0.40433311462402344,0.15623214840888977,0.8065761923789978,0.011021292768418789,1.2369580217637122,0.625,2,37,19.77014241600409,19.768395166029222,0,1,1,1789192456.297129,0.0,4,-0.02415208669990512,23.788612365722656
156.37916600098833,20.07700654101791,0.0,0.0,0.8636831329891357,,0.0017564159934408963,238,22937,1.003374985884875,0.5156424641609192,0.4083392322063446,0.15787175297737122,0.8063640594482422,0.0014233433175832033,1.1662920005619526,0.625,2,38,19.924039041041397,19.92238379101036,0,1,1,1789192456.4510279,0.0,4,-0.020721357721367035,23.78136444091797
161.95716598303989,20.166687666031066,0.0,0.0,0.8122595296618552,,0.07227604096988216,239,23088,1.2816659873351455,0.4293724596500397,0.4121078848838806,0.1594005525112152,0.8061620593070984,0.0032999145332723856,1.5232500154525042,0.625,2,39,20.079731208039448,20.07700654101791,0,1,1,1789192456.606724,0.0,4,-0.02129560528489284,23.78136444091797
155.40725004393607,20.330481375043746,0.0,0.0,0.9197326319976536,,0.06502637499943376,241,23282,2.032542019151151,0.41319936513900757,0.41646096110343933,0.16110564768314362,0.805901288986206,-0.00271657295525074,2.2927499958314,0.625,2,40,20.243240500043612,20.240100499999244,0,1,1,1789192456.7702348,0.0,4,-0.014623218921504868,23.778724670410156
158.34420803003013,20.501161041029263,0.0,0.0,0.9336727869607525,,0.05982862500241026,243,23435,1.2014579842798412,0.3832124173641205,0.4196368157863617,0.1623236984014511,0.8057170510292053,-0.004086046013981104,1.3820420135743916,0.625,2,41,20.4044915830018,20.402645458001643,0,1,1,1789192456.931488,0.0,4,-0.015634711174440066,23.768949508666992
160.64758296124637,20.667835208005272,0.0,0.0,0.916699288292514,,0.05170362495118752,245,23592,1.2677499908022583,0.3689822852611542,0.4230201542377472,0.16360680758953094,0.805486261844635,-0.003983138594776392,1.5121659962460399,0.625,2,42,20.561045583046507,20.558891249995213,0,1,1,1789192457.0880451,0.0,4,0.0024565067121007063,23.753568649291992
160.50829098094255,20.834844916011207,0.0,0.0,0.9394715024818352,,0.045852583018131554,247,23733,1.2273750035092235,0.3584999144077301,0.42573249340057373,0.16461233794689178,0.8053194880485535,-0.007658552844077349,1.4189999783411622,0.625,2,43,20.722101958002895,20.720189208048396,0,1,1,1789192457.249103,0.0,4,0.019525887123452282,23.745891571044922
160.59454198693857,21.001476625038777,0.0,0.0,0.9575001152466377,,0.0379956669639796,249,23883,1.232542039360851,0.33652159571647644,0.4285319447517395,0.16563308238983154,0.8051255345344543,-0.00989602506160736,1.4436249621212482,0.625,2,44,20.880880666023586,20.878877750015818,0,1,1,1789192457.407885,0.0,4,0.027292540687445466,23.74590492248535
159.54129199963063,21.16786345804576,0.0,0.0,0.9149485440217122,,0.02501324994955212,251,24085,1.1351670254953206,0.3152559697628021,0.43225663900375366,0.16698063910007477,0.8048694133758545,-0.00803255382925272,1.2855409877374768,0.625,2,45,21.035089208045974,21.03333541599568,0,1,1,1789192457.5620952,0.0,4,0.060228206743150124,23.739849090576172
156.81791701354086,21.326333083037753,0.0,0.0,0.960325940094245,,0.02732970897341147,253,24233,0.708750041667372,0.3086312413215637,0.4348447918891907,0.16788938641548157,0.8046966195106506,-0.011041441932320595,0.8287079981528223,0.625,2,46,21.198022875003517,21.196844874997623,0,1,1,1789192457.725031,0.0,4,0.04152652743616723,23.731304168701172
157.87762502441183,21.493048000033014,0.0,0.0,0.9673261132500389,,0.016240166034549475,255,24382,0.9484160109423101,0.3086332380771637,0.4374203085899353,0.1687924712896347,0.8045193552970886,-0.01166564878076315,1.1402079835534096,0.625,2,47,21.353036291024182,21.35141054104315,0,1,1,1789192457.880047,0.0,4,0.03939849127730402,23.72252082824707
157.04054199159145,21.659793375001755,-0.2,0.0,0.8991388716015367,,0.006955042015761137,257,24544,1.0230420157313347,0.299207866191864,0.44024983048439026,0.16977572441101074,0.804319441318512,-0.011610530316829681,1.19779200758785,0.875,3,48,21.511441666050814,21.509707875025924,0,1,1,1789192458.038455,0.0,4,0.06492642723923728,23.712209701538086
160.3439580067061,21.746899541001767,-0.2,0.0,0.8919985253502842,,0.07893908303231001,258,24682,1.0738749988377094,0.28369882702827454,0.4425356984138489,0.17056626081466675,0.8041596412658691,-0.011603433638811111,1.3089170097373426,0.875,3,49,21.667264000047,21.66549466602737,0,1,1,1789192458.19428,0.0,4,0.0739308022589771,23.710844039916992
160.96045798622072,21.917711333022453,0.0,-13.33333333333334,0.7799171964097649,,0.06293524999637157,260,24840,1.2167500099167228,1.8591853380203247,0.4448961615562439,0.1713833510875702,0.8039870858192444,-0.014079459011554718,1.4549160259775817,0.625,2,50,21.821907666046172,21.819686125032604,0,1,1,1789192458.348926,0.22222222222222232,5,0.15398915381761283,23.70672035217285
156.2577910372056,22.07907504105242,0.0,-13.33333333333334,0.7936689798550136,,0.05166158301290125,262,24983,1.1190829682163894,4.20721435546875,0.44362473487854004,0.17090575397014618,0.8036394119262695,-0.15021979808807373,1.3763750321231782,0.625,2,51,21.97639520803932,21.974478833028115,0,1,1,1789192458.503416,0.22222222222222232,5,0.17135724888092238,23.65868377685547
158.9087089523673,22.24525325000286,0.0,-13.33333333333334,0.9340452045602262,,0.04302866698708385,264,25132,1.0624589631333947,-0.5379337072372437,0.4401690363883972,0.16905567049980164,0.8033545613288879,0.045209649950265884,1.257458992768079,0.625,2,52,22.131146666011773,22.129373208037578,0,1,1,1789192458.6581702,0.22222222222222232,5,0.15691208611287608,23.611013412475586
155.08295799372718,22.410397583036683,0.0,-13.33333333333334,0.908630541049466,,0.03557445795740932,266,25335,1.0400410392321646,-0.30069857835769653,0.44069230556488037,0.16805368661880493,0.8034827709197998,-0.10046856850385666,1.2242079828865826,0.625,2,53,22.292623165994883,22.290889083000366,0,1,1,1789192458.819649,0.22222222222222232,5,0.16900007220127886,22.84950828552246
159.03545898618177,22.582921124994755,-0.2,-13.33333333333334,0.9141001725299304,,0.026954667002428323,268,25483,1.033332955557853,-0.3090083599090576,0.43998515605926514,0.16705721616744995,0.8034095168113708,-0.08679988980293274,1.2014579842798412,0.875,3,54,22.452586208004504,22.450840333011,0,1,1,1789192458.979614,0.22222222222222232,5,0.14531585710692688,21.440574645996094
153.26250001089647,22.746237458020914,-0.2,-13.33333333333334,0.8638486862624309,,0.020004292018711567,270,25633,1.0487920371815562,-0.023430049419403076,0.4377403259277344,0.16538387537002563,0.8032976984977722,-0.08346140384674072,1.2391250347718596,0.875,3,55,22.61477362504229,22.61297925002873,0,1,1,1789192459.141804,0.22222222222222232,5,0.14371115526665346,20.020498275756836
155.02945898333564,22.917782875010744,0.0,-13.33333333333334,0.9278070081620394,,0.013519792002625763,272,25787,1.0814580018632114,2.72103214263916,0.4350610375404358,0.1633819043636322,0.8031958341598511,-0.056038323789834976,1.2973750126548111,0.625,2,56,22.778120291011874,22.776273208030034,0,1,1,1789192459.3051531,0.22222222222222232,5,0.08303201395500807,19.27178192138672
155.20704095251858,23.087668291002046,0.0,-13.33333333333334,0.8665675500165857,,0.0038423329824581742,274,25983,0.8792919688858092,1.9680851697921753,0.4261572062969208,0.15902964770793915,0.8028372526168823,-0.0821128636598587,1.0352079989388585,0.625,2,57,22.937744583003223,22.936303583031986,0,1,1,1789192459.46478,0.22222222222222232,5,0.08253359911727359,18.250699996948242
153.91970798373222,23.170466708019376,0.0,0.0,0.9279549505276516,,0.07372162496903911,275,26132,1.0545830009505153,0.36897873878479004,0.4174608290195465,0.154486283659935,0.802623987197876,-0.06569628417491913,1.3104589888826013,0.625,2,58,23.09239237505244,23.090268625004683,0,1,1,1789192459.6194298,0.0,4,0.05705439016283369,16.753705978393555
153.7605420453474,23.34224620804889,0.0,0.0,0.9852570707337447,,0.05638108402490616,277,26282,1.1841250234283507,-1.5595972537994385,0.411589115858078,0.1505909562110901,0.8025010228157043,-0.11692779511213303,1.3709160266444087,0.625,2,59,23.246847166039515,23.24486675002845,0,1,1,1789192459.773887,0.0,4,0.06361495110872885,15.088903427124023
159.49133300455287,23.515959416050464,0.0,0.0,0.9763575783751071,,0.045833249983843416,279,26432,1.0817499714903533,-0.6976286768913269,0.40621399879455566,0.14746220409870148,0.8023629784584045,-0.2430349588394165,1.3049169792793691,0.625,2,60,23.404151291004382,23.402301333029754,0,1,1,1789192459.931194,0.0,4,0.022581239728747756,13.929903984069824
153.96070899441838,23.67824662500061,0.0,0.0,0.9600570603729286,,0.03694550000363961,281,26585,0.9994580177590251,-0.40890172123908997,0.3988032341003418,0.14401692152023315,0.8022088408470154,-0.18116188049316406,1.21795799350366,0.625,2,61,23.562844750005752,23.561231416009832,0,1,1,1789192460.08989,0.0,4,-0.0065258958210003114,13.57119083404541
162.4765829765238,23.855001666001044,0.0,0.0,0.9359385779954252,,0.025110082991886884,283,26732,1.0277499677613378,-1.0486046075820923,0.3911573588848114,0.14075814187526703,0.8021661639213562,-0.21524904668331146,1.1926250299438834,0.625,2,62,23.71934891602723,23.717635166016407,0,1,1,1789192460.2463958,0.0,4,0.01186444587981907,13.54517936706543
155.98862495971844,24.017907208006363,0.0,0.0,0.9715475782478853,,0.014253832981921732,285,26883,1.0645409929566085,-0.49635571241378784,0.3850669264793396,0.13820569217205048,0.8021944761276245,-0.13798026740550995,1.2583330390043557,0.625,2,63,23.877934958029073,23.876172416028567,0,1,1,1789192460.4049852,0.0,4,0.045245292690660535,13.279544830322266
160.24670796468854,24.191279457998462,0.0,0.0,0.9675035109065844,,0.0014636249979957938,287,27047,1.0078750201500952,-0.9236218929290771,0.37911051511764526,0.13594494760036469,0.8022506237030029,-0.13810816407203674,1.157500024419278,0.625,2,64,24.03408908302663,24.03249637503177,0,1,1,1789192460.561141,0.0,4,0.0660985311621166,13.032255172729492
159.94849998969585,24.27527949999785,0.0,0.0,0.9763157880695867,,0.07594845799030736,288,27232,1.3549170107580721,-0.4873086214065552,0.3728691041469574,0.13384300470352173,0.8023713827133179,-0.08676227927207947,1.573749992530793,0.625,2,65,24.193412207998335,24.191279457998462,0,1,1,1789192460.7204669,0.0,4,0.05263077727084053,12.8150053024292
154.51166598359123,24.44043779099593,0.0,0.0,0.9717579374349177,,0.06411874998593703,290,27333,1.3000830076634884,-0.706934928894043,0.3703036308288574,0.133077472448349,0.8024364113807678,-0.08331115543842316,1.540041994303465,0.625,2,66,24.352088166051544,24.350044874998275,0,1,1,1789192460.879146,0.0,4,0.05028006047361586,12.84411907196045
155.63799999654293,24.608985375030898,0.0,0.0,0.9423538101285203,,0.060274540970567614,292,27533,1.222666003741324,-0.45578789710998535,0.36506354808807373,0.1317639946937561,0.8026023507118225,-0.031021511182188988,1.4401250518858433,0.625,2,67,24.515564000001177,24.513621916004922,0,1,1,1789192461.042624,0.0,4,0.0365207005405824,12.845128059387207
159.88612500950694,24.78115770802833,-0.2,-13.33333333333334,0.9631356203724006,,0.05136237503029406,294,27684,1.250125002115965,-0.3836863934993744,0.3619423806667328,0.13117337226867676,0.8026989102363586,-0.007398432120680809,1.4624999603256583,0.875,3,68,24.67468987504253,24.67263395804912,0,1,1,1789192461.201752,0.22222222222222232,5,0.1042681660949745,12.858979225158691
160.57404200546443,24.948364833020605,-0.2,-13.33333333333334,0.939972420596469,,0.04724687500856817,296,27883,1.251625013537705,-0.2572466731071472,0.35823139548301697,0.13073399662971497,0.8027992844581604,0.009863413870334625,1.463084015995264,0.875,3,69,24.83696437504841,24.83503766602371,0,1,1,1789192461.364029,0.22222222222222232,5,0.1414199673360246,12.77476692199707
160.5738329817541,25.117383458011318,0.0,-13.33333333333334,0.9092626246786755,,0.038800958020146936,298,28032,1.2361250119283795,4.446503639221191,0.35465261340141296,0.13043881952762604,0.8027406930923462,-0.00988798774778843,1.4525000005960464,0.625,2,70,24.997690375021193,24.99561058304971,0,1,1,1789192461.524758,0.22222222222222232,5,0.16395810453526738,12.67492389678955
154.55916698556393,25.28163762501208,0.0,-13.33333333333334,0.9511123488309524,,0.023812416999135166,300,28185,1.0637910454533994,1.985443115234375,0.3458385169506073,0.1290697157382965,0.8024715185165405,0.05099380016326904,1.251958019565791,0.625,2,71,25.15263008303009,25.150890875025652,0,1,1,1789192461.679699,0.22222222222222232,5,0.15733697910608396,12.255229949951172
157.36625000135973,25.454671291052364,0.0,-13.33333333333334,0.9319471306975979,,0.008499083982314914,302,28332,1.032042026054114,-0.5047304034233093,0.33940020203590393,0.12786059081554413,0.8023881912231445,0.08509691804647446,1.2162909843027592,0.625,2,72,25.307557000021916,25.30580412503332,0,1,1,1789192461.834629,0.22222222222222232,5,0.13141193746284072,11.0155029296875
157.3568749590777,25.538247791002505,0.0,-13.33333333333334,0.921262248702317,,0.08125966700026765,303,28487,1.0093330056406558,-0.7436285018920898,0.33497247099876404,0.12687864899635315,0.8023501634597778,-0.016883831471204758,1.2100000167265534,0.625,2,73,25.463895332999527,25.462150583043694,0,1,1,1789192461.9909692,0.22222222222222232,5,0.13216287054891604,9.548583030700684
154.1327919694595,25.707577124994714,0.0,-13.33333333333334,0.9852891495332766,,0.06373112497385591,305,28632,2.101624966599047,-0.7905409336090088,0.33065053820610046,0.12625566124916077,0.8022160530090332,-0.03045986220240593,2.417750016320497,0.625,2,74,25.620468333014287,25.61717545799911,0,1,1,1789192462.147545,0.22222222222222232,5,0.11211503209139917,8.511614799499512
156.57487499993294,25.874619791051373,0.0,0.0,0.9908289198603621,,0.05938629194861278,307,28792,0.8829999715089798,0.036199260503053665,0.324375182390213,0.12529300153255463,0.8020017743110657,-0.038740161806344986,1.0278329718858004,0.625,2,75,25.77884233300574,25.777431208000053,0,1,1,1789192462.305921,0.0,4,0.07121493909879416,7.528580188751221
158.3037079544738,26.038256208004896,0.0,0.0,0.9830442058172674,,0.05386120796902105,309,28982,0.8134170202538371,-0.8698098659515381,0.31736326217651367,0.12431523948907852,0.8018466234207153,-0.02434508688747883,0.9664169629104435,0.625,2,76,25.935160082997754,25.933813708019443,0,1,1,1789192462.462241,0.0,4,0.05473689694101322,6.157973289489746
160.7744159991853,26.204502541047987,0.0,0.0,0.9837721043884717,,0.04579320800257847,311,29133,1.0528750135563314,-0.3944476246833801,0.31303831934928894,0.12377437949180603,0.8017399311065674,-0.04889027029275894,1.2351250043138862,0.625,2,77,26.091146791004576,26.08952133305138,0,1,1,1789192462.61823,0.0,4,0.09609939765247787,4.569100856781006
159.7289580386132,26.37024595803814,0.0,0.0,0.9875211802017888,,0.03727683302713558,313,29287,0.9857919649221003,-0.4076075255870819,0.30936557054519653,0.12340430915355682,0.8016417026519775,-0.036208733916282654,1.1335830204188824,0.625,2,78,26.249374208040535,26.247793833026662,0,1,1,1789192462.77646,0.0,4,0.0756681315768865,3.5918540954589844
156.91004204563797,26.536003250046633,0.0,0.0,0.9856574119230895,,0.023013167025055736,315,29443,1.0024579823948443,-0.43966326117515564,0.3063308894634247,0.12317921966314316,0.8016082048416138,-0.0210360586643219,1.1590409558266401,0.625,2,79,26.40368450002279,26.40210637502605,0,1,1,1789192462.930773,0.0,4,0.05944173541690347,3.7024495601654053
154.56895902752876,26.70140275004087,0.0,0.0,0.9790612636032548,,0.019097500015050173,317,29587,1.0564580443315208,-0.228928342461586,0.30416470766067505,0.12305869162082672,0.8016026020050049,-0.0037742475979030132,1.250165980309248,0.625,2,80,26.56770887505263,26.56593129102839,0,1,1,1789192463.0947998,0.0,4,0.08893301763170743,3.88177490234375
159.7104999818839,26.875343833002262,0.0,-13.33333333333334,0.9858605516871193,,0.005595792026724666,319,29735,0.9863339946605265,-0.29132920503616333,0.30234184861183167,0.12300967425107956,0.801608145236969,-0.006515324581414461,1.132542034611106,0.625,2,81,26.722738875017967,26.721229125047103,0,1,1,1789192463.249832,0.22222222222222232,5,0.13648972483071298,3.832146167755127
158.37012499105185,26.95837383304024,0.0,-13.33333333333334,0.988628685384681,,0.07534012495307252,320,29884,1.110083016101271,-0.12028080224990845,0.301006019115448,0.12304126471281052,0.8016523122787476,0.008260449394583702,1.3422079500742257,0.625,2,82,26.87740570801543,26.875343833002262,0,1,1,1789192463.404502,0.22222222222222232,5,0.1526494848977484,3.4642574787139893
154.1473749675788,27.123657791002188,0.0,-13.33333333333334,0.9822106487788201,,0.06376404198817909,322,30082,2.2107919794507325,-0.14786255359649658,0.2997654676437378,0.1231483519077301,0.801719605922699,0.003821822116151452,2.489292004611343,0.625,2,83,27.036810958001297,27.033274458022788,0,1,1,1789192463.5639098,0.22222222222222232,5,0.17251300089784496,3.1517269611358643
156.14733303664252,27.29522883304162,0.0,-13.33333333333334,0.9769124861867599,,0.051895500044338405,324,30233,1.3704579905606806,-0.06379631906747818,0.299269437789917,0.12328358739614487,0.8017492294311523,0.0122155686840415,1.5745830023661256,0.625,2,84,27.193042083003093,27.190977000049315,0,1,1,1789192463.720143,0.22222222222222232,5,0.18460315139377037,2.86987566947937
155.98458296153694,27.45846083300421,0.0,-13.33333333333334,0.968877437443915,,0.04606504098046571,326,30384,0.6925420020706952,-0.06987239420413971,0.2989964485168457,0.12343182414770126,0.8017835021018982,0.010433674789965153,0.8424579864367843,0.625,2,85,27.349767875042744,27.34854129102314,0,1,1,1789192463.87687,0.22222222222222232,5,0.182113148062362,2.123566150665283
154.5337499701418,27.621031625021715,0.0,-13.33333333333334,0.9245928165397724,,0.045141124981455505,328,30533,0.8804160170257092,-0.031039563938975334,0.29897812008857727,0.12361090630292892,0.8018063902854919,0.012014903128147125,1.0235420195385814,0.625,2,86,27.5131008750177,27.51163900003303,0,1,1,1789192464.0402062,0.22222222222222232,5,0.1772945078542673,0.6593740582466125
161.47604200523347,27.793900250049774,0.0,-13.33333333333334,0.9645777686968022,,0.03470120800193399,330,30682,1.0492079891264439,-0.015131858177483082,0.29909852147102356,0.12376771122217178,0.801794707775116,0.012132060714066029,1.2385000009089708,0.625,2,87,27.66888012504205,27.667125416046474,0,1,1,1789192464.195988,0.22222222222222232,5,0.14723440168350152,-0.5203619003295898
153.7072919891216,27.954343583027367,0.0,0.0,0.9735999144222267,,0.021150791959371418,332,30834,1.0687499889172614,0.00534777482971549,0.2993835210800171,0.12394897639751434,0.8017233610153198,0.013728845864534378,1.2771670008078218,0.625,2,88,27.823620500043035,27.821787082997616,0,1,1,1789192464.35073,0.0,4,0.08825081238885914,-1.7948920726776123
156.24887496232986,28.128150000004098,0.0,0.0,0.9833002393034338,,0.007058665971271694,334,30985,1.0428749956190586,0.0267182569950819,0.29969322681427,0.12408802658319473,0.8016629219055176,0.014393345452845097,1.2310000020079315,0.625,2,89,27.9807244160329,27.97895979101304,0,1,1,1789192464.5078368,0.0,4,0.07698000659921506,-2.7600269317626953
153.64150004461408,28.20956691604806,0.0,0.0,0.9888878172902821,,0.07870495901443064,335,31182,1.0913749574683607,0.023907940834760666,0.30016449093818665,0.12424612790346146,0.8015521764755249,0.014990824274718761,1.3235000078566372,0.625,2,90,28.136500125052407,28.134630375017878,0,1,1,1789192464.663615,0.0,4,0.0770754879202762,-4.139615058898926
155.46658303355798,28.381983416038565,0.0,0.0,0.9456878764815454,,0.0673272919957526,337,31332,1.6771249938756227,0.03932977840304375,0.3005600571632385,0.1243438720703125,0.801447331905365,0.013865102082490921,1.96733302436769,0.625,2,91,28.296793333021924,28.29384412500076,0,1,1,1789192464.823911,0.0,4,0.043262464949865485,-5.22613000869751
153.56037497986108,28.551893958006985,0.0,0.0,0.9770345623749532,,0.05237966700224206,339,31487,1.0683750151656568,0.03761810064315796,0.30093103647232056,0.12442454695701599,0.8013650178909302,0.0068160672672092915,1.269750006031245,0.625,2,92,28.452489750052337,28.450713250029366,0,1,1,1789192464.979609,0.0,4,0.0368434262605177,-5.589515209197998
160.95620795385912,28.725568583002314,0.0,0.0,0.9708106711446891,,0.04176320799160749,341,31636,1.0089590214192867,0.0422670878469944,0.3012459874153137,0.12449228018522263,0.8012967109680176,0.009947309270501137,1.1562079889699817,0.625,2,93,28.60796183301136,28.606375583040062,0,1,1,1789192465.135084,0.0,4,0.05587366554715101,-5.639658451080322
153.7457089871168,28.886615750030614,0.0,0.0,0.90549641566358,,0.03404416696866974,343,31783,1.2213339796289802,0.038595251739025116,0.3015161454677582,0.12454419583082199,0.8012391328811646,0.008110687136650085,1.4242909965105355,0.625,2,94,28.768880208022892,28.766914208012167,0,1,1,1789192465.2960079,0.0,4,0.07238520259729167,-5.786737442016602
155.52854194538668,29.058463499997742,0.0,0.0,0.9244104495120624,,0.018705707974731922,345,31932,1.01200002245605,0.03413793072104454,0.30176013708114624,0.1245870292186737,0.801193356513977,0.0024409338366240263,1.1810000287368894,0.625,2,95,28.923287665995304,28.921640666027088,0,1,1,1789192465.4504142,0.0,4,0.06173789674642202,-5.894930839538574
153.7421249668114,29.22774537501391,0.0,0.0,0.8340618191270395,,0.001717165985610336,347,32084,1.0495419846847653,0.029091546311974525,0.30197176337242126,0.12462920695543289,0.8011645674705505,0.004230557009577751,1.2347089941613376,0.625,2,96,29.07742137502646,29.07572041603271,0,1,1,1789192465.6045508,0.0,4,0.07513953972067446,-5.971944808959961
153.52254203753546,29.311753458052408,0.0,-13.33333333333334,0.8431188382574245,,0.07230429199989885,348,32235,1.2105840141884983,0.02685720846056938,0.3021586239337921,0.12466009706258774,0.8011454939842224,0.004867625888437033,1.4067080337554216,0.625,2,97,29.232568666047882,29.23053520801477,0,1,1,1789192465.759701,0.22222222222222232,5,0.11510211256019272,-6.108932971954346
156.93633299088106,29.483199333015364,0.0,-13.33333333333334,0.8366051546848208,,0.05918008298613131,350,32388,1.150999974925071,0.02549934573471546,0.30233094096183777,0.12468130886554718,0.8011254072189331,8.086954767350107e-05,1.302792050410062,0.625,2,98,29.387260415998753,29.385443083010614,0,1,1,1789192465.9143941,0.22222222222222232,5,0.12309544639295264,-6.166783332824707
162.8345839562826,29.656587500008754,0.0,-13.33333333333334,0.8660554576987203,,0.04609749995870516,352,32582,1.2649170239455998,0.024068286642432213,0.30253279209136963,0.12470737099647522,0.8011015057563782,-0.000953204813413322,1.4525000005960464,0.625,2,99,29.541836332995445,29.539850416011177,0,1,1,1789192466.068973,0.22222222222222232,5,0.1099246867382805,-6.225945472717285
153.6686250474304,29.81658512505237,0.0,-13.33333333333334,0.884827932651752,,0.03899324999656528,354,32737,1.0999999940395355,0.02069629356265068,0.30268070101737976,0.12472046911716461,0.801072359085083,0.0022757905535399914,1.2888339697383344,0.625,2,100,29.703681000042707,29.701909750001505,0,1,1,1789192466.2308202,0.22222222222222232,5,0.16724004097746534,-6.81721305847168
159.77558301528916,29.99182220804505,0.0,-13.33333333333334,0.7538534161827797,,0.026085874997079372,356,32887,1.091291953343898,0.01728988066315651,0.30281880497932434,0.12472269684076309,0.8010427951812744,0.00029566141893155873,1.3057920150458813,0.625,2,101,29.859950625046622,29.85813250002684,0,1,1,1789192466.3870919,0.22222222222222232,5,0.16094089043891593,-7.921947002410889
154.5534580363892,30.154631458048243,0.0,-13.33333333333334,0.6174028163860427,,0.021772166015580297,358,33037,1.056583016179502,0.019750596955418587,0.3029564321041107,0.12472613900899887,0.801018476486206,-0.0014060466783121228,1.2182500213384628,0.625,2,0,30.02354862500215,30.021850166027434,0,1,0,1789192466.550692,0.22222222222222232,5,0.12191720688995665,-9.309033393859863
153.35766703356057,30.322523625043686,0.0,0.0,0.6364379238674224,,0.007953124993946403,360,33188,1.0317090200260282,0.02007618173956871,0.30306291580200195,0.12473397701978683,0.800987958908081,-0.0005623516044579446,1.2113749980926514,0.625,2,0,30.178822582995053,30.177119083004072,0,1,0,1789192466.7059689,0.0,4,0.1170617294298136,-10.552496910095215
157.78358303941786,30.411679208045825,0.0,0.0,0.5790215395981477,,0.08069900004193187,361,33335,1.0354580008424819,0.01867445930838585,0.30314284563064575,0.12474283576011658,0.8009443879127502,0.0007139756344258785,1.228917040862143,0.625,2,0,30.336313875042833,30.33459462504834,0,1,0,1789192466.863463,0.0,4,0.0642496880938859,-11.566701889038086
158.7540420005098,30.58158675004961,0.0,0.0,0.2713809902737741,,0.06900720798876137,363,33533,1.2489999644458294,0.01167630311101675,0.30321431159973145,0.12475050985813141,0.8008787035942078,0.000166868616361171,1.5186669770628214,0.625,2,0,30.493938375031576,30.49183991603786,0,0,0,1789192467.02109,0.0,4,0.08800967207320712,-12.914339065551758
156.75629203906283,30.74338408303447,0.0,0.0,0.2590838452061286,,0.059214584005530924,365,33682,0.8381250081583858,0.011080656200647354,0.30324918031692505,0.12476001679897308,0.8008408546447754,-0.004301187116652727,0.9930410305969417,0.375,1,0,30.647224666026887,30.64584237500094,0,0,0,1789192467.174378,0.0,4,0.07649774333086047,-13.745148658752441
153.03916699485853,30.899624333018437,0.0,0.0,0.2687265609680072,,0.055249584023840725,367,33832,1.0238750255666673,0.011005174368619919,0.30326324701309204,0.12477663904428482,0.8008032441139221,0.00029789278050884604,1.194167009089142,0.625,2,0,30.803525208029896,30.80183475004742,0,0,0,1789192467.330681,0.0,4,0.010393756634184969,-14.231271743774414
160.57766700396314,31.073531250003725,0.0,0.0,0.18881552832195017,,0.04472737503238022,369,33985,1.06337497709319,0.0068920087069272995,0.3032577335834503,0.12479118257761002,0.800767183303833,-0.003854574402794242,1.279208983760327,0.375,1,0,30.959549083025195,30.957680958032142,0,0,0,1789192467.486707,0.0,4,0.06195894490630602,-14.461527824401855
162.1039580204524,31.242357458046172,0.0,0.0,0.1497852286002522,,0.035268999985419214,371,34135,1.3610409805551171,0.005017418880015612,0.3032432794570923,0.12481604516506195,0.8007421493530273,-0.0038478572387248278,1.5829579788260162,0.125,0,0,31.117648416024167,31.11552250001114,0,0,0,1789192467.64481,0.0,4,-0.033492952800653175,-14.508617401123047
157.85129100549966,31.406420416024048,0.0,0.0,0.0935278080000237,,0.021324082976207137,373,34283,1.0799579904414713,0.004956615157425404,0.3032286465167999,0.12483906745910645,0.8007268309593201,-0.0003610450658015907,1.282875018659979,0.125,0,0,31.271687458036467,31.269893207994755,0,0,0,1789192467.79885,0.0,4,0.018757182629014338,-14.546835899353027
154.6544170123525,31.570687458035536,0.0,0.0,0.08472359097451798,,0.01010529202176258,375,34432,1.05179101228714,0.005051547661423683,0.3031995892524719,0.12486488372087479,0.8007250428199768,-0.00019164303375873715,1.2176670134067535,0.125,0,0,31.427825541002676,31.426138333044946,0,0,0,1789192467.954991,0.6666666666666667,7,0.08898684011260824,-14.707167625427246
155.39554198039696,31.65578737499891,0.0,0.0,0.08410225755140645,,0.08424787502735853,376,34583,1.0565000120550394,0.005195204168558121,0.3031623661518097,0.12489016354084015,0.8007314205169678,-0.0035204575397074223,1.2687909766100347,0.125,0,0,31.58642800000962,31.58463970804587,0,0,0,1789192468.113596,0.6666666666666667,7,0.14786344992977335,-14.84809684753418
155.9996249852702,31.825748750008643,0.0,0.0,0.08489518650075958,,0.07001874997513369,378,34782,1.4385840040631592,0.0011854228796437383,0.3031077980995178,0.1249309778213501,0.8007269501686096,-0.003530030371621251,1.7124160076491535,0.125,0,0,31.742004541039933,31.739767874998506,0,0,0,1789192468.269175,0.6666666666666667,7,0.11864259492113305,-14.802356719970703
155.8294579735957,31.996236958017107,0.0,0.0,0.09597562627934501,,0.06283249997068197,380,34933,2.07537499954924,0.0011754633160308003,0.3030679523944855,0.12496364116668701,0.8007423281669617,-0.0001889566919999197,2.4874579976312816,0.125,0,0,31.90662679099478,31.903240000014193,0,0,0,1789192468.433803,0.6666666666666667,7,0.1423006147732867,-14.71412181854248
162.08841698244214,32.16830362501787,0.0,0.0,0.09839136679667668,,0.05149179196450859,382,35083,1.377584005240351,0.0012064579641446471,0.30302226543426514,0.12499525398015976,0.8007321357727051,-0.0001469483395339921,1.6597500070929527,0.125,0,0,32.05990620801458,32.05770699999994,0,0,0,1789192468.587082,0.6666666666666667,7,0.11420605622564484,-14.736409187316895
157.81187498942018,32.3326654160046,0.0,0.0,0.09219035865020232,,0.0433220419799909,384,35232,1.1214170372113585,0.001307395868934691,0.30297553539276123,0.12502503395080566,0.8007541298866272,-0.003205543616786599,1.3666250160895288,0.125,0,0,32.2200695410138,32.21817558299517,0,0,0,1789192468.7472472,0.6666666666666667,7,0.1093482409318112,-14.784296989440918
161.8673749617301,32.50088412500918,0.0,0.0,0.10066081132521479,,0.03326166595797986,386,35384,1.1248330119997263,0.0014061975525692105,0.30292388796806335,0.12506340444087982,0.8007466197013855,-0.0032380458433181047,1.2790409964509308,0.125,0,0,32.374040041002445,32.37227841600543,0,0,0,1789192468.90122,0.6666666666666667,7,0.07135445578718586,-14.824854850769043
153.6153749912046,32.65891341603128,0.0,0.0,0.10562392825270853,,0.021762083983048797,388,35533,1.0067499824799597,0.0015995011199265718,0.3028704822063446,0.12510272860527039,0.8007529973983765,-3.7298632378224283e-05,1.1586250038817525,0.125,0,0,32.52872312499676,32.52706012502313,0,0,0,1789192469.055905,0.0,4,0.06618618437442221,-14.786605834960938
156.0657910304144,32.82855354103958,0.0,0.0,0.09108619658336706,,0.009030583023559302,390,35683,1.1897499789483845,0.0005141895380802453,0.30280640721321106,0.12513981759548187,0.8007566928863525,3.861010554828681e-05,1.3585829874500632,0.125,0,0,32.68333229102427,32.68151833303273,0,0,0,1789192469.210517,0.6666666666666667,7,0.08251309284936698,-14.732769012451172
159.85891700256616,32.91590470803203,0.0,0.0,0.09205588306669184,,0.08273329201620072,391,35833,0.9943749755620956,-0.0018307901918888092,0.3027409315109253,0.1251710057258606,0.8007434010505676,-0.0004190337494947016,1.1641249875538051,0.125,0,0,32.840470333001576,32.838779083045665,0,0,0,1789192469.367657,0.6666666666666667,7,0.0867557265870451,-14.696512222290039
153.06458296254277,33.076579665998,0.0,0.0,0.10190481229404422,,0.07051658298587427,393,36032,0.8373750024475157,-0.0016726809553802013,0.30265727639198303,0.1252128779888153,0.800748884677887,-0.0037119658663868904,1.0227080201730132,0.125,0,0,32.99536800000351,32.99403166602133,0,0,0,1789192469.522557,0.6666666666666667,7,0.0633863711146552,-14.71367359161377
154.3859169469215,33.240298332995735,0.0,0.0,0.09232501070075166,,0.0649759589578025,395,36182,1.5147089725360274,-0.0016657562227919698,0.3025951683521271,0.12524759769439697,0.8007289171218872,-0.00308132148347795,1.7390830325894058,0.125,0,0,33.15325362503063,33.150888375006616,0,0,0,1789192469.6804469,0.6666666666666667,7,0.1135166377622765,-14.768263816833496
154.5537089696154,33.396322250016965,0.0,0.0,0.09138614609298527,,0.06477033399278298,397,36334,2.635250042658299,0.00012296777276787907,0.3025282621383667,0.12528105080127716,0.8007245659828186,-0.0004855637380387634,3.213207994122058,0.125,0,0,33.3109655410517,33.30653887504013,0,0,0,1789192469.838165,0.6666666666666667,7,0.20927947548314413,-14.74934196472168
159.6903339959681,33.56911637500161,0.0,0.0,0.09723853062133106,,0.05497841699980199,399,36494,1.9384589977562428,0.0005595457041636109,0.3024614155292511,0.12530727684497833,0.8007053732872009,-0.00252914777956903,2.2307500476017594,0.125,0,0,33.467845166043844,33.46440445800545,0,0,0,1789192469.995042,0.6666666666666667,7,0.12134796344147633,-14.656662940979004
156.00600000470877,33.73234254104318,0.0,0.0,0.09993536130224707,,0.05147537495940924,401,36635,1.3277499820105731,3.549336543073878e-05,0.30240193009376526,0.12533038854599,0.8006845712661743,-0.0029515495989471674,1.6026250086724758,0.125,0,0,33.630132083024364,33.62781191599788,0,0,0,1789192470.157332,0.6666666666666667,7,0.14689728355545376,-14.6414794921875
155.65370803233236,33.899044166028034,0.0,0.0,0.08693117955544138,,0.04480862501077354,403,36782,1.2343329726718366,-0.0011758136097341776,0.30234459042549133,0.1253557801246643,0.800681471824646,-0.00298517057672143,1.4546249876730144,0.125,0,0,33.79024133301573,33.788199083006475,0,0,0,1789192470.3174431,0.6666666666666667,7,0.20326076484223504,-14.63853645324707
155.04179103299975,34.06573741603643,0.0,0.0,0.10137262410368424,,0.0314581660204567,405,36932,1.059875008650124,-0.0012926653726026416,0.30227839946746826,0.1253918707370758,0.8006457090377808,-0.003014031331986189,1.260375021956861,0.125,0,0,33.94395941600669,33.942153791023884,0,0,0,1789192470.4711628,0.6666666666666667,7,0.16066485905992545,-14.678427696228027
155.56691598612815,34.234355416032486,0.0,0.0,0.09351077003647366,,0.017268083000089973,407,37083,1.070708967745304,-0.0015686178812757134,0.3022286891937256,0.1254265457391739,0.8006357550621033,-0.0030059837736189365,1.2670000432990491,0.125,0,0,34.097778791037854,34.09605658304645,0,0,0,1789192470.624985,0.6666666666666667,7,0.16796529166072255,-14.6813325881958
162.29504096554592,34.40945991600165,0.0,0.0,0.0887345857767079,,0.010517415998037905,409,37282,1.0527080157771707,0.002693695016205311,0.3021756410598755,0.1254708617925644,0.8005950450897217,-0.000735586101654917,1.246917003300041,0.125,0,0,34.259363708028104,34.25768229103414,0,0,0,1789192470.786572,0.6666666666666667,7,0.16714425686715578,-14.669832229614258
161.0886249691248,34.49146108300192,0.0,0.0,0.09187126695881369,,0.08219516696408391,410,37439,0.8632499957457185,0.002678153570741415,0.30212754011154175,0.12550750374794006,0.8005800843238831,-0.0006975045544095337,1.001457974780351,0.125,0,0,34.41410450002877,34.41256762499688,0,0,0,1789192470.9413152,0.6666666666666667,7,0.16441943777802479,-14.664063453674316
157.05583401722834,34.65421837504255,0.0,0.0,0.09930440891312853,,0.06958633399335667,412,37582,1.3311670045368373,0.001079424750059843,0.3020908832550049,0.12553294003009796,0.8005428910255432,-0.0006437852862291038,1.6406659851782024,0.125,0,0,34.56934887502575,34.566748875018675,0,0,0,1789192471.0965629,0.6666666666666667,7,0.1406462206236932,-14.658217430114746
156.91404201788828,34.824136375042144,0.0,0.0,0.08781259938506875,,0.062041457975283265,414,37743,2.3316669976338744,0.0009317195508629084,0.30205830931663513,0.12555454671382904,0.8005273938179016,-0.0028994621243327856,2.8256670339033008,0.125,0,0,34.73298754100688,34.72926379099954,0,0,0,1789192471.2602081,0.6666666666666667,7,0.14949361514094894,-14.6461820602417
162.89833397604525,34.99855512502836,0.0,0.0,0.09002687239558434,,0.04853091697441414,416,37882,1.2525420170277357,0.003407873911783099,0.3020387887954712,0.1255744993686676,0.8004994988441467,-0.002864902839064598,1.4878329820930958,0.125,0,0,34.88627770805033,34.88418770802673,0,0,0,1789192471.413496,0.6666666666666667,7,0.16755269847444196,-14.634000778198242
157.10895898519084,35.16139625001233,0.0,0.0,0.09778683383625432,,0.03847374999895692,418,38032,1.1910839821211994,0.005447328556329012,0.3020201623439789,0.12559837102890015,0.8004759550094604,-0.002864902839064598,1.3725419994443655,0.125,0,0,35.044713416020386,35.0427610410261,0,0,0,1789192471.571934,0.6666666666666667,7,0.13170452040945083,-14.634000778198242
160.72362498380244,35.33383070799755,0.0,0.0,0.09599306578950322,,0.025692792027257383,420,38182,0.7628749590367079,0.005201956257224083,0.3020038306713104,0.12562665343284607,0.8004588484764099,-0.0028109620325267315,0.9341670083813369,0.125,0,0,35.20010258303955,35.198799875041004,0,0,0,1789192471.727325,0.6666666666666667,7,0.1703443890357427,-14.628244400024414
156.29108401481062,35.49033587501617,0.0,0.0,0.09390334815336224,,0.023144292004872113,422,38383,0.7234580116346478,0.0034641968086361885,0.301993727684021,0.12566132843494415,0.8004270195960999,3.1816845876164734e-05,0.8574580424465239,0.125,0,0,35.35841758304741,35.35718908300623,0,0,0,1789192471.885643,0.6666666666666667,7,0.1422656085530443,-14.624444961547852
155.82924999762326,35.65491529100109,0.0,0.0,0.10205205810590223,,0.015967875020578504,424,38532,0.9249580325558782,0.0055016097612679005,0.30199459195137024,0.1256827563047409,0.8004165291786194,3.0995717679616064e-05,1.092042017262429,0.125,0,0,35.516598125046585,35.515053916024044,0,0,0,1789192472.0438259,0.6666666666666667,7,0.16439141473510807,-14.61207389831543
154.88041698699817,35.818723000003956,0.0,0.0,0.10089758768718943,,0.009869292029179633,426,38688,0.9279579971916974,0.00809873640537262,0.3019999861717224,0.12570123374462128,0.8003862500190735,-0.0035157185047864914,1.0968749993480742,0.125,0,0,35.675189000030514,35.67371187504614,0,0,0,1789192472.202419,0.6666666666666667,7,0.1584630845565073,-14.597887992858887
159.5307500101626,35.907304125023074,0.0,0.0,0.08945226098180957,,0.08249970799079165,427,38845,1.0244169970974326,0.005402266047894955,0.3020094335079193,0.1257222294807434,0.8003842830657959,-0.00351689662784338,1.2315830099396408,0.125,0,0,35.832046125025954,35.8302730830037,0,0,0,1789192472.3592792,0.6666666666666667,7,0.18696241057610224,-14.588448524475098
161.12712497124448,36.08131112501724,0.0,0.0,0.09961042761552628,,0.06501729099545628,429,38987,1.851084001827985,0.0052721197716891766,0.3020267188549042,0.12573736906051636,0.8003585338592529,-0.00044173895730637014,2.247125026769936,0.125,0,0,35.98821533302544,35.98520129104145,0,0,0,1789192472.5154529,0.6666666666666667,7,0.1885721312522339,-14.582557678222656
158.91562501201406,36.24854158301605,0.0,0.0,0.09434891048462926,,0.051737875037360936,431,39136,1.3094169553369284,0.010140207596123219,0.3020501732826233,0.12574714422225952,0.8003566861152649,-0.00044260776485316455,1.5760419773869216,0.125,0,0,36.143537333002314,36.141363833041396,0,0,0,1789192472.670775,0.6666666666666667,7,0.14386126350174805,-14.577547073364258
159.55579100409523,36.418223416025285,0.0,0.0,0.09096978897042,,0.03992483299225569,433,39283,1.300875039305538,0.00990072451531887,0.30207446217536926,0.12575550377368927,0.8003514409065247,-0.00360793131403625,1.5161670162342489,0.125,0,0,36.300725166045595,36.298592458013445,0,0,0,1789192472.827965,0.6666666666666667,7,0.16085972069136203,-14.558638572692871
155.3733330219984,36.580138083023485,0.0,0.0,0.09240925792146762,,0.02977912500500679,435,39488,0.9852080256678164,0.00976536888629198,0.3021116554737091,0.12577350437641144,0.8003386855125427,-0.0033822194673120975,1.1355840251781046,0.125,0,0,36.456121875031386,36.45454387500649,0,0,0,1789192472.983364,0.6666666666666667,7,0.16302876274700276,-14.55264663696289
155.57999996235594,36.74846095801331,0.0,0.0,0.08380857614553693,,0.016124207992106676,437,39635,1.0209589963778853,0.009106985293328762,0.3021446168422699,0.125779926776886,0.8003422617912292,-0.0014282857300713658,1.1826249537989497,0.125,0,0,36.61070266604656,36.60900516604306,0,0,0,1789192473.1379468,0.6666666666666667,7,0.14780643319706724,-14.55264663696289
153.49845797754824,36.91513804101851,0.0,0.0,0.08789312772007458,,0.008428082976024598,439,39783,1.0524580138735473,0.009170820005238056,0.30219316482543945,0.12578004598617554,0.8003246188163757,-0.0014288172824308276,1.2390830088406801,0.125,0,0,36.77183145802701,36.770067666016985,0,0,0,1789192473.299078,0.6666666666666667,7,0.2041185795712899,-14.549306869506836
154.3532080249861,37.08256316604093,0.0,0.0,0.0856476619637941,,9.233300806954503e-05,441,39949,0.8618750143796206,0.013513443060219288,0.3022514283657074,0.12576641142368317,0.8003383874893188,-0.0023257676512002945,1.0001659975387156,0.125,0,0,36.92968270799611,36.92830229102401,0,0,0,1789192473.456932,0.6666666666666667,7,0.16242259200026335,-14.534530639648438
153.66274997359142,37.165581041015685,0.0,0.0,0.09679835049739485,,0.07064487499883398,442,40083,1.2895830441266298,0.013512564823031425,0.30229783058166504,0.1257493942975998,0.8003241419792175,-0.0061155082657933235,1.5543749905191362,0.125,0,0,37.084755666030105,37.08256316604093,0,0,0,1789192473.6120079,0.6666666666666667,7,0.15596606151082137,-14.52403450012207
153.52887503104284,37.333180666028056,0.0,0.0,0.09505537646695075,,0.06545312504749745,444,40283,1.2382090208120644,0.013260863721370697,0.30238115787506104,0.12571318447589874,0.8003393411636353,-0.005895520560443401,1.4635000261478126,0.125,0,0,37.24720458302181,37.24510491604451,0,0,0,1789192473.774459,0.6666666666666667,7,0.12156333322320562,-14.511157989501953
153.0737080029212,37.497694791003596,0.0,0.0,0.08976378134039245,,0.06199229200137779,446,40436,1.2656660401262343,0.013260864652693272,0.3024445176124573,0.12567414343357086,0.8003261685371399,-0.004959911108016968,1.4923749840818346,0.125,0,0,37.408561833028216,37.40661337500205,0,0,0,1789192473.935819,0.6666666666666667,7,0.12622706357382793,-14.511157989501953
160.23345803841949,37.67175404104637,0.0,0.0,0.08765174272475657,,0.05357354204170406,448,40584,1.0646250448189676,0.014739244244992733,0.30251142382621765,0.1256190538406372,0.8003399968147278,-0.004960657097399235,1.2631249846890569,0.125,0,0,37.56689708301565,37.565094125049654,0,0,0,1789192474.094156,0.6666666666666667,7,0.12334662306432662,-14.508060455322266
159.83104199403897,37.837854208017234,0.0,0.0,0.08252133233757063,,0.049487416981719434,450,40733,1.1049580061808228,0.016109401360154152,0.30257514119148254,0.12555459141731262,0.8003341555595398,-0.010963506065309048,1.313582994043827,0.125,0,0,37.72928687505191,37.727510583004914,0,0,0,1789192474.2565491,0.6666666666666667,7,0.09695197424419366,-14.499022483825684
154.61337502347305,37.99991450004745,0.0,0.0,0.08119211304082839,,0.04455587500706315,452,40883,1.2391249765641987,0.016107836738228798,0.30263787508010864,0.12548770010471344,0.800335168838501,-0.010965799912810326,1.4392079901881516,0.125,0,0,37.8918942080345,37.88985700003104,0,0,0,1789192474.419159,0.6666666666666667,7,0.1347959116103702,-14.490787506103516
153.8929170346819,38.16725945804501,0.0,0.0,0.09096978897042,,0.03487237502122298,454,41086,1.2416249956004322,0.01610533706843853,0.3027230203151703,0.12537306547164917,0.8003360033035278,-0.010141736827790737,1.4766249805688858,0.125,0,0,38.05029754101997,38.04823891603155,0,0,0,1789192474.577565,0.6666666666666667,7,0.10288841260793286,-14.477544784545898
157.7574170078151,38.339891125040594,0.0,0.0,0.08571064037117626,,0.024454374972265214,456,41233,1.0577909997664392,0.015166212804615498,0.30278024077415466,0.12527337670326233,0.8003385663032532,-0.010257082991302013,1.24149996554479,0.125,0,0,38.2083227080293,38.206588083005045,0,0,0,1789192474.735592,0.6666666666666667,7,0.11380274510273938,-14.468903541564941
154.66770803323016,38.506093458039686,0.0,0.0,0.08894608353072314,,0.018499708035960793,458,41382,1.04358303360641,0.015166202560067177,0.30284544825553894,0.12516209483146667,0.8003422021865845,-0.0163212101906538,1.297915994655341,0.125,0,0,38.37174591602525,38.36992545804242,0,0,0,1789192474.8990169,0.6666666666666667,7,0.10877679747500152,-14.468921661376953
161.50149999884889,38.68146179104224,0.0,0.0,0.08862089048124454,,0.012660499953199178,460,41534,1.0566249839030206,0.01614895649254322,0.302924245595932,0.1250322312116623,0.8003338575363159,-0.016322121024131775,1.24299997696653,0.125,0,0,38.53431233303854,38.53262079099659,0,0,0,1789192475.061586,0.6666666666666667,7,0.08848559655148067,-14.465520858764648
154.50537501601502,38.84224925003946,0.0,0.0,0.08906015526021102,,0.0012367499875836074,462,41683,0.9499999578110874,0.019611753523349762,0.3030009865760803,0.12490115314722061,0.8003434538841248,-0.01632513292133808,1.1461249669082463,0.125,0,0,38.690601250040345,38.68898062501103,0,0,0,1789192475.217878,0.6666666666666667,7,0.061793272352060225,-14.456425666809082
157.76937501505017,38.929381791036576,0.0,0.0,0.09683349933635528,,0.07217991701327264,463,41835,1.2909590150229633,0.01960921660065651,0.30307650566101074,0.12475758790969849,0.8003278970718384,-0.01632819138467312,1.6738330014050007,0.125,0,0,38.84605237504002,38.8437923330348,0,0,0,1789192475.3733351,0.6666666666666667,7,0.05051068770887805,-14.447517395019531
157.174208026845,39.09807941602776,0.0,0.0,0.09674564859716794,,0.06291400000918657,465,42032,2.305749978404492,0.019607383757829666,0.3031868636608124,0.1245308369398117,0.8003374338150024,-0.02320520207285881,2.5679580285213888,0.125,0,0,39.00729441602016,39.0038192080101,0,0,0,1789192475.5345762,0.6666666666666667,7,0.08495859763011429,-14.44112777709961
158.86908303946257,39.26787429105025,0.0,0.0,0.08728278283169934,,0.049128125014249235,467,42192,1.3236249797046185,0.019606435671448708,0.3032805025577545,0.12434539943933487,0.8003240823745728,-0.02223849482834339,1.5711660380475223,0.125,0,0,39.16022216604324,39.158133333025035,0,0,0,1789192475.687506,0.6666666666666667,7,0.050236457573579266,-14.438787460327148
156.36074997019023,39.43537500000093,0.0,0.0,0.09916068975185421,,0.03567691601347178,469,42333,1.1434589978307486,0.019603345543146133,0.3033667504787445,0.1241728663444519,0.8003348112106323,-0.021167566999793053,1.3670420157723129,0.125,0,0,39.31647941604024,39.31469116604421,0,0,0,1789192475.843766,0.6666666666666667,7,0.10688834496428457,-14.430425643920898
154.71625002101064,39.60564216604689,0.0,0.0,0.0818995905367611,,0.02124908397672698,471,42482,1.0528750135563314,0.023970870301127434,0.3034602105617523,0.1239817664027214,0.8003170490264893,-0.024543408304452896,1.1948750470764935,0.125,0,0,39.47380316600902,39.47217500000261,0,0,0,1789192476.001091,0.6666666666666667,7,0.09911708175506043,-14.422124862670898
156.15208295639604,39.775569165998604,0.0,0.0,0.08956691805453526,,0.012927874980960041,473,42633,1.0232910281047225,0.023202385753393173,0.3035655915737152,0.12376166135072708,0.8003247976303101,-0.02318902127444744,1.1957090464420617,0.125,0,0,39.63396762503544,39.63234495802317,0,0,0,1789192476.161259,0.6666666666666667,7,0.06337583979572865,-14.402608871459961
153.7400420056656,39.94518400001107,0.0,0.0,0.08220234443239866,,5.9917045291513205e-05,475,42782,0.9299580124206841,0.02320309355854988,0.3036642074584961,0.12355899065732956,0.8003101348876953,-0.02549022249877453,1.113042002543807,0.125,0,0,39.792995666037314,39.791503875050694,0,0,0,1789192476.3202891,0.6666666666666667,7,0.09964793720215992,-14.40419864654541
158.45220896881074,40.03298575000372,0.0,0.0,0.09235870130665953,,0.07219158398220316,476,42983,1.2333330232650042,0.022914903238415718,0.30380794405937195,0.12328559160232544,0.8003141283988953,-0.025095686316490173,1.4498750097118318,0.125,0,0,39.948734541016165,39.94672512501711,0,0,0,1789192476.476031,0.6666666666666667,7,0.09085705598637905,-14.408792495727539
154.65395897626877,40.19447887502611,0.0,0.0,0.09187126695881369,,0.06452208396513015,478,43083,0.7838750025257468,0.0242559015750885,0.303878515958786,0.12316076457500458,0.8003017902374268,-0.025095688179135323,0.9184160153381526,0.125,0,0,40.10564800002612,40.10434700001497,0,0,0,1789192476.632946,0.6666666666666667,7,0.09328849485285044,-14.408794403076172
153.86158297769725,40.35858354100492,0.0,0.0,0.09303483599506188,,0.055309791991021484,480,43284,0.9840410202741623,0.024930600076913834,0.30402737855911255,0.12291785329580307,0.8003031611442566,-0.020903265103697777,1.1241250322200358,0.125,0,0,40.26155858300626,40.26003175001824,0,0,0,1789192476.788859,0.6666666666666667,7,0.11089314964676025,-14.40291976928711
161.01029101992026,40.531557791051455,0.0,0.0,0.09555792686123188,,0.044166832987684757,482,43432,1.0620419634506106,0.02492496930062771,0.30412307381629944,0.12276151776313782,0.800286591053009,-0.01906748116016388,1.2588329846039414,0.125,0,0,40.416528875008225,40.41471433301922,0,0,0,1789192476.9438322,0.6666666666666667,7,0.09900006226555708,-14.386112213134766
159.3390409834683,40.69677341601346,0.0,0.0,0.08650141824557056,,0.03461874998174608,484,43583,1.0829580132849514,0.0195930115878582,0.3042144775390625,0.12261417508125305,0.8002862930297852,-0.01907104067504406,1.287084014620632,0.125,0,0,40.573869750020094,40.572053125011735,0,0,0,1789192477.101175,0.6666666666666667,7,0.055962349716499105,-14.376920700073242
160.77858401695266,40.864974250027444,0.0,0.0,0.09091994098927063,,0.022612459026277065,486,43733,1.0289580095559359,0.019592858850955963,0.30431032180786133,0.1224731057882309,0.8002828359603882,-0.019071100279688835,1.2096670106984675,0.125,0,0,40.72846450004727,40.72680812503677,0,0,0,1789192477.2557719,0.6666666666666667,7,0.06997551992538087,-14.376748085021973
161.97775001637638,41.03690062504029,0.0,0.0,0.10166593954814865,,0.0071588329738006,488,43885,1.0542909731157124,0.02145041525363922,0.30440229177474976,0.12234281748533249,0.8002725839614868,-0.01574372872710228,1.2486670166254044,0.125,0,0,40.88378850003937,40.88208170799771,0,0,0,1789192477.411099,0.6666666666666667,7,0.09960369402580876,-14.376748085021973
155.97249998245388,41.11430133302929,0.0,0.0,0.08243007816271172,,0.0785717919934541,489,44032,1.0040829656645656,0.02145041711628437,0.3044758439064026,0.12222938984632492,0.8002777695655823,-0.015490728430449963,1.1787500116042793,0.125,0,0,41.038714958005585,41.03690062504029,0,0,0,1789192477.566028,0.6666666666666667,7,0.09559521191197726,-14.376748085021973
154.83933297218755,41.28132229100447,0.0,0.0,0.08736287183261066,,0.06814962497446686,491,44183,2.0992920035496354,0.01495048776268959,0.30454233288764954,0.12211619317531586,0.8002602458000183,-0.01549253985285759,2.4596669827587903,0.125,0,0,41.197909916052595,41.19463258300675,0,0,0,1789192477.725225,0.6666666666666667,7,0.0959602500401002,-14.370939254760742
154.79941701050848,41.45019837503787,0.0,0.0,0.09070421703900187,,0.05725441698450595,493,44332,1.2634589802473783,0.017331235110759735,0.304607093334198,0.12199904024600983,0.8002748489379883,-0.015495037660002708,1.494541997089982,0.125,0,0,41.35473995801294,41.35265337501187,0,0,0,1789192477.882057,0.6666666666666667,7,0.09866178723087085,-14.361356735229492
157.77766599785537,41.62022929103114,0.0,0.0,0.0849264195431004,,0.04528887500055134,495,44532,1.1912500485777855,0.015450186096131802,0.3046761453151703,0.12183592468500137,0.8002553582191467,-0.015498874709010124,1.3676669914275408,0.125,0,0,41.509638332994655,41.50774050003383,0,0,0,1789192478.036958,0.6666666666666667,7,0.0969926924933559,-14.34927749633789
156.501124962233,41.78302029101178,0.0,0.0,0.0919383615530865,,0.03897995897568762,497,44683,1.0573749896138906,0.014043745584785938,0.3047187030315399,0.12170607596635818,0.800266683101654,-0.01580897904932499,1.2507499777711928,0.125,0,0,41.6672715000459,41.665499125025235,0,0,0,1789192478.1945941,0.6666666666666667,7,0.12189403456249129,-14.348618507385254
154.9345829989761,41.94778545800364,0.0,0.0,0.0953496874068681,,0.03175162500701845,499,44832,1.001249998807907,0.014043745584785938,0.30475953221321106,0.12156258523464203,0.8002484440803528,-0.019623078405857086,1.1671250103972852,0.125,0,0,41.82631416601362,41.82460250001168,0,0,0,1789192478.353639,0.6666666666666667,7,0.10063801798673286,-14.348618507385254
153.23345898650587,42.1144706250052,0.0,0.0,0.08753930158953364,,0.017795916995964944,501,44982,1.0491660214029253,0.015414641238749027,0.30479922890663147,0.12141449749469757,0.8002621531486511,-0.01962423138320446,1.228792010806501,0.125,0,0,41.98074708302738,41.979033083014656,0,0,0,1789192478.508074,0.6666666666666667,7,0.11684298223461193,-14.344255447387695
160.27362504974008,42.28918712504674,0.0,0.0,0.1050745897372176,,0.010244458040688187,503,45135,1.0445000370964408,0.015411344356834888,0.30482518672943115,0.12126065790653229,0.800247073173523,-0.01962682418525219,1.2227080296725035,0.125,0,0,42.14081283303676,42.139157958037686,0,0,0,1789192478.668142,0.6666666666666667,7,0.09736449397202367,-14.33461856842041
153.98000000277534,42.447449125000276,0.0,0.0,0.10006197867125337,,0.0014472500188276172,505,45290,0.724000041373074,0.011496037244796753,0.3048425316810608,0.12109971046447754,0.8002572655677795,-0.019627630710601807,0.8683750056661665,0.125,0,0,42.29626829101471,42.29491637501633,0,0,0,1789192478.8236,0.6666666666666667,7,0.10148751066241143,-14.331618309020996
154.168542008847,42.52916058304254,0.0,0.0,0.11155630907098463,,0.07443450001301244,506,45482,0.9267079876735806,0.011496778577566147,0.30485883355140686,0.12087184190750122,0.8002458810806274,-0.025519274175167084,1.124915957916528,0.125,0,0,42.45092170801945,42.449426541046705,0,0,0,1789192478.978256,0.6666666666666667,7,0.09369746044043473,-14.331618309020996
157.9667079495266,42.69739520800067,0.0,0.0,0.08994458188947103,,0.06395304098259658,508,45633,1.0260830167680979,0.0134995486587286,0.30486470460891724,0.12069357186555862,0.8002576231956482,-0.025521062314510345,1.2000830029137433,0.125,0,0,42.60505429102341,42.60338154103374,0,0,0,1789192479.132391,0.6666666666666667,7,0.10523457783540621,-14.323354721069336
158.7976660230197,42.8625809160294,0.0,0.0,0.09725617492321938,,0.05777316604508087,510,45783,0.5703750066459179,0.01349656842648983,0.30485862493515015,0.12050813436508179,0.8002474904060364,-0.023549174889922142,0.6919589941389859,0.125,0,0,42.76253450004151,42.76155641605146,0,0,0,1789192479.289873,0.6666666666666667,7,0.1155809507747386,-14.316222190856934
158.03904097992927,43.02440354099963,0.0,0.0,0.10303233206994954,,0.05390908301342279,512,45933,1.1572910007089376,0.008749640546739101,0.30484476685523987,0.12031455338001251,0.8002543449401855,-0.025366252288222313,1.3166659628041089,0.125,0,0,42.92200350004714,42.92027358303312,0,0,0,1789192479.449344,0.6666666666666667,7,0.11359543956537974,-14.31622314453125
156.0533749870956,43.190149791014846,0.0,0.0,0.08424169576015446,,0.04084741696715355,514,46087,1.24729098752141,0.009198414161801338,0.3048292398452759,0.12010929733514786,0.8002504706382751,-0.029680555686354637,1.5016670222394168,0.125,0,0,43.07709200005047,43.074943832994904,0,0,0,1789192479.604436,0.6666666666666667,7,0.1411060167244786,-14.314061164855957
158.88150001410395,43.36008712503826,0.0,0.0,0.0929670231402961,,0.028791290998924524,516,46233,1.05945800896734,0.010575701482594013,0.3048093020915985,0.11992403119802475,0.8002504706382751,-0.026208242401480675,1.2509580119512975,0.125,0,0,43.23176437499933,43.22999691602308,0,0,0,1789192479.75911,0.6666666666666667,7,0.14110507687937707,-14.305825233459473
153.70274998713285,43.52376125002047,0.0,0.0,0.11097994541225359,,0.015647124964743853,518,46385,1.0806249920278788,0.010550283826887608,0.3047700524330139,0.11969970166683197,0.8002554178237915,-0.02620912529528141,1.2903750175610185,0.125,0,0,43.38751658302499,43.38570562499808,0,0,0,1789192479.9148648,0.0,4,0.11052389818511844,-14.301597595214844
159.22254201723263,43.69763695803704,0.0,0.0,0.12619178375981588,,0.0025172089808620512,520,46535,0.8714169962331653,0.006516628433018923,0.3047323226928711,0.11949847638607025,0.8002485632896423,-0.0309907253831625,1.0180409881286323,0.375,1,0,43.542350750009064,43.54093162500067,0,0,0,1789192480.0697012,0.0,4,0.11182537708997882,-14.301597595214844
154.3777080369182,43.7773193330504,0.0,0.0,0.18816992778324798,,0.07469533302355558,521,46689,1.2805830338038504,0.006516110617667437,0.304691344499588,0.11928217858076096,0.8002594113349915,-0.027754850685596466,1.5245829708874226,0.375,1,0,43.69989929103758,43.69763695803704,0,0,0,1789192480.227254,0.0,4,0.09141759822509726,-14.30054759979248
156.74791700439528,43.949633250012994,0.0,0.0,0.21044205428111412,,0.06720675004180521,523,46883,1.239374978467822,0.009003663435578346,0.3046303987503052,0.11900103092193604,0.8002498745918274,-0.02956496551632881,1.492332958150655,0.375,1,0,43.86245512502501,43.860092083050404,0,0,0,1789192480.389811,0.0,4,0.06686561504500381,-14.287352561950684
160.61774996342137,44.12211816600757,0.0,0.0,0.39352616697591164,,0.06080620898865163,525,47040,1.9724580342881382,0.004389744717627764,0.30457279086112976,0.11877711862325668,0.800257682800293,-0.03189463913440704,2.3097500088624656,0.625,2,0,44.02553450001869,44.0223066250328,0,0,0,1789192480.552893,0.0,4,0.020026444646658634,-14.287354469299316
154.50858400436118,44.28042775002541,0.0,0.0,0.37946872754035027,,0.05200491700088605,527,47185,1.1892910115420818,0.004392226226627827,0.304520845413208,0.11856994777917862,0.8002451062202454,-0.03189463913440704,1.3846249785274267,0.625,2,0,44.17982420802582,44.177924083021935,0,0,0,1789192480.7071848,0.0,4,0.04703830466539815,-14.287354469299316
154.5618330128491,44.44723045802675,0.0,0.0,0.3597110783965059,,0.03969470801530406,529,47336,1.0407919762656093,0.007416926324367523,0.3044631779193878,0.11835724860429764,0.8002608418464661,-0.030615394935011864,1.2356669758446515,0.625,2,0,44.334112625045236,44.33236333302921,0,0,0,1789192480.8614762,0.0,4,0.013983128822118052,-14.285740852355957
153.78066699486226,44.614496333000716,0.0,0.0,0.429968851391498,,0.028261416999157518,531,47483,1.0538339847698808,0.006430827081203461,0.30439773201942444,0.11813857406377792,0.8002443313598633,-0.03061654604971409,1.2250000145286322,0.625,2,0,44.49066654103808,44.48897708300501,0,0,0,1789192481.018032,0.0,4,0.025636429840977835,-14.276833534240723
159.84729200135916,44.78866212500725,0.0,0.0,0.5466924423144461,,0.014373917016200721,533,47638,1.0459580225870013,0.003072067629545927,0.3043249249458313,0.11790464073419571,0.8002567887306213,-0.030616896227002144,1.2456669937819242,0.875,3,0,44.64498291601194,44.64318875002209,0,0,0,1789192481.172351,0.0,4,-0.005027893092105415,-14.272253036499023
161.11929196631536,44.95199912501266,0.0,0.0,0.5988216763548356,,0.010350041964557022,535,47834,0.7275000098161399,0.004710383713245392,0.3042307198047638,0.1176009476184845,0.8002408146858215,-0.03356138616800308,0.8872919715940952,0.875,3,0,44.802477165998425,44.801229875010904,0,0,0,1789192481.329847,0.0,4,-0.00168006061647916,-14.272253036499023
154.1926659992896,45.11053091601934,0.0,0.0,0.45191332025914455,,0.0002964999875985086,537,47983,0.7747089839540422,0.00470987381413579,0.3041529655456543,0.11736640334129333,0.8002544045448303,-0.03356184810400009,0.9115840075537562,0.875,3,0,44.95789829100249,44.95663475000765,0,0,0,1789192481.48527,0.0,4,0.026534419755580775,-14.271236419677734
153.9542080136016,45.19357291603228,0.0,0.0,0.7197476412221698,,0.07091220800066367,538,48138,1.222957973368466,0.004703843500465155,0.30405640602111816,0.1171177327632904,0.8002389073371887,-0.034150827676057816,1.434417034033686,0.625,2,1,45.112577000050806,45.11053091601934,0,0,1,1789192481.639953,0.0,4,0.021919225223500042,-14.261051177978516
156.68320801341906,45.36640429100953,0.0,0.0,0.688103426080923,,0.06202370801474899,540,48282,2.3471669992432,0.0004956669290550053,0.30397194623947144,0.11692047119140625,0.8002481460571289,-0.034150995314121246,2.8648340376093984,0.875,3,0,45.27539487503236,45.27174479101086,0,0,0,1789192481.802776,0.0,4,0.00012449136678645712,-14.259066581726074
153.99495797464624,45.53047629102366,0.0,0.0,0.7875809072795544,,0.05322204198455438,542,48433,1.2862089788541198,0.000494894222356379,0.30387482047080994,0.11670338362455368,0.8002402186393738,-0.029874809086322784,1.524832972791046,0.875,3,1,45.431812291033566,45.42970337503357,0,0,1,1789192481.959193,0.0,4,-0.0009291968990103451,-14.259066581726074
159.92062503937632,45.703840833040886,0.0,0.0,0.6270870517737245,,0.04099345800932497,544,48583,1.1833339813165367,0.000494894222356379,0.3037780821323395,0.11649775505065918,0.8002429008483887,-0.029874809086322784,1.3518750201910734,0.875,3,0,45.58676070801448,45.584913666010834,0,0,0,1789192482.114143,0.0,4,-0.022726524534368745,-14.259066581726074
156.43920795992017,45.867569916008506,0.0,0.0,0.6184941555240236,,0.03009449999080971,546,48734,1.2608750257641077,0.0017903674161061645,0.30367380380630493,0.1162910982966423,0.8002416491508484,-0.03168076276779175,1.4870829763822258,0.875,3,0,45.74326020805165,45.741225208039396,0,0,0,1789192482.270645,0.0,4,-0.031032095675898153,-14.253021240234375
155.4259589756839,46.034052125003655,0.0,0.0,0.8280804889435351,,0.01815045898547396,548,48886,1.0776249691843987,0.0017865494592115283,0.30356645584106445,0.11610844731330872,0.8002355694770813,-0.031680986285209656,1.2866670149378479,0.875,3,1,45.898530875041615,45.896776625013445,0,0,1,1789192482.4259179,0.0,4,-0.07134623633928863,-14.24611759185791
154.31095898384228,46.200975625019055,0.0,0.0,0.8775062525873869,,0.012252709013409913,550,49086,1.001457974780351,-0.003314671805128455,0.3034140169620514,0.11588316410779953,0.8002372980117798,-0.02692621573805809,1.153583056293428,0.875,3,2,46.06057816604152,46.05891737504862,0,0,1,1789192482.587967,-0.2222222222222222,3,-0.10726869606672022,-14.246118545532227
160.01970798242837,46.375077083008364,0.0,13.333333333333332,0.9441502726785191,,0.00010545802069827914,552,49233,1.0302920127287507,-0.003314671805128455,0.3032975196838379,0.11570893228054047,0.8002337217330933,-0.02692621573805809,1.2123329797759652,0.625,2,3,46.21685733302729,46.215162833046634,0,1,1,1789192482.744249,-0.2222222222222222,3,-0.1360484425410706,-14.246118545532227
156.7833749577403,46.45496295799967,0.0,13.333333333333332,0.9531457201852452,,0.07689749996643513,553,49386,0.5513330106623471,-0.0013704294105991721,0.303171843290329,0.115543432533741,0.8002378940582275,-0.026926087215542793,0.677583971992135,0.625,2,4,46.376122958026826,46.375077083008364,0,1,1,1789192482.9035158,-0.2222222222222222,3,-0.1521398513504253,-14.241802215576172
153.33458298118785,46.612068707996514,0.0,13.333333333333332,0.9771784292061284,,0.07128891599131748,555,49533,0.8170839864760637,-0.0018061745213344693,0.3030434250831604,0.1153937503695488,0.8002274036407471,-0.026925617828965187,0.9723330149427056,0.625,2,5,46.531424541026354,46.53002304100664,0,1,1,1789192483.0588212,-0.2222222222222222,3,-0.1633863291699704,-14.223077774047852
156.30112501094118,46.780383875011466,0.0,13.333333333333332,0.9425826602226587,,0.0664443330024369,557,49687,1.0195000213570893,-0.006835112348198891,0.3029026687145233,0.11524897813796997,0.8002355098724365,-0.026890629902482033,1.1798329651355743,0.625,2,6,46.69223254104145,46.69052708300296,0,1,1,1789192483.2196312,-0.2222222222222222,3,-0.16527008122156508,-13.89988899230957
157.8299170359969,46.947999333031476,0.0,13.333333333333332,0.9269270708105438,,0.05570791702484712,559,49837,1.3405419886112213,-0.004884777590632439,0.3027655780315399,0.1151188537478447,0.8002147078514099,-0.022031940519809723,1.5456249820999801,0.625,2,7,46.84799350000685,46.845877333020326,0,1,1,1789192483.375395,-0.2222222222222222,3,-0.16422324692785734,-12.790234565734863
153.63675000844523,47.113194875011686,0.0,13.333333333333332,0.9848126958927026,,0.04156391602009535,561,50032,1.2767500011250377,-0.005619427654892206,0.30258429050445557,0.11496390402317047,0.8001990914344788,-0.020748931914567947,1.5156659646891057,0.625,2,8,47.00326625001617,47.001122041023336,0,1,1,1789192483.5306711,-0.2222222222222222,3,-0.14425494671083536,-10.773369789123535
153.24725001119077,47.280298666039016,0.0,13.333333333333332,0.9919894562204531,,0.0287672919803299,563,50182,1.009542029350996,-0.007422858849167824,0.30243760347366333,0.11485671252012253,0.800186276435852,-0.018606040626764297,1.2118329759687185,0.625,2,9,47.157542125030886,47.155818708008155,0,1,1,1789192483.684948,-0.2222222222222222,3,-0.14379520203832233,-9.553657531738281
160.312415973749,47.458921166020446,0.0,13.333333333333332,0.993696542858822,,0.011721582966856658,565,50335,1.0328329517506063,-0.007048573810607195,0.3022792637348175,0.11475738137960434,0.8001878261566162,-0.016360469162464142,1.2080830056220293,0.625,2,10,47.31206262501655,47.31033033301355,0,1,1,1789192483.839471,-0.2222222222222222,3,-0.14457167277575186,-8.74368667602539
153.97550002671778,47.61852408305276,0.0,13.333333333333332,0.9816797727174053,,0.0014342499780468643,567,50482,1.0950840078294277,-0.007056852336972952,0.3021417558193207,0.11467118561267853,0.800153911113739,-0.015874972566962242,1.3507500407285988,0.625,2,11,47.46790675004013,47.46598283300409,0,1,1,1789192483.995318,-0.2222222222222222,3,-0.14045661182218347,-8.05836296081543
153.82120799040422,47.697610083036125,0.0,13.333333333333332,0.9762785806289255,,0.0766975829610601,568,50633,1.087667013052851,-0.009592797607183456,0.30199283361434937,0.11459936201572418,0.8001275062561035,-0.016250014305114746,1.367208024021238,0.625,2,12,47.62242679100018,47.62048645800678,0,1,1,1789192484.1498408,-0.2222222222222222,3,-0.1380216748598762,-6.5075764656066895
157.11800003191456,47.86708062503021,0.0,13.333333333333332,0.9518545658964531,,0.06721195799764246,570,50800,1.204625004902482,-0.010791712440550327,0.3018732964992523,0.11455905437469482,0.8000998497009277,-0.01626426912844181,1.3836249709129333,0.625,2,13,47.77911933301948,47.77717458299594,0,1,1,1789192484.306536,-0.2222222222222222,3,-0.14765496624521846,-4.5870161056518555
157.8293750062585,48.03756108303787,0.0,0.0,0.9829871611615101,,0.05833962501492351,572,50933,1.2390419724397361,-0.0029729362577199936,0.3018021881580353,0.11454881727695465,0.800068736076355,-0.007563697174191475,1.4526669983752072,0.625,2,14,47.9400180830271,47.93807133304654,0,1,1,1789192484.467437,0.0,4,-0.0868556890251832,-3.341841459274292
162.0463749859482,48.21182987501379,0.0,0.0,0.9733820781589517,,0.044639915984589607,574,51082,1.270917011424899,-0.0017324185464531183,0.3017226457595825,0.11454548686742783,0.8000328540802002,-0.006488589104264975,1.4985839952714741,0.625,2,15,48.096391000028234,48.09442341601243,0,1,1,1789192484.6238122,0.0,4,-0.07660489790167742,-2.3675880432128906
154.1872910456732,48.373380041040946,-0.2,0.0,0.8820339144434497,,0.03548504103673622,576,51282,1.2725840206258,-0.005042331293225288,0.30163756012916565,0.11456290632486343,0.8000115752220154,-0.008782846853137016,1.5217080363072455,0.875,3,16,48.25679054099601,48.25467779103201,0,1,1,1789192484.784214,0.0,4,-0.0422832409482378,-1.3269808292388916
159.8481250111945,48.54518325004028,-0.2,0.0,0.8697420854082833,,0.024029624997638166,578,51435,0.7958749774843454,0.00250025512650609,0.3015861511230469,0.11459638923406601,0.8000006675720215,-0.0009411038481630385,0.949125038459897,0.875,3,17,48.41067787504289,48.409364750026725,0,1,1,1789192484.938103,0.0,4,-0.028353331539068896,-0.416960746049881
154.192833986599,48.70625200000359,0.0,0.0,0.8656352382159541,,0.018819249991793185,580,51586,0.9610829874873161,3.9113571643829346,0.30081698298454285,0.11462199687957764,0.7999537587165833,-0.012129315175116062,1.1267500231042504,0.625,2,18,48.572444916004315,48.57087841600878,0,1,1,1789192485.099873,0.0,4,-0.04171272922173561,0.02119063213467598
153.77454197732732,48.873387500003446,0.0,0.0,0.9782125939468878,,0.005759624997153878,582,51736,0.8924999856390059,2.539409875869751,0.2949618995189667,0.11472106724977493,0.7997426986694336,-0.0026766678784042597,1.0570830199867487,0.625,2,19,48.726886874996126,48.72537258302327,0,1,1,1789192485.254317,0.0,4,-0.07349036720399973,-0.06713360548019409
157.619750010781,48.961030125035904,0.0,0.0,0.9825274148534617,,0.07873750000726432,583,51882,1.070333004463464,0.581689715385437,0.28764158487319946,0.11491753160953522,0.7996444702148438,-0.0009755522478371859,1.2866660254076123,0.625,2,20,48.8839395410032,48.88214787503239,0,1,1,1789192485.411372,0.0,4,-0.09395492720128097,-0.04225635901093483
154.1001250152476,49.127553791040555,-0.2,13.333333333333332,0.8828470523610797,,0.07162733399309218,585,52034,1.197708013933152,-1.5319242477416992,0.2840436100959778,0.11517947167158127,0.7998109459877014,0.0021884033922106028,1.403000031132251,0.875,3,21,49.0475628330023,49.0450810000184,0,1,1,1789192485.574999,-0.2222222222222222,3,-0.14917922998336322,-0.033608946949243546
153.29941699746996,49.296425458043814,0.0,13.333333333333332,0.9810363864121756,,0.0614075839985162,587,52185,1.9316250109113753,-0.4665628969669342,0.2812003195285797,0.11543530970811844,0.7999288439750671,0.020850054919719696,2.2053749999031425,0.625,2,22,49.207669291005004,49.20453362504486,0,1,1,1789192485.7351072,-0.2222222222222222,3,-0.1661340965625258,0.15239180624485016
155.4955419851467,49.46482133300742,0.0,13.333333333333332,0.9730204036200345,,0.05347024998627603,589,52386,0.9881659643724561,4.586617946624756,0.2715626657009125,0.11573927849531174,0.799830973148346,0.03733811527490616,1.133624988142401,0.625,2,23,49.36431745800655,49.36279604100855,0,1,1,1789192485.891757,-0.2222222222222222,3,-0.12893412809322838,0.3366352915763855
157.11112500866875,49.63008787500439,0.0,13.333333333333332,0.9617851076304685,,0.04587116604670882,591,52536,0.8191249798983335,-3.1194355487823486,0.2596810758113861,0.11597786098718643,0.7995632290840149,-0.020481767132878304,0.9610409615561366,0.625,2,24,49.52022987505188,49.51884791604243,0,1,1,1789192486.047672,-0.2222222222222222,3,-0.18756510441469174,1.0417605638504028
156.01670800242573,49.79607245803345,0.0,13.333333333333332,0.9671222272612731,,0.04084416601108387,593,52690,0.8706250227987766,0.09098570048809052,0.254013329744339,0.11630409210920334,0.7995169758796692,0.10547958314418793,1.007041020784527,0.625,2,25,49.68226691603195,49.68089991604211,0,1,1,1789192486.209712,-0.2222222222222222,3,-0.15724096094683365,2.4576501846313477
154.4549169484526,49.96268749999581,-0.2,13.333333333333332,0.8922306506001296,,0.028862916980870068,595,52833,1.0831660474650562,-1.8004531860351562,0.24808204174041748,0.11647111177444458,0.799471914768219,0.040823858231306076,1.2934169499203563,0.875,3,26,49.83891658304492,49.83709550002823,0,1,1,1789192486.366364,-0.2222222222222222,3,-0.118721952668266,3.5669496059417725
158.81416702177376,50.13641725003254,0.0,0.0,0.9782211592594426,,0.014420958003029227,597,52982,0.9949580417014658,-0.04247607663273811,0.24145132303237915,0.11673738807439804,0.7994044423103333,0.07669850438833237,1.1424999684095383,0.625,2,27,49.99357337504625,49.99202404101379,0,1,1,1789192486.521023,0.0,4,-0.06558891819201294,4.799609661102295
156.582250026986,50.2188070830307,0.0,0.0,0.9568077730442648,,0.08402912499150261,598,53132,1.0577089851722121,1.558904767036438,0.23475158214569092,0.11689890176057816,0.7994269728660583,0.07971829921007156,1.2720840168185532,0.625,2,28,50.14803154102992,50.146253957995214,0,1,1,1789192486.675484,0.0,4,-0.07300410246599412,5.794544219970703
153.43258302891627,50.38968008302618,0.0,0.0,0.9331481198597329,,0.06982812500791624,600,53335,2.111709036398679,-2.3241875171661377,0.22091932594776154,0.11653464287519455,0.799237072467804,-0.007140859961509705,2.4100419832393527,0.625,2,29,50.3096387910191,50.30607562500518,0,1,1,1789192486.8370938,0.0,4,-0.05158482829724344,7.218161582946777
160.93645797809586,50.569661708024796,0.0,0.0,0.9325311396674545,,0.060293749964330345,602,53482,1.3603750267066061,0.4280931353569031,0.2161301225423813,0.11668568104505539,0.7991810441017151,0.26175758242607117,1.6023749485611916,0.625,2,30,50.47123929101508,50.46901900001103,0,1,1,1789192486.998697,0.0,4,-0.027033079910980397,8.012210845947266
157.53399999812245,50.73426408303203,0.0,0.0,0.9216839995366661,,0.05301891698036343,604,53636,1.2218750198371708,-2.0744869709014893,0.20990951359272003,0.11647002398967743,0.7992085814476013,0.017441140487790108,1.4229589723981917,0.625,2,31,50.63163112499751,50.62974900001427,0,1,1,1789192487.159091,0.0,4,-0.01894683359489099,8.376452445983887
154.8278330010362,50.89857908303384,0.0,0.0,0.9038323832741756,,0.042076165962498635,606,53786,1.1085000005550683,0.4696987569332123,0.2048100233078003,0.11646690964698792,0.7992513179779053,0.1265186220407486,1.2769579770974815,0.625,2,32,50.78761941601988,50.7858274159953,0,1,1,1789192487.315081,0.0,4,-0.0403422794853038,8.476754188537598
161.18525003548712,51.07284133305075,0.0,0.0,0.9134350349977965,,0.03460295801050961,608,53933,1.050833030603826,-1.3926103115081787,0.19904203712940216,0.1162022054195404,0.7993964552879333,0.02792058326303959,1.2351660407148302,0.625,2,33,50.94797970802756,50.94625904102577,0,1,1,1789192487.475444,0.0,4,-0.02790625762255951,8.683398246765137
158.4030410158448,51.227788166026585,0.0,0.0,0.9478551032415131,,0.03225654101697728,610,54083,0.9235829929821193,-0.21645668148994446,0.19433946907520294,0.11610648781061172,0.7996889352798462,0.06369920819997787,1.1124170268885791,0.625,2,34,51.103117916034535,51.10164166602772,0,1,1,1789192487.6305852,0.0,4,-0.0493579035581571,8.881587028503418
153.90945796389133,51.378592666005716,0.0,0.0,0.9610696019619408,,0.030953582958318293,612,54232,1.1120419949293137,-0.5837525129318237,0.19019043445587158,0.11594713479280472,0.7999979853630066,0.060775212943553925,1.3708749902434647,0.625,2,35,51.25755741604371,51.25563679100014,0,1,1,1789192487.785027,0.0,4,-0.09598097515936274,8.986983299255371
160.5416249949485,51.54572404100327,-0.2,0.0,0.9488200641034519,,0.025529292004648596,614,54433,1.0651249904185534,-0.5963211059570312,0.18589717149734497,0.11580308526754379,0.8004867434501648,0.02449921704828739,1.4242500183172524,0.875,3,36,51.412590166029986,51.41071170801297,0,1,1,1789192487.940062,0.0,4,-0.10927563670094492,8.958641052246094
158.16537500359118,51.71131275000516,0.0,13.333333333333332,0.9665486868162398,,0.02084812504472211,616,54587,1.0787909850478172,-0.16363583505153656,0.18354058265686035,0.11575762927532196,0.8008410930633545,0.04672069847583771,1.278041978366673,0.625,2,37,51.57575416599866,51.573995500046294,0,1,1,1789192488.1032279,-0.2222222222222222,3,-0.13936105593249914,8.94073486328125
157.7703329967335,51.88156766601605,0.0,13.333333333333332,0.951298914413309,,0.005178833031095564,618,54732,1.0495000169612467,3.1483335494995117,0.18117234110832214,0.11564626544713974,0.801103413105011,0.012064755894243717,1.2460830039344728,0.625,2,38,51.73077437502798,51.728976166050415,0,1,1,1789192488.258251,-0.2222222222222222,3,-0.13441046024118702,8.954334259033203
155.15237499494106,51.963596916000824,0.0,13.333333333333332,0.9502548843453946,,0.07486716704443097,619,54890,1.147707982454449,-0.390579491853714,0.1735750138759613,0.11481928080320358,0.8011228442192078,-0.009119481779634953,1.3987499987706542,0.625,2,39,51.88521179102827,51.883311708050314,0,1,1,1789192488.4126909,-0.2222222222222222,3,-0.13697755734899675,8.806005477905273
157.06104203127325,52.136597708042245,0.0,13.333333333333332,0.9807387323743757,,0.05956804199377075,621,55033,1.490791968535632,-0.8773273229598999,0.17095844447612762,0.11448188871145248,0.8011754155158997,0.059448402374982834,1.7297079903073609,0.625,2,40,52.04152020800393,52.03910470800474,0,1,1,1789192488.569004,-0.2222222222222222,3,-0.1495478924981535,9.220516204833984
159.22462497837842,52.30398683302337,0.0,13.333333333333332,0.9618883914824945,,0.05156733299372718,623,55193,1.7282089684158564,-1.4678103923797607,0.1684354692697525,0.11412755399942398,0.8012232780456543,-0.006932178512215614,2.037208992987871,0.625,2,41,52.19918995804619,52.19632954103872,0,1,1,1789192488.7266738,-0.2222222222222222,3,-0.17808627706844535,10.509992599487305
154.2935409815982,52.465765041008126,0.0,13.333333333333332,0.9509344837198446,,0.04584362497553229,625,55333,1.1298329918645322,0.35643330216407776,0.16586850583553314,0.11383584141731262,0.8011588454246521,0.07477851212024689,1.4019999653100967,0.625,2,42,52.35927412501769,52.35731512500206,0,1,1,1789192488.886761,-0.2222222222222222,3,-0.15454119302565303,11.431647300720215
159.2063750140369,52.63718241604511,-0.2,0.0,0.9259408452689205,,0.0344937089830637,627,55533,1.0045000235550106,-0.6679291129112244,0.1597893089056015,0.1130058616399765,0.8010108470916748,0.04474525526165962,1.1566249886527658,0.875,3,43,52.514036208041944,52.512469750014134,0,1,1,1789192489.041524,0.0,4,-0.12251722893143968,13.195259094238281
156.82350000133738,52.80348966602469,0.0,0.0,0.945148577581476,,0.019674999988637865,629,55633,1.0418340098112822,0.1555647850036621,0.15768863260746002,0.11274543404579163,0.8009560108184814,0.08172562718391418,1.2390830088406801,0.625,2,44,52.668078916030936,52.66634116601199,0,1,1,1789192489.19557,0.0,4,-0.09111772118758744,13.904479026794434
156.84741601580754,52.973085041041486,0.2,0.0,0.6215246065942626,,0.004242416005581617,631,55833,1.0517080081626773,2.8452086448669434,0.1533106118440628,0.11209572851657867,0.8008288741111755,0.019584909081459045,1.2473749811761081,0.375,1,0,52.82218933303375,52.82048004103126,0,1,0,1789192489.3496819,0.0,4,-0.04291978616527388,15.369972229003906
161.40391695080325,53.06241970800329,-0.2,0.0,0.5810288346570399,,0.0739529169513844,632,55984,1.1484159622341394,-0.5291366577148438,0.14501525461673737,0.11045671254396439,0.8004828095436096,-0.08015432953834534,1.4252080000005662,0.875,3,0,52.97701129101915,52.97496870800387,0,1,0,1789192489.504508,0.0,4,-0.027294043977062886,16.196311950683594
157.71370800212026,53.22941470803926,-0.2,0.0,0.8402533351356398,,0.06560537498444319,634,56143,1.1397909838706255,-2.4852454662323,0.14112582802772522,0.10960359871387482,0.8002137541770935,0.2690213918685913,1.3557500205934048,0.875,3,1,53.13922775001265,53.13730637502158,0,1,1,1789192489.6667259,0.0,4,-0.05382156693883416,16.30359649658203
154.19141598977149,53.394720915996004,-0.2,0.0,0.5844496987810139,,0.053379999997559935,636,56287,1.195124990772456,3.9474129676818848,0.14007562398910522,0.10939618200063705,0.7999983429908752,-0.060224104672670364,1.4730829861946404,0.875,3,0,53.29610470804619,53.29390950000379,0,1,0,1789192489.823606,0.0,4,-0.06224053385144314,16.406259536743164
157.01550000812858,53.56658029102255,-0.2,0.0,0.6190156785285694,,0.045225667010527104,638,56434,1.2012080405838788,2.1321938037872314,0.12998917698860168,0.10726996511220932,0.799658477306366,-0.03888736292719841,1.4035829808562994,0.875,3,0,53.45679516601376,53.454790458024945,0,1,0,1789192489.984298,0.0,4,-0.07318370485592686,16.415142059326172
156.57849999843165,53.732887457998004,0.2,0.0,0.7977202789010424,,0.04094404203351587,640,56583,1.2589580146595836,3.479375123977661,0.12065716087818146,0.1049312874674797,0.79950350522995,0.06324867159128189,1.497749995905906,0.375,1,1,53.61933504103217,53.61725300003309,0,1,1,1789192490.146841,0.0,4,-0.037056806148654746,16.780851364135742
159.7798329894431,53.90449895802885,0.0,0.0,0.7366497551079021,,0.03048366599250585,642,56732,1.2217920157127082,1.2018787860870361,0.10958392173051834,0.10184764117002487,0.7994731068611145,0.04702034220099449,1.4327499666251242,0.625,2,2,53.77727612503804,53.775202791031916,0,1,1,1789192490.3047838,0.0,4,-0.06078293648879535,16.886844635009766
153.04495801683515,54.06709058303386,-0.2,0.0,0.7505192016100449,,0.01587383303558454,644,56932,1.0234170476906002,-4.422188758850098,0.09507112950086594,0.09756691008806229,0.7996769547462463,0.05340598151087761,1.1930420296266675,0.875,3,3,53.93153679103125,53.92991945805261,0,1,1,1789192490.4590468,0.0,4,-0.07624722884962701,16.858484268188477
159.83504196628928,54.24415720801335,0.0,0.0,0.7776666357481259,,0.0026040420052595437,646,57091,1.08299998100847,-0.16128799319267273,0.08982550352811813,0.09575679153203964,0.7993519306182861,0.1332663893699646,1.2905410258099437,0.625,2,4,54.08873420802411,54.08692620805232,0,1,1,1789192490.616247,0.0,4,-0.07284305609473554,16.563575744628906
153.3317919820547,54.318703750032,0.0,0.0,0.7495772188357197,,0.07878524996340275,647,57238,0.7102080271579325,0.7663956880569458,0.08110271394252777,0.09357982128858566,0.7991945147514343,-0.09089799225330353,0.8320000488311052,0.625,2,5,54.24546837504022,54.24415720801335,0,1,1,1789192490.772983,0.0,4,-0.06852924727999171,16.760196685791016
153.78612495260313,54.48425983299967,0.0,0.0,0.6516411739841854,,0.0732679579523392,649,57383,0.9508749935775995,2.857193946838379,0.06922674924135208,0.0905989408493042,0.7992701530456543,-0.01268042717128992,1.1244579800404608,0.625,2,0,54.4053138330346,54.403741665999405,0,1,0,1789192490.932831,0.0,4,-0.05566865240574731,16.93070411682129
160.78820801340044,54.65813904104289,-0.2,0.0,0.845706481995522,,0.06448170798830688,651,57541,1.2216250179335475,-2.8885624408721924,0.05825633183121681,0.08752726018428802,0.799107015132904,0.07973173260688782,1.4191250083968043,0.875,3,1,54.56370291602798,54.56183254101779,0,1,1,1789192491.091223,0.0,4,-0.09376594774827116,16.98827362060547
155.21112503483891,54.82012854103232,-0.2,0.0,0.8595860264081971,,0.052593833999708295,653,57683,1.2425000313669443,-0.13126927614212036,0.054981447756290436,0.08666808903217316,0.799153745174408,0.04070340096950531,1.4614579849876463,0.875,3,2,54.71949762501754,54.71751124999719,0,1,1,1789192491.24702,0.0,4,-0.06318447535233199,16.92643928527832
155.72979202261195,54.989128083048854,0.0,0.0,0.7492375258093074,,0.046787291998043656,655,57886,0.7927920087240636,4.7707839012146,0.04632624238729477,0.08462009578943253,0.7993329763412476,0.008626685477793217,0.9394999942742288,0.625,2,3,54.88148325000657,54.880185583024286,0,1,1,1789192491.409008,0.0,4,-0.06900375830401305,16.762699127197266
155.77745798509568,55.15444158302853,0.0,0.0,0.83830138611456,,0.04136541596380994,657,58035,1.0624579736031592,1.0489633083343506,0.033923838287591934,0.08150959014892578,0.7993411421775818,-0.03546622395515442,1.2576250010170043,0.625,2,4,55.041829958034214,55.04002954100724,0,1,1,1789192491.5693572,0.0,4,-0.11450368205343119,16.74042320251465
154.25899997353554,55.32001087500248,-0.2,0.0,0.734969761743402,,0.03285087499534711,659,58182,1.01891701342538,-0.3249678909778595,0.02489018626511097,0.07895446568727493,0.799609363079071,0.11003106832504272,1.18583400035277,0.875,3,5,55.200280375021975,55.19860275002429,0,1,1,1789192491.7278101,0.0,4,-0.10644288841005528,16.90375518798828
153.59599998919293,55.486620041017886,-0.2,0.0,0.6913721736771771,,0.020247999986167997,661,58334,1.0237079695798457,-1.435062289237976,0.018054138869047165,0.07664645463228226,0.8001416921615601,0.035523198544979095,1.201666018459946,0.875,3,0,55.354984833044,55.35327204101486,0,1,0,1789192491.882517,0.0,4,-0.10791503488303078,17.005552291870117
160.99912498611957,55.6621928330278,0.2,0.0,0.4947746491168298,,0.007295916962902993,663,58482,1.0004580253735185,1.1609991788864136,0.012444800697267056,0.07499441504478455,0.8005616068840027,-0.04129010811448097,1.1637500138022006,0.375,1,0,55.510050083044916,55.508489625004586,0,1,0,1789192492.0375838,0.0,4,-0.11300199435128963,16.927526473999023
157.8191249864176,55.74268100003246,0.2,13.333333333333332,0.7100811779483007,,0.0789070829632692,664,58682,0.9955409914255142,2.72719669342041,-0.002207349054515362,0.07085668295621872,0.8009999990463257,-0.006920351181179285,1.2117500300519168,0.375,1,1,55.66572879103478,55.663768958009314,0,1,1,1789192492.193266,-0.2222222222222222,3,-0.14085822063749603,16.727630615234375
153.5290830070153,55.90808508300688,0.2,13.333333333333332,0.6941100331651261,,0.07245966600021347,666,58832,1.304499979596585,-3.4677953720092773,-0.01523720845580101,0.0666656568646431,0.8013191223144531,0.01846432313323021,1.5774579951539636,0.375,1,0,55.82917154103052,55.82701566600008,0,1,0,1789192492.3567119,-0.2222222222222222,3,-0.16641432415014007,16.76450538635254
153.43762503471226,56.0783767910325,0.0,0.0,0.3876419992402429,,0.05789487500442192,668,58993,1.744041044730693,-4.368495464324951,-0.018264630809426308,0.06491504609584808,0.8014403581619263,0.2005511224269867,2.021791005972773,0.875,3,0,55.985733000037726,55.98283404100221,0,0,0,1789192492.513275,-0.2222222222222222,3,-0.1808797298706067,16.93974494934082
154.08849995583296,56.246918666001875,0.0,0.0,0.8498047896379726,,0.04777383396867663,670,59134,0.9842499857768416,-3.9549543857574463,-0.018851710483431816,0.06442085653543472,0.8014527559280396,-0.1002439558506012,1.1277499725110829,0.875,3,1,56.142223833012395,56.14060400001472,0,0,1,1789192492.6697679,-0.2222222222222222,3,-0.1573725057438644,17.56512451171875
159.47912499541417,56.41981133300578,0.0,0.0,0.5837173294057771,,0.03549337503500283,672,59284,1.033790991641581,1.7233067750930786,-0.01948360726237297,0.06447760760784149,0.8015718460083008,0.0018845510203391314,1.2185000232420862,0.375,1,0,56.297551374998875,56.29582558304537,0,0,0,1789192492.825098,0.0,4,-0.1028367612295391,18.902990341186523
158.08858297532424,56.586391083023045,0.0,0.0,0.712763180930351,,0.02164341596653685,674,59437,1.0553750325925648,-1.129140853881836,-0.02471790462732315,0.06342468410730362,0.8017988204956055,-0.12341208010911942,1.2362920097075403,0.375,1,1,56.45161475002533,56.44994591601426,0,0,1,1789192492.979163,0.0,4,-0.10512284329930764,19.92638397216797
154.03999999398366,56.74817150004674,0.0,0.0,0.7940307831273188,,0.01730404095724225,676,59587,1.0262909927405417,0.7643964886665344,-0.024962149560451508,0.06370595097541809,0.8017750382423401,0.08907072246074677,1.1878329678438604,0.625,2,2,56.61320304102264,56.611435541009996,0,0,1,1789192493.140754,0.0,4,-0.09982905832994324,19.987194061279297
156.04525001253933,56.9193992910441,-0.2,0.0,0.7312339416325697,,0.005872334004379809,678,59732,1.05945800896734,-0.8478450179100037,-0.023748312145471573,0.06424897909164429,0.8016907572746277,0.03646256402134895,1.2678329949267209,0.875,3,3,56.77094691601815,56.76922637503594,0,1,1,1789192493.298501,0.0,4,-0.11141738535552691,19.4450740814209
153.1818329822272,57.000229833007324,0.2,0.0,0.6272280394598955,,0.07783270801883191,679,59933,1.0275420499965549,0.3055170178413391,-0.020678438246250153,0.06569761037826538,0.8016358017921448,-0.00017660274170339108,1.187250018119812,0.375,1,0,56.9266741250176,56.92488070804393,0,1,0,1789192493.45423,0.0,4,-0.11842210656457106,19.121755599975586
153.1672499841079,57.16947758302558,0.0,0.0,0.6742687490122187,,0.07151908299420029,681,60086,1.3151669991202652,2.9008922576904297,-0.018660100176930428,0.0668765977025032,0.8015685081481934,0.018871065229177475,1.5696660266257823,0.625,2,0,57.089994041016325,57.087829416035675,0,1,0,1789192493.617553,0.0,4,-0.12116143383507101,19.49509048461914
153.8384580053389,57.339569958043285,-0.2,0.0,0.7550820441660501,,0.062089124985504895,683,60232,1.749000046402216,-6.329893112182617,-0.017364758998155594,0.0676456093788147,0.8010528087615967,0.08402229100465775,2.012500015553087,0.875,3,1,57.25067962502362,57.24782062502345,0,1,1,1789192493.778241,0.0,4,-0.10352543269867286,19.738218307495117
155.5717500159517,57.50196587503888,-0.2,0.0,0.5585674957952607,,0.056600374984554946,685,60382,0.7231250056065619,3.613917827606201,-0.00853029265999794,0.07083480060100555,0.8002039790153503,0.0576150044798851,0.8598749991506338,0.875,3,0,57.40421329101082,57.40299450000748,0,1,0,1789192493.931776,0.0,4,-0.12004561517951497,19.67780303955078
158.4011249942705,57.66854320804123,-0.2,0.0,0.5525629407332995,,0.04829474998405203,687,60537,1.0965419933199883,3.0358946323394775,-0.007078812923282385,0.07201492041349411,0.7995190024375916,0.003878267016261816,1.2839160044677556,0.875,3,0,57.56025745801162,57.55843683303101,0,1,0,1789192494.0878232,0.0,4,-0.11245656883089633,19.509204864501953
161.92812501685694,57.83405416604364,0.2,0.0,0.6479824129480358,,0.04744300001766533,689,60683,1.2602920178323984,4.4234724044799805,-0.008644524961709976,0.07207052409648895,0.7989780306816101,-0.08906454592943192,1.4968750183470547,0.375,1,0,57.721671666018665,57.71956904104445,0,1,0,1789192494.2492402,0.0,4,-0.07891738164264643,19.340858459472656
156.01341699948534,57.995195333031006,0.2,0.0,0.5613902736911659,,0.03868966700974852,691,60886,1.2250000145286322,4.013561725616455,-0.013719230890274048,0.07041114568710327,0.7986295223236084,0.10646077245473862,1.4272499829530716,0.375,1,0,57.87993970804382,57.87787158304127,0,1,0,1789192494.407511,0.0,4,-0.08559942043196678,19.560226440429688
153.53945799870417,58.16135116602527,-0.2,0.0,0.7861652800504272,,0.027344707981683314,693,61033,1.054040971212089,-6.624753952026367,-0.017703508958220482,0.06861986964941025,0.7987116575241089,0.04542382061481476,1.2538330047391355,0.875,3,1,58.03692108299583,58.03515641600825,0,1,1,1789192494.5644941,0.0,4,-0.06732554037371787,19.690465927124023
153.31658301874995,58.32821083301678,0.2,0.0,0.6401500396866248,,0.015448041027411819,695,61183,1.0111660230904818,-2.2215182781219482,-0.013698368333280087,0.06935002654790878,0.7986782193183899,0.21863089501857758,1.1739169713109732,0.375,1,0,58.192032999999356,58.190342291025445,0,1,0,1789192494.719608,0.0,4,-0.0968242222954353,19.575334548950195
153.27016700757667,58.49695695802802,0.2,0.0,0.676427975752858,,0.0016055000014603138,697,61334,0.9755840292200446,1.910894513130188,-0.011617179028689861,0.06990639120340347,0.7988420128822327,-0.12287348508834839,1.2142909690737724,0.375,1,0,58.34697537502507,58.345292291021906,0,1,0,1789192494.8745542,0.0,4,-0.041571946688676205,19.528793334960938
153.7520419806242,58.57990270800656,0.2,0.0,0.6396406053062472,,0.07408483402105048,698,61482,0.937832985073328,-1.4242020845413208,-0.018040994182229042,0.06829459965229034,0.7988091111183167,-0.19868090748786926,1.1321669444441795,0.375,1,0,58.501785166037735,58.50023550004698,0,1,0,1789192495.029365,0.0,4,-0.054297028450319564,19.494972229003906
161.05429199524224,58.752734458015766,0.2,0.0,0.4936191567828515,,0.06245570897590369,700,61634,1.062040973920375,-2.538320302963257,-0.016631275415420532,0.06829476356506348,0.7978000044822693,0.3560883104801178,1.2771670008078218,0.375,1,0,58.65593066602014,58.65413587499643,0,1,0,1789192495.1835132,0.0,4,-0.06618642126752053,19.509845733642578
154.4242500094697,58.910979583044536,0.2,0.0,0.7570835716254692,,0.05406262498581782,702,61783,1.2658329796977341,-4.59641695022583,-0.011173594743013382,0.06995529681444168,0.7974288463592529,-0.16745154559612274,1.4823329984210432,0.375,1,1,58.812682083051186,58.810617958020885,0,1,1,1789192495.340267,0.0,4,-0.07148053239003584,19.59177589416504
155.24649998405948,59.074946583015844,0.0,0.0,0.7270264547603297,,0.04487520799739286,704,61932,0.7824590429663658,-0.8470067977905273,-0.003328694263473153,0.07295703142881393,0.7974091172218323,0.09199190884828568,0.9142500348389149,0.625,2,2,58.965898458031006,58.96457529102918,0,1,1,1789192495.493485,0.0,4,-0.0703490598029029,19.601648330688477
159.33395799947903,59.243806083046366,0.0,0.0,0.7658441808105722,,0.034335415984969586,706,62084,0.9779580286704004,-3.751185894012451,0.0036703210789710283,0.0761740654706955,0.797812819480896,-0.0586979016661644,1.1720419861376286,0.625,2,3,59.120451541035436,59.118807541031856,0,1,1,1789192495.648041,0.0,4,-0.04323735688285088,19.585046768188477
154.25458300160244,59.40550820803037,0.2,0.0,0.8295916554560173,,0.022341249976307154,708,62233,0.8859999943524599,2.0965735912323,0.013646102510392666,0.08052118122577667,0.798357367515564,0.08040621131658554,1.04674999602139,0.375,1,4,59.275045290996786,59.273594875005074,0,1,1,1789192495.802637,0.0,4,-0.046981323030321806,19.555395126342773
154.46250000968575,59.56921266601421,0.0,0.0,0.8900076654772806,,0.020788374997209758,710,62434,0.9394169901497662,0.7203946113586426,0.022863810881972313,0.08539240807294846,0.7997675538063049,0.15612974762916565,1.1248750379309058,0.625,2,5,59.43707633303711,59.43553854100173,0,1,1,1789192495.964671,0.0,4,-0.039160342454371166,19.568702697753906
153.57045800192282,59.735239166009706,0.2,0.0,0.8222529349566967,,0.010834542044904083,712,62582,0.9055000264197588,-2.5056872367858887,0.031879838556051254,0.0894065797328949,0.8006962537765503,0.0953793078660965,1.070333004463464,0.375,1,6,59.594032041030005,59.59250325005269,0,1,1,1789192496.121629,0.0,4,-0.04287580017710087,19.612356185913086
158.77008298411965,59.90876458300045,0.2,0.0,0.8941289953568947,,0.0014165000175125897,714,62733,1.0882500209845603,0.9070011973381042,0.046178050339221954,0.09510157257318497,0.8014116883277893,0.1590108573436737,1.2855419772677124,0.375,1,7,59.753359624999575,59.75141100003384,0,1,1,1789192496.28096,0.0,4,-0.037056319240569686,19.604427337646484
154.19204102363437,59.987529166042805,0.2,0.0,0.8029232133260156,,0.07542745798127726,715,62885,1.0529999854043126,-1.5872550010681152,0.05680857226252556,0.10017129778862,0.802095890045166,-0.07988909631967545,1.236042007803917,0.375,1,8,59.91055020800559,59.90876458300045,0,1,1,1789192496.4381518,0.0,4,-0.0358118596444233,19.545320510864258
,,,,,after-land,,,69983,,,0.21810820698738098,0.14018796384334564,0.019882354885339737,,,,,,67.03448450000724,,,,,,,,,
