cmd_vx,cmd_yaw,conf,event,frame_age,fw_ts,px,py,pz,size,size_bucket,t,tracking,wall,x,x_bin,x_soft,yaw
0.0,0.0,0.9914636015892029,,0.06280233402503654,14929,2.0214197069684525e-12,1.5325678822796646e-13,0.8436936140060425,0.375,1,11.74941987497732,0,1789088555.191815,-0.444444477558136,2,-0.45632022619247437,0.0
0.0,0.0,0.9873987436294556,,0.045663208002224565,14981,2.0518899079835506e-12,1.5556420084397726e-13,0.8421400785446167,0.375,1,11.805990166962147,0,1789088555.2483861,-0.444444477558136,2,-0.4535582661628723,0.0
0.2,26.66666865348816,0.9823458790779114,,0.008649917028378695,15033,2.0816297904152625e-12,1.578160752037025e-13,0.8407019376754761,0.375,1,11.82769816700602,1,1789088555.270095,-0.444444477558136,2,-0.4537339210510254,0.0
0.2,26.66666865348816,0.9931291937828064,,0.008015582978259772,15079,6.35849062291527e-08,-2.121833264645545e-10,0.83957439661026,0.375,1,11.894163749995641,1,1789088555.336562,-0.444444477558136,2,-0.44732269644737244,0.0
0.2,26.66666865348816,0.9993498921394348,,0.017399709031451494,15179,0.0002597640850581229,-6.07846743605478e-07,0.8371610641479492,0.375,1,11.969843833998311,1,1789088555.412244,-0.444444477558136,2,-0.4480958878993988,0.056125544011592865
0.2,26.66666865348816,0.9835837483406067,,0.002760707982815802,15230,0.0012437405530363321,4.278992946638027e-07,0.8360353708267212,0.375,1,12.021442041965201,1,1789088555.463843,-0.444444477558136,2,-0.4308823347091675,0.22685223817825317
0.0,26.66666865348816,0.9963966012001038,,0.0073238330078311265,15285,0.0035483515821397305,1.1374982932466082e-05,0.8348897695541382,0.625,2,12.092357583984267,1,1789088555.5347588,-0.444444477558136,2,-0.43899181485176086,0.6226764917373657
0.2,26.66666865348816,0.9962413311004639,,0.012447333021555096,15380,0.009568947367370129,4.4782795157516375e-05,0.8330914974212646,0.375,1,12.163567833951674,1,1789088555.605972,-0.444444477558136,2,-0.4190714359283447,1.983792781829834
0.0,26.66666865348816,0.9959800243377686,,0.02094037499045953,15432,0.013141038827598095,5.4304200602928177e-05,0.8322287797927856,0.625,2,12.237748666957486,1,1789088555.680154,-0.444444477558136,2,-0.4158613681793213,3.0635523796081543
0.0,26.66666865348816,0.9980930685997009,,0.005013875022996217,15480,0.016473500058054924,6.628401024499908e-05,0.8315300345420837,0.625,2,12.287539249984547,1,1789088555.7299461,-0.444444477558136,2,-0.3901612162590027,4.221857070922852
0.0,13.333333432674408,0.9964141249656677,,0.014070292003452778,15580,0.023362992331385612,0.00018852711946237832,0.8302130103111267,0.625,2,12.362732041976415,1,1789088555.80514,-0.2222222238779068,3,-0.3072407841682434,6.964504241943359
0.2,13.333333432674408,0.9968825578689575,,0.020237333024851978,15631,0.026471108198165894,0.00030215439619496465,0.8296335935592651,0.375,1,12.433821249986067,1,1789088555.876231,-0.2222222238779068,3,-0.24959796667099,8.155512809753418
0.2,13.333333432674408,0.994706928730011,,0.0017991659697145224,15681,0.029017286375164986,0.00037153050652705133,0.8291109800338745,0.375,1,12.48154483397957,1,1789088555.923955,-0.2222222238779068,3,-0.23596255481243134,9.115850448608398
0.0,13.333333432674408,0.9962365031242371,,0.006131000001914799,15730,0.030595563352108,0.00040853332029655576,0.8287103772163391,0.625,2,12.553095749986824,1,1789088555.995508,-0.2222222238779068,3,-0.2326468974351883,9.806227684020996
0.0,13.333333432674408,0.995053231716156,,0.012927417003083974,15833,0.03518064320087433,0.0007992435712367296,0.8279079794883728,0.625,2,12.626227249973454,1,1789088556.068641,-0.2222222238779068,3,-0.21595343947410583,11.107351303100586
0.2,13.333333432674408,0.9960380792617798,,0.015427584003191441,15880,0.038927461951971054,0.00126460543833673,0.8275396227836609,0.375,1,12.69579079200048,1,1789088556.138207,-0.2222222238779068,3,-0.22093620896339417,11.650283813476562
0.2,13.333333432674408,0.9974011182785034,,0.021248499979265034,15980,0.04578723758459091,0.0020756067242473364,0.8268885612487793,0.375,1,12.7675967089599,1,1789088556.210013,-0.2222222238779068,3,-0.20971813797950745,12.474079132080078
0.0,13.333333432674408,0.9964638352394104,,0.006296125007793307,16029,0.04785991460084915,0.0022887170780450106,0.8266492486000061,0.625,2,12.818810124997981,1,1789088556.261228,-0.2222222238779068,3,-0.2103031724691391,12.850754737854004
0.0,13.333333432674408,0.9711835980415344,,0.006149167020339519,16083,0.051936980336904526,0.002879548817873001,0.8262905478477478,0.625,2,12.885918458981905,1,1789088556.328338,-0.2222222238779068,3,-0.1823878288269043,13.524945259094238
0.0,13.333333432674408,0.9991798996925354,,0.011874874995555729,16130,0.055144742131233215,0.003406478790566325,0.8260555863380432,0.625,2,12.958304708998185,1,1789088556.400725,-0.2222222238779068,3,-0.16394805908203125,13.953978538513184
0.0,13.333333432674408,0.9929088354110718,,0.016055165964644402,16230,0.0625363290309906,0.004721384961158037,0.8255279660224915,0.625,2,13.029343625006732,1,1789088556.471766,-0.2222222238779068,3,-0.12701450288295746,15.160688400268555
0.0,0.0,0.9960454106330872,,0.02083612501155585,16280,0.0653017982840538,0.005196529906243086,0.8252836465835571,0.625,2,13.100233499950264,1,1789088556.5426571,0.0,4,-0.0677342340350151,15.835707664489746
0.2,0.0,0.9919484853744507,,0.0021169169922359288,16330,0.06786969304084778,0.005683479830622673,0.8250614404678345,0.375,1,13.148135249968618,1,1789088556.59056,0.0,4,-0.024065008386969566,16.582271575927734
0.2,0.0,0.9778684973716736,,0.007505457964725792,16429,0.07257182896137238,0.006719188764691353,0.8246572613716125,0.375,1,13.219494791992474,1,1789088556.661921,0.0,4,-0.01466711238026619,18.094993591308594
0.0,0.0,0.9850281476974487,,0.008952375035732985,16480,0.07463767379522324,0.007210865151137114,0.8244529962539673,0.625,2,13.287811541988049,1,1789088556.730239,0.0,4,-0.017615415155887604,18.625812530517578
0.0,0.0,0.9922122955322266,,0.010904582974035293,16530,0.07698162645101547,0.007805985864251852,0.8242547512054443,0.625,2,13.356134583998937,1,1789088556.7985642,0.0,4,-0.017969653010368347,18.922515869140625
0.0,0.0,0.9872207045555115,,0.011502209003083408,16579,0.08095219731330872,0.008881799876689911,0.8239794373512268,0.625,2,13.422703041986097,1,1789088556.865134,0.0,4,-0.01516219973564148,19.268892288208008
0.2,0.0,0.984403133392334,,0.012096374994143844,16680,0.08829323202371597,0.01095199678093195,0.8235180377960205,0.375,1,13.489676458993927,1,1789088556.932109,0.0,4,-0.000512296159286052,19.423019409179688
0.2,0.0,0.9840502142906189,,0.01719791698269546,16733,0.09132103621959686,0.011811484582722187,0.8232892751693726,0.375,1,13.563202249992173,1,1789088557.005636,0.0,4,0.0020388516131788492,19.363676071166992
0.0,0.0,0.9842404127120972,,8.62079905346036e-05,16780,0.09394073486328125,0.012586753815412521,0.8230974078178406,0.625,2,13.611080749949906,1,1789088557.053515,0.0,4,0.0078109013848006725,19.31748390197754
0.0,0.0,0.9921442270278931,,0.0021328330039978027,16879,0.09963493049144745,0.014352582395076752,0.822785496711731,0.625,2,13.680317958991509,1,1789088557.122754,0.0,4,0.0028444717172533274,19.304895401000977
0.0,0.0,0.9983996748924255,,0.023541875008959323,16930,0.1029827818274498,0.015406602062284946,0.8226282000541687,0.625,2,13.768847499974072,1,1789088557.211286,0.0,4,0.018906110897660255,19.386741638183594
0.0,0.0,0.9989959597587585,,0.003093999985139817,16984,0.10591194033622742,0.016370447352528572,0.822471022605896,0.625,2,13.815032166952733,1,1789088557.257471,0.0,4,0.007978140376508236,19.448814392089844
0.0,0.0,0.9990792274475098,,0.007348540995735675,17082,0.11031541228294373,0.017877811565995216,0.8221378326416016,0.625,2,13.886312249989714,1,1789088557.328753,0.0,4,0.028195427730679512,19.70466423034668
0.0,0.0,0.9991689920425415,,0.008594500017352402,17130,0.11206989735364914,0.01847359538078308,0.8219727873802185,0.625,2,13.954076208989136,1,1789088557.396518,0.0,4,0.02991599589586258,19.845989227294922
0.0,0.0,0.9956328272819519,,0.01226962503278628,17182,0.11350655555725098,0.018968436866998672,0.8218322396278381,0.625,2,14.024445583985653,1,1789088557.466889,0.0,4,0.048394836485385895,19.910268783569336
0.0,0.0,0.982874870300293,,0.017304375011008233,17279,0.11582395434379578,0.019805913791060448,0.8215200901031494,0.625,2,14.096162749978248,1,1789088557.538608,0.0,4,0.06874504685401917,19.956140518188477
0.0,0.0,0.9702989459037781,,0.0020437920466065407,17330,0.11692295223474503,0.020197702571749687,0.8213571906089783,0.625,2,14.14745441696141,1,1789088557.5899,0.0,4,0.082562156021595,19.912303924560547
0.0,0.0,0.9961102604866028,,0.010878290981054306,17381,0.11801024526357651,0.02059108205139637,0.8212007284164429,0.625,2,14.22346245899098,1,1789088557.66591,0.0,4,0.08640579134225845,19.85144805908203
0.0,0.0,0.9695993661880493,,0.013451749982777983,17480,0.11978162825107574,0.021260611712932587,0.8208752274513245,0.625,2,14.294028083968442,1,1789088557.736477,0.0,4,0.0882570818066597,19.71406364440918
0.0,-13.333333432674408,0.9643195271492004,,0.02315770904533565,17529,0.12051484733819962,0.021538307890295982,0.820746123790741,0.625,2,14.370703541964758,1,1789088557.8131552,0.2222222238779068,5,0.10054060071706772,19.685609817504883
0.0,-13.333333432674408,0.9887194037437439,,0.004035334044601768,17579,0.12125280499458313,0.021829500794410706,0.8205740451812744,0.625,2,14.417348166985903,1,1789088557.8598,0.2222222238779068,5,0.11805059760808945,19.677019119262695
0.0,-13.333333432674408,0.9984242916107178,,0.004901624983176589,17680,0.12242180854082108,0.02233094908297062,0.8202180862426758,0.625,2,14.485168166982476,1,1789088557.9276218,0.2222222238779068,5,0.1517687439918518,19.724533081054688
0.0,-13.333333432674408,0.9981683492660522,,0.013798667001537979,17729,0.12282923609018326,0.022525088861584663,0.820039689540863,0.625,2,14.560839833982754,1,1789088558.003295,0.2222222238779068,5,0.15327051281929016,19.71710968017578
0.0,-13.333333432674408,0.9984834790229797,,0.023198000038973987,17830,0.12339171022176743,0.02282162755727768,0.8196935057640076,0.625,2,14.637187666958198,1,1789088558.079645,0.2222222238779068,5,0.16289685666561127,19.425636291503906
0.0,-13.333333432674408,0.9988671541213989,,0.0061062080203555524,17879,0.1235784962773323,0.022948771715164185,0.8194637298583984,0.625,2,14.686356708989479,1,1789088558.1288152,0.2222222238779068,5,0.1654837280511856,19.027002334594727
0.0,-13.333333432674408,0.9975082874298096,,0.014252958993893117,17930,0.12368142604827881,0.023048097267746925,0.8192543387413025,0.625,2,14.761915958952159,1,1789088558.204376,0.2222222238779068,5,0.16279932856559753,18.520246505737305
0.0,-13.333333432674408,0.9919818043708801,,0.019734542001970112,17979,0.12373235821723938,0.023125387728214264,0.8190388083457947,0.625,2,14.833494499966037,1,1789088558.275955,0.2222222238779068,5,0.13868337869644165,17.888025283813477
0.0,0.0,0.9882424473762512,,0.0012002919684164226,18029,0.12375161796808243,0.023184696212410927,0.8188582062721252,0.625,2,14.881147084000986,1,1789088558.323609,0.0,4,0.08343271911144257,17.332759857177734
0.0,0.0,0.9888917803764343,,0.002423291967716068,18130,0.12365822494029999,0.023276956751942635,0.8183845281600952,0.625,2,14.948826292005833,1,1789088558.391289,0.0,4,0.08718866854906082,15.942926406860352
0.0,0.0,0.9920810461044312,,0.008579750021453947,18179,0.12355464696884155,0.023302273824810982,0.8181343078613281,0.625,2,15.022105416981503,1,1789088558.46457,0.0,4,0.08341037482023239,15.292757034301758
0.0,0.0,0.992890477180481,,0.00981229095486924,18280,0.12329632043838501,0.023329859599471092,0.8176513314247131,0.625,2,15.090759583981708,1,1789088558.533226,0.0,4,0.09185603260993958,14.457256317138672
0.0,0.0,0.9822038412094116,,0.018444792018271983,18329,0.12314800173044205,0.023334195837378502,0.8174543380737305,0.625,2,15.165567666990682,1,1789088558.608036,0.0,4,0.09952890872955322,14.295711517333984
0.0,-13.333333432674408,0.9920461177825928,,0.0004285830073058605,18380,0.1229487955570221,0.02333015948534012,0.8172042965888977,0.625,2,15.214750833983999,1,1789088558.6572201,0.2222222238779068,5,0.0988510325551033,14.235567092895508
0.0,-13.333333432674408,0.9971816539764404,,0.006152665999252349,18479,0.12250441312789917,0.023306401446461678,0.8167098164558411,0.625,2,15.286850249976851,1,1789088558.729321,0.2222222238779068,5,0.14351484179496765,14.421213150024414
0.0,-13.333333432674408,0.9962736368179321,,0.011083667050115764,18530,0.12227917462587357,0.023291118443012238,0.8165172934532166,0.625,2,15.358363749983255,1,1789088558.800836,0.2222222238779068,5,0.16186855733394623,14.507269859313965
0.0,-13.333333432674408,0.9976644515991211,,0.015054374991450459,18579,0.1220245212316513,0.023270566016435623,0.816284716129303,0.625,2,15.428951916983351,1,1789088558.871426,0.2222222238779068,5,0.16993018984794617,14.53054428100586
0.0,-13.333333432674408,0.9983727335929871,,0.023409083019942045,18679,0.12146321684122086,0.023223554715514183,0.8158196806907654,0.625,2,15.504058291960973,1,1789088558.946534,0.2222222238779068,5,0.17328782379627228,14.041478157043457
0.0,-13.333333432674408,0.9972671270370483,,0.0011883340193890035,18730,0.12119217216968536,0.023201899603009224,0.81563401222229,0.625,2,15.548153749958146,1,1789088558.99063,0.2222222238779068,5,0.15271921455860138,13.612765312194824
0.0,-13.333333432674408,0.9984464049339294,,0.0085898750112392,18780,0.12087863683700562,0.023177126422524452,0.815405547618866,0.625,2,15.621934166993015,1,1789088559.0644119,0.2222222238779068,5,0.14795753359794617,12.909510612487793
0.0,0.0,0.993946373462677,,0.009858625009655952,18880,0.12026707082986832,0.02313188649713993,0.8149875402450562,0.625,2,15.6899423750001,1,1789088559.132422,0.0,4,0.09630461037158966,11.350955963134766
0.0,0.0,0.9907874464988708,,0.004790083039551973,18929,0.1199292317032814,0.023107919842004776,0.8147623538970947,0.625,2,15.751623791991733,1,1789088559.194104,0.0,4,0.06558338552713394,10.514729499816895
0.0,0.0,0.9966288208961487,,0.010353707999456674,18979,0.11963194608688354,0.023086734116077423,0.8145673274993896,0.625,2,15.825647041958291,1,1789088559.268129,0.0,4,0.057129744440317154,9.882819175720215
0.0,0.0,0.9955970644950867,,0.017122875025961548,19079,0.11901718378067017,0.02304256334900856,0.814172625541687,0.625,2,15.898254166997503,1,1789088559.340738,0.0,4,0.05481363832950592,9.024094581604004
0.0,0.0,0.9919267892837524,,0.02097170799970627,19130,0.11867208778858185,0.023016422986984253,0.8139634132385254,0.625,2,15.968433833972085,1,1789088559.410919,0.0,4,0.0686153843998909,8.867643356323242
0.0,0.0,0.9950152039527893,,0.0019424160127528012,19179,0.11833658814430237,0.022989865392446518,0.8137568235397339,0.625,2,16.0163921249914,1,1789088559.458878,0.0,4,0.0877685397863388,8.911126136779785
0.0,-13.333333432674408,0.9983727931976318,,0.00470237503759563,19230,0.11799904704093933,0.02296125330030918,0.813568651676178,0.625,2,16.08521083398955,1,1789088559.527699,0.2222222238779068,5,0.11481127142906189,9.069025039672852
0.0,-13.333333432674408,0.9994705319404602,,0.008608874981291592,19329,0.11738728731870651,0.02290329523384571,0.813248872756958,0.625,2,16.15653608395951,1,1789088559.599025,0.2222222238779068,5,0.14372533559799194,9.394539833068848
0.0,-13.333333432674408,0.9993601441383362,,0.01532312500057742,19379,0.11705369502305984,0.022868730127811432,0.8130653500556946,0.625,2,16.22999704198446,1,1789088559.672488,0.2222222238779068,5,0.1571572721004486,9.503020286560059
0.0,-13.333333432674408,0.9976537823677063,,5.62501372769475e-06,19431,0.11671123653650284,0.022830434143543243,0.8128835558891296,0.625,2,16.281333333987277,1,1789088559.723825,0.2222222238779068,5,0.15785205364227295,9.460570335388184
0.0,-13.333333432674408,0.9989767074584961,,0.006164541991893202,19529,0.11608927696943283,0.022754700854420662,0.8125718832015991,0.625,2,16.353804791986477,1,1789088559.796299,0.2222222238779068,5,0.16224579513072968,8.868731498718262
0.0,-13.333333432674408,0.9997640252113342,,0.007416500011458993,19580,0.11576426774263382,0.02271350286900997,0.8124145865440369,0.625,2,16.422175833955407,1,1789088559.864671,0.2222222238779068,5,0.167519211769104,8.286998748779297
0.0,-13.333333432674408,0.9995067119598389,,0.010937124956399202,19680,0.11516525596380234,0.022636525332927704,0.8121416568756104,0.625,2,16.492647958977614,1,1789088559.935145,0.2222222238779068,5,0.1335311233997345,6.987064838409424
0.0,-13.333333432674408,0.9994674324989319,,0.014760958030819893,19729,0.11487849056720734,0.02259981632232666,0.812016487121582,0.625,2,16.56316679198062,1,1789088560.005665,0.2222222238779068,5,0.13254812359809875,6.476085186004639
0.0,-13.333333432674408,0.9990072846412659,,0.020496874989476055,19780,0.11455470323562622,0.022558482363820076,0.8118575215339661,0.625,2,16.63543295895215,1,1789088560.0779321,0.2222222238779068,5,0.1269974261522293,5.957672595977783
0.0,-13.333333432674408,0.9973030090332031,,0.0009914590045809746,19829,0.11426880210638046,0.022522753104567528,0.8117169141769409,0.625,2,16.682764749974012,1,1789088560.1252658,0.2222222238779068,5,0.13058629631996155,5.568359375
0.0,-13.333333432674408,0.9978797435760498,,0.011102583026513457,19929,0.11361788213253021,0.02244613505899906,0.8114022016525269,0.625,2,16.758881333982572,1,1789088560.2013838,0.2222222238779068,5,0.11202648282051086,4.696620941162109
0.0,0.0,0.9984727501869202,,0.021251791971735656,19980,0.11331780254840851,0.022414712235331535,0.811261773109436,0.625,2,16.83529495896073,1,1789088560.277799,0.0,4,0.10164828598499298,4.273370742797852
0.0,0.0,0.9972372055053711,,0.0004159169620834291,20030,0.11302711069583893,0.022387441247701645,0.8111193776130676,0.625,2,16.882620249991305,1,1789088560.3251252,0.0,4,0.09190042316913605,3.8042995929718018
0.0,0.0,0.9974973797798157,,0.0048954589874483645,20129,0.1125381588935852,0.022350963205099106,0.8108773231506348,0.625,2,16.953358541999478,1,1789088560.3958652,0.0,4,0.08468318730592728,2.97550630569458
0.0,0.0,0.9988740086555481,,0.013942542020231485,20180,0.11228685826063156,0.02233831025660038,0.8107389211654663,0.625,2,17.029484374972526,1,1789088560.471992,0.0,4,0.06516342610120773,2.471248149871826
0.0,0.0,0.9997614026069641,,0.0184537090244703,20279,0.111838698387146,0.022328216582536697,0.810452938079834,0.625,2,17.09993908397155,1,1789088560.542449,0.0,4,0.06351529806852341,1.6235644817352295
0.0,0.0,0.9998099207878113,,0.024751832999754697,20329,0.11162814497947693,0.022327439859509468,0.8103138208389282,0.625,2,17.172962708980776,1,1789088560.615474,0.0,4,0.05957253277301788,1.3255690336227417
0.0,0.0,0.9993613362312317,,0.008956208999734372,20380,0.11145588755607605,0.022328337654471397,0.8101999759674072,0.625,2,17.223906875005923,1,1789088560.666419,0.0,4,0.06322777271270752,1.17967689037323
0.0,0.0,0.9972921013832092,,0.009820125007536262,20479,0.11112222820520401,0.02233908884227276,0.8099369406700134,0.625,2,17.29108024999732,1,1789088560.7335942,0.0,4,0.08467312902212143,0.9509585499763489
0.0,0.0,0.9984138011932373,,0.012611958023626357,20530,0.11097685992717743,0.02234528958797455,0.8098158836364746,0.625,2,17.360433333960827,1,1789088560.802948,0.0,4,0.08701139688491821,0.9195699691772461
0.0,-13.333333432674408,0.998746395111084,,0.015990665997378528,20579,0.11085646599531174,0.02235216088593006,0.8097042441368103,0.625,2,17.430369833949953,1,1789088560.8728871,0.2222222238779068,5,0.10707166790962219,0.9499537944793701
0.0,-13.333333432674408,0.9996204376220703,,0.0003935829736292362,20629,0.11075621098279953,0.02235746756196022,0.8096151947975159,0.625,2,17.481577624974307,1,1789088560.924095,0.2222222238779068,5,0.1555895060300827,0.9649779796600342
0.0,-13.333333432674408,0.9996824264526367,,0.0068529589916579425,20730,0.11055836081504822,0.022369904443621635,0.8094047904014587,0.625,2,17.554484999971464,1,1789088560.997004,0.2222222238779068,5,0.15743066370487213,0.9754819273948669
0.0,-13.333333432674408,0.9997854828834534,,0.01355187501758337,20781,0.11048143357038498,0.022374026477336884,0.8093127012252808,0.625,2,17.627954333962407,1,1789088561.070475,0.2222222238779068,5,0.1606384962797165,0.8879916667938232
0.0,-13.333333432674408,0.9997512698173523,,0.022700584027916193,20880,0.11034587770700455,0.02237929403781891,0.8091241121292114,0.625,2,17.704246791952755,1,1789088561.1467688,0.2222222238779068,5,0.16745994985103607,0.48264411091804504
0.0,-13.333333432674408,0.9996193647384644,,0.01850633299909532,20929,0.11028280854225159,0.02237996831536293,0.809023916721344,0.625,2,17.766820499964524,1,1789088561.209344,0.2222222238779068,5,0.14708741009235382,0.06829490512609482
0.0,-13.333333432674408,0.999535083770752,,0.0017423750250600278,20980,0.11022615432739258,0.022380201146006584,0.808910608291626,0.625,2,17.816415999957826,1,1789088561.258941,0.2222222238779068,5,0.13632166385650635,-0.46013936400413513
0.0,-13.333333432674408,0.9981807470321655,,0.0061022500158287585,21029,0.1101800873875618,0.02238013781607151,0.8088211417198181,0.625,2,17.887858624977525,1,1789088561.330385,0.2222222238779068,5,0.12269023805856705,-0.9110492467880249
0.0,0.0,0.9993873834609985,,0.009597000025678426,21130,0.11009108275175095,0.022380510345101357,0.8086073994636536,0.625,2,17.957714374992065,1,1789088561.4002419,0.0,4,0.05214694142341614,-2.1549184322357178
0.0,0.0,0.9989007711410522,,0.012318207998760045,21179,0.11005419492721558,0.022380707785487175,0.8085014224052429,0.625,2,18.027608666976448,1,1789088561.470138,0.0,4,0.05227154120802879,-2.759024143218994
0.0,0.0,0.999505877494812,,0.021967959008179605,21282,0.10998600721359253,0.022380633279681206,0.8082714676856995,0.625,2,18.10418058396317,1,1789088561.5467122,0.0,4,0.04388082027435303,-3.924415349960327
0.0,0.0,0.9998385906219482,,0.0027626249939203262,21332,0.10995674133300781,0.02237939089536667,0.8081926107406616,0.625,2,18.151746333984192,1,1789088561.5942788,0.0,4,0.03269357606768608,-4.201908588409424
0.0,0.0,0.9998586177825928,,0.008871499972883612,21380,0.10993289202451706,0.022377781569957733,0.8080905675888062,0.625,2,18.223841583996546,1,1789088561.666375,0.0,4,0.026808686554431915,-4.548134803771973
0.0,0.0,0.9997358918190002,,0.015369250031653792,21479,0.10990189015865326,0.022372115403413773,0.8078980445861816,0.625,2,18.297354624955915,1,1789088561.7398899,0.0,4,0.03215031698346138,-4.858073711395264
0.0,0.0,0.9988327622413635,,0.00029004202224314213,21533,0.10989154130220413,0.022368518635630608,0.8077971339225769,0.625,2,18.349348499963526,1,1789088561.7918851,0.0,4,0.045311957597732544,-4.852885723114014
0.0,0.0,0.996900200843811,,0.00857604102930054,21580,0.10988375544548035,0.022366026416420937,0.8077181577682495,0.625,2,18.4235240839771,1,1789088561.8660622,0.0,4,0.06156635284423828,-4.833072662353516
0.0,0.0,0.9981478452682495,,0.013544875022489578,21631,0.10988106578588486,0.022363729774951935,0.8076213002204895,0.625,2,18.49516837496776,1,1789088561.9377081,0.0,4,0.08255912363529205,-4.787285804748535
0.0,-13.333333432674408,0.9985758066177368,,0.01849795802263543,21730,0.10988210141658783,0.02236154116690159,0.8074377775192261,0.625,2,18.56582829199033,1,1789088562.008369,0.2222222238779068,5,0.12140060216188431,-4.705287933349609
0.0,-13.333333432674408,0.9987404942512512,,0.0024134579580277205,21783,0.1098848432302475,0.022361814975738525,0.8073344230651855,0.625,2,18.61783199995989,1,1789088562.060374,0.2222222238779068,5,0.13070635497570038,-4.7199015617370605
0.0,-13.333333432674408,0.9993280172348022,,0.012211124994792044,21830,0.10989362746477127,0.022363713011145592,0.8072336912155151,0.625,2,18.692657292005606,1,1789088562.135201,0.2222222238779068,5,0.13895905017852783,-4.792186260223389
0.0,-13.333333432674408,0.9995297193527222,,0.017080290999729186,21930,0.10989706218242645,0.02236889861524105,0.8070715069770813,0.625,2,18.764900041976944,1,1789088562.207446,0.2222222238779068,5,0.14498218894004822,-5.062403202056885
0.0,-13.333333432674408,0.9995785355567932,,0.00011508300667628646,21981,0.10990109294652939,0.022373540326952934,0.8069770932197571,0.625,2,18.814386749989353,1,1789088562.2569332,0.2222222238779068,5,0.14449378848075867,-5.33425235748291
0.0,-13.333333432674408,0.9994182586669922,,0.0031715829973109066,22029,0.10990546643733978,0.022377984598279,0.8068915605545044,0.625,2,18.883954958990216,1,1789088562.3265028,0.2222222238779068,5,0.13528959453105927,-5.636769771575928
0.0,-13.333333432674408,0.9980523586273193,,0.00858841696754098,22129,0.10990284383296967,0.022384438663721085,0.8067349791526794,0.625,2,18.955862541974057,1,1789088562.398412,0.2222222238779068,5,0.14046411216259003,-6.439725399017334
0.0,-13.333333432674408,0.9974936246871948,,0.01448029198218137,22179,0.10990002006292343,0.02238703891634941,0.8066420555114746,0.625,2,19.02982900000643,1,1789088562.47238,0.2222222238779068,5,0.13580036163330078,-6.97004508972168
0.0,-13.333333432674408,0.9974814057350159,,0.01630870799999684,22230,0.1098928228020668,0.022387372329831123,0.8065431118011475,0.625,2,19.09680199995637,1,1789088562.5393548,0.2222222238779068,5,0.11603695154190063,-7.5783586502075195
0.0,0.0,0.9820764064788818,,0.02215504099149257,22329,0.10988353937864304,0.02238123118877411,0.8063494563102722,0.625,2,19.169171166955493,1,1789088562.611725,0.0,4,0.07146090269088745,-8.779175758361816
0.0,0.0,0.9918566942214966,,0.0024372499901801348,22380,0.10987536609172821,0.02237500436604023,0.8062832951545715,0.625,2,19.217910624982323,1,1789088562.660466,0.0,4,0.06852871179580688,-9.157212257385254
0.0,0.0,0.9984891414642334,,0.005420208035502583,22429,0.10987284779548645,0.02236650325357914,0.8062036037445068,0.625,2,19.28905208397191,1,1789088562.731609,0.0,4,0.04035365208983421,-9.642051696777344
0.0,0.0,0.9995002746582031,,0.01285020902287215,22530,0.10987509042024612,0.022347528487443924,0.8060503602027893,0.625,2,19.362072041956708,1,1789088562.80463,0.0,4,0.030239664018154144,-10.516844749450684
0.0,0.0,0.9993029832839966,,0.014929457975085825,22580,0.10987816005945206,0.022337544709444046,0.805974006652832,0.625,2,19.4308589999564,1,1789088562.873419,0.0,4,0.03703822195529938,-10.822608947753906
0.0,0.0,0.9991697072982788,,0.00027666601818054914,22631,0.1098889485001564,0.02232665754854679,0.8058909773826599,0.625,2,19.48198591696564,1,1789088562.924546,0.0,4,0.03416696563363075,-11.090179443359375
0.0,0.0,0.9992213249206543,,0.008499416988343,22730,0.10991587489843369,0.022309567779302597,0.8057460784912109,0.625,2,19.556789041962475,1,1789088562.999351,0.0,4,0.038859475404024124,-11.320295333862305
0.0,0.0,0.9984257221221924,,0.013154624961316586,22779,0.1099398285150528,0.022301405668258667,0.8056671023368835,0.625,2,19.628991208970547,1,1789088563.0715551,0.0,4,0.04515582695603371,-11.359915733337402
0.0,0.0,0.991787850856781,,0.014921249996405095,22829,0.10996377468109131,0.022295717149972916,0.8056008815765381,0.625,2,19.69713970896555,1,1789088563.1397052,0.0,4,0.06521552801132202,-11.328648567199707
0.0,0.0,0.9691616892814636,,0.01323483296437189,22929,0.11003556847572327,0.022288810461759567,0.8054606914520264,0.625,2,19.762370249954984,1,1789088563.204937,0.0,4,0.09325598925352097,-11.322732925415039
0.0,-13.333333432674408,0.9946790933609009,,0.015110959007870406,22979,0.1100621223449707,0.022289196029305458,0.8054094910621643,0.625,2,19.83106679195771,1,1789088563.2736351,0.2222222238779068,5,0.09960140287876129,-11.336556434631348
0.0,-13.333333432674408,0.996843695640564,,0.0010282499715685844,23030,0.11011021584272385,0.022291485220193863,0.8053420186042786,0.625,2,19.882353791967034,1,1789088563.3249228,0.2222222238779068,5,0.10879126191139221,-11.391292572021484
0.0,-13.333333432674408,0.9940880537033081,,0.002264290989842266,23080,0.11014442890882492,0.022294117137789726,0.8052948117256165,0.625,2,19.950759208993986,1,1789088563.3933299,0.2222222238779068,5,0.13407489657402039,-11.45522403717041
0.0,-13.333333432674408,0.9838458299636841,,0.007492333999834955,23179,0.11022897809743881,0.02230093628168106,0.8051944375038147,0.625,2,20.022246834007092,1,1789088563.464819,0.2222222238779068,5,0.13341498374938965,-11.730682373046875
0.0,-13.333333432674408,0.9905821084976196,,0.01232083298964426,23229,0.11026336252689362,0.022304866462945938,0.8051537871360779,0.625,2,20.094098083965946,1,1789088563.536673,0.2222222238779068,5,0.1388886719942093,-11.869685173034668
0.0,-13.333333432674408,0.9945220947265625,,0.015134874964132905,23329,0.11034710705280304,0.02231614850461483,0.8050518035888672,0.625,2,20.163482041971292,1,1789088563.606057,0.2222222238779068,5,0.10180146992206573,-12.512388229370117
0.2,-13.333333432674408,0.9871885180473328,,0.020749291987158358,23379,0.11038777977228165,0.0223236083984375,0.804991602897644,0.375,1,20.235480375005864,1,1789088563.678057,0.2222222238779068,5,0.10432805866003036,-13.008051872253418
0.2,0.0,0.9819918870925903,,0.01973125000949949,23430,0.11042490601539612,0.022331247106194496,0.8049341440200806,0.375,1,20.301223833987024,1,1789088563.743802,0.0,4,0.08024589717388153,-13.519588470458984
0.2,0.0,0.977590799331665,,0.004243333009071648,23480,0.11047767847776413,0.022330619394779205,0.8048812747001648,0.375,1,20.352679167001043,1,1789088563.795259,0.0,4,0.04706156253814697,-14.000579833984375
0.0,0.0,0.9923388957977295,,0.009497291001025587,23579,0.11183150112628937,0.02204260788857937,0.8047056198120117,0.625,2,20.423993499949574,1,1789088563.866575,0.0,4,0.06219593435525894,-15.154406547546387
0.0,0.0,0.9887627959251404,,0.006986332999076694,23630,0.11412075906991959,0.021527860313653946,0.804547905921936,0.625,2,20.48804108396871,1,1789088563.930623,0.0,4,-7.734188693575561e-05,-15.642391204833984
0.0,0.0,0.9869534373283386,,0.00525954196928069,23680,0.11707409471273422,0.020859679207205772,0.8043881058692932,0.625,2,20.552638458961155,1,1789088563.995222,0.0,4,0.035427067428827286,-15.961678504943848
0.0,0.0,0.9975519776344299,,0.0031663330155424774,23729,0.1201319545507431,0.020161151885986328,0.8042511940002441,0.625,2,20.616783499950543,1,1789088564.0593688,0.0,4,0.03204455226659775,-16.16682243347168
0.0,0.0,0.9977787137031555,,0.00402608304284513,23833,0.12459110468626022,0.019108910113573074,0.8041223287582397,0.625,2,20.68672445899574,1,1789088564.129311,0.0,4,0.03484417498111725,-16.4063720703125
0.0,0.0,0.9972004890441895,,0.003837375028524548,23880,0.1262761503458023,0.01869451440870762,0.8041121363639832,0.625,2,20.75098920898745,1,1789088564.193577,0.0,4,0.06494475901126862,-16.396907806396484
0.0,0.0,0.9939154982566833,,0.0035341670154593885,23930,0.1274411380290985,0.01840250939130783,0.8041049242019653,0.625,2,20.81792541698087,1,1789088564.260515,0.0,4,0.07733437418937683,-16.35674285888672
0.2,0.0,0.9942777752876282,,0.005898333038203418,24030,0.12984097003936768,0.017774410545825958,0.8040711879730225,0.375,1,20.886504916998092,1,1789088564.3290958,0.0,4,0.052388980984687805,-16.34324836730957
0.0,0.0,0.9928374886512756,,0.0036112500238232315,24080,0.13106957077980042,0.01744573749601841,0.8040461540222168,0.625,2,20.952454249956645,1,1789088564.395047,0.0,4,0.05911519378423691,-16.39765739440918
0.0,-13.333333432674408,0.9943087697029114,,0.009824291977565736,24130,0.1323847621679306,0.01709197461605072,0.8040124773979187,0.625,2,21.02363804198103,1,1789088564.466232,0.2222222238779068,5,0.10381440073251724,-16.502689361572266
0.0,0.0,0.9863378405570984,,0.005204749992117286,24229,0.13580022752285004,0.016211118549108505,0.8038901090621948,0.625,2,21.087772291968577,1,1789088564.530368,0.0,4,0.07085759937763214,-16.67325210571289
0.0,-13.333333432674408,0.9878225922584534,,0.009825000015553087,24281,0.13886311650276184,0.015375262126326561,0.8037678599357605,0.625,2,21.15856933395844,1,1789088564.601166,0.2222222238779068,5,0.14091280102729797,-16.75461769104004
0.2,-13.333333432674408,0.96220862865448,,0.009795374993700534,24329,0.14061956107616425,0.014888910576701164,0.8036819100379944,0.375,1,21.22496029199101,1,1789088564.667559,0.2222222238779068,5,0.09791503101587296,-16.848011016845703
0.2,-13.333333432674408,0.9709945321083069,,0.01739549997728318,24429,0.14373064041137695,0.014021302573382854,0.8035172820091248,0.375,1,21.298952249984723,1,1789088564.741552,0.2222222238779068,5,0.1073504164814949,-17.07565689086914
0.0,-13.333333432674408,0.974932849407196,,0.001712125027552247,24480,0.1455385386943817,0.013496431522071362,0.8034402132034302,0.625,2,21.34958766697673,1,1789088564.792189,0.2222222238779068,5,0.13548217713832855,-17.253820419311523
0.2,-13.333333432674408,0.9680885076522827,,0.002603125001769513,24530,0.1475086212158203,0.012925086542963982,0.8033745884895325,0.375,1,21.417759375006426,1,1789088564.8603609,0.2222222238779068,5,0.14084850251674652,-17.50773048400879
0.2,-13.333333432674408,0.9828903079032898,,0.011747082986403257,24629,0.1531566083431244,0.011325511150062084,0.8031859993934631,0.375,1,21.493537583970465,1,1789088564.936141,0.2222222238779068,5,0.10701385885477066,-18.133338928222656
0.0,-13.333333432674408,0.9788028001785278,,0.02105566702084616,24682,0.15745922923088074,0.010056202299892902,0.8029910922050476,0.625,2,21.569826458988246,1,1789088565.0124319,0.2222222238779068,5,0.11318814754486084,-18.660490036010742
0.2,0.0,0.9661092758178711,,0.0011952920467592776,24732,0.1602959930896759,0.009234515950083733,0.8028454184532166,0.375,1,21.617142291972414,1,1789088565.0597491,0.0,4,0.07733196765184402,-19.082624435424805
0.0,0.0,0.9536564350128174,,0.0015196669846773148,24829,0.1684945821762085,0.006809866055846214,0.8024439811706543,0.625,2,21.68498391698813,1,1789088565.1275918,0.0,4,0.0604945532977581,-20.162872314453125
0.2,0.0,0.9607469439506531,,0.0010717500117607415,24880,0.17335180938243866,0.005296396091580391,0.8021788597106934,0.375,1,21.751365624950267,1,1789088565.193975,0.0,4,0.033510372042655945,-20.708463668823242
0.2,0.0,0.964574933052063,,0.004879667016211897,24929,0.1774909943342209,0.004008368588984013,0.801927387714386,0.375,1,21.822020666964818,1,1789088565.264631,0.0,4,0.011749505065381527,-21.15540313720703
0.2,0.0,0.9499329328536987,,0.011004083033185452,25029,0.18467552959918976,0.0016883214702829719,0.8016029596328735,0.375,1,21.893414124962874,1,1789088565.336027,0.0,4,0.012484257109463215,-21.699081420898438
0.2,0.0,0.8562779426574707,,0.01787700003478676,25080,0.1894633024930954,7.598000956932083e-05,0.8015010952949524,0.375,1,21.96698245895095,1,1789088565.409597,0.0,4,0.029608312994241714,-21.895570755004883
0.2,0.0,0.827166736125946,,0.001896333007607609,25130,0.19446206092834473,-0.0016290079802274704,0.801464855670929,0.375,1,22.017023041960783,1,1789088565.459639,0.0,4,0.03480660170316696,-22.019025802612305
0.0,0.0,0.9197945594787598,,0.0089188750134781,25230,0.20474953949451447,-0.005173040088266134,0.8014729022979736,0.625,2,22.09083008399466,1,1789088565.533447,0.0,4,0.021861780434846878,-22.082963943481445
0.0,0.0,0.9318317770957947,,0.012330208031926304,25280,0.2124863862991333,-0.007953881286084652,0.8015578985214233,0.625,2,22.16097629198339,1,1789088565.603595,0.0,4,0.029291344806551933,-22.09131622314453
0.2,0.0,0.9118773937225342,,0.019569500000216067,25379,0.22471879422664642,-0.012301677837967873,0.801724374294281,0.375,1,22.235544624971226,1,1789088565.678164,0.0,4,0.02768597938120365,-22.0592098236084
0.2,0.0,0.9753245115280151,,0.024055832996964455,25430,0.22965432703495026,-0.014060663059353828,0.8018142580986023,0.375,1,22.306765291956253,1,1789088565.749387,0.0,4,0.020298615097999573,-22.09477996826172
0.2,0.0,0.8404093980789185,,0.004113374976441264,25480,0.2347525656223297,-0.015904318541288376,0.8019425868988037,0.375,1,22.353083708963823,1,1789088565.795706,0.0,4,0.04067980870604515,-22.140296936035156
0.2,0.0,0.715520977973938,,0.00872874999186024,25530,0.23966945707798004,-0.01766134612262249,0.8020800352096558,0.375,1,22.424214333994314,1,1789088565.866838,0.0,4,0.03900643810629845,-22.222537994384766
0.2,0.0,0.8952987194061279,,0.016552334011066705,25629,0.2500479817390442,-0.021274320781230927,0.8022144436836243,0.375,1,22.498815624974668,1,1789088565.941441,0.0,4,0.035622488707304,-22.355186462402344
0.0,0.0,0.9046607613563538,,0.0016279169940389693,25682,0.25694334506988525,-0.023771993815898895,0.8022809028625488,0.625,2,22.55037245899439,1,1789088565.9929988,0.0,4,0.040140267461538315,-22.39332389831543
0.0,0.0,0.8996219635009766,,0.006117125041782856,25730,0.264330118894577,-0.02647623047232628,0.8023582696914673,0.625,2,22.621946166967973,1,1789088566.064574,0.0,4,0.041970737278461456,-22.41281509399414
0.2,0.0,0.989212155342102,,0.011789458047132939,25829,0.2765384614467621,-0.03088238276541233,0.8024647235870361,0.375,1,22.69530479196692,1,1789088566.137934,0.0,4,0.028210867196321487,-22.388925552368164
0.2,0.0,0.991309404373169,,0.015432292013429105,25880,0.2845531404018402,-0.033900223672389984,0.8025070428848267,0.375,1,22.766760833968874,1,1789088566.209392,0.0,4,0.020097170025110245,-22.333633422851562
0.0,0.0,0.9528309106826782,,0.0012847909820266068,25930,0.2889212965965271,-0.03551679849624634,0.8025489449501038,0.625,2,22.8168234169716,1,1789088566.259456,0.0,4,0.035164523869752884,-22.276708602905273
0.0,0.0,0.9759316444396973,,0.0012354160426184535,25980,0.2943832278251648,-0.03755928575992584,0.802605390548706,0.625,2,22.88354354200419,1,1789088566.3261771,0.0,4,0.0396263413131237,-22.23643684387207
0.2,0.0,0.9820614457130432,,0.0031632919562980533,26079,0.3068622648715973,-0.04210354760289192,0.8026359677314758,0.375,1,22.951762958953623,1,1789088566.394398,0.0,4,0.04888186231255531,-22.227916717529297
0.2,0.0,0.9890952706336975,,0.006113625015132129,26129,0.31204158067703247,-0.04400862008333206,0.8026013970375061,0.375,1,23.0218011669931,1,1789088566.4644392,0.0,4,0.02728438191115856,-22.253267288208008
0.0,0.0,0.9531518816947937,,0.007397374953143299,26229,0.3221495747566223,-0.04770826920866966,0.8024789094924927,0.625,2,23.089769208978396,1,1789088566.532408,0.0,4,0.02730402536690235,-22.295616149902344
0.2,0.0,0.9576171040534973,,0.01088045904180035,26280,0.32824230194091797,-0.049864038825035095,0.802392840385437,0.375,1,23.160650791949593,1,1789088566.6032908,0.0,4,0.05478215217590332,-22.319658279418945
0.0,0.0,0.9808415174484253,,0.010273458028677851,26329,0.33427971601486206,-0.052026715129613876,0.8023327589035034,0.625,2,23.22577358398121,1,1789088566.6684139,0.0,4,0.049028925597667694,-22.32578468322754
0.0,0.0,0.958652675151825,,0.016844417026732117,26429,0.3459416925907135,-0.056294746696949005,0.8022051453590393,0.625,2,23.298593166982755,1,1789088566.741236,0.0,4,0.07694948464632034,-22.33453369140625
0.0,0.0,0.9174853563308716,,0.0012541249743662775,26480,0.35168424248695374,-0.05832997336983681,0.8020898103713989,0.625,2,23.349844291980844,1,1789088566.7924879,0.0,4,0.06616135686635971,-22.325267791748047
0.2,0.0,0.9872956871986389,,0.010685707966331393,26530,0.35771551728248596,-0.060513511300086975,0.8019408583641052,0.375,1,23.425863833981566,1,1789088566.8685088,0.0,4,0.05440007895231247,-22.31190299987793
0.0,0.0,0.9948911666870117,,0.014942833047825843,26629,0.36640381813049316,-0.06366477906703949,0.801662802696228,0.625,2,23.496933791961055,1,1789088566.939581,0.0,4,0.06826569885015488,-22.259626388549805
0.2,0.0,0.9131594896316528,,0.01972224999917671,26679,0.3705368638038635,-0.06511936336755753,0.8015735745429993,0.375,1,23.568879541999195,1,1789088567.011529,0.0,4,0.08711787313222885,-22.247203826904297
0.0,0.0,0.9889380931854248,,0.0015821659471839666,26730,0.3744814395904541,-0.06645776331424713,0.8015169501304626,0.625,2,23.616831499966793,1,1789088567.0594811,0.0,4,0.08718693256378174,-22.245668411254883
0.0,0.0,0.993756890296936,,0.0036590410163626075,26779,0.38017094135284424,-0.06848129630088806,0.8014496564865112,0.625,2,23.68570741696749,1,1789088567.128358,0.0,4,0.0687040463089943,-22.251577377319336
0.0,0.0,0.9848100543022156,,0.018629707978107035,26879,0.3893446624279022,-0.0717109963297844,0.8012663722038269,0.625,2,23.76778304198524,1,1789088567.210436,0.0,4,0.07572116702795029,-22.260162353515625
0.0,0.0,0.9970898032188416,,0.020982916990760714,26930,0.3945584297180176,-0.07354984432458878,0.8011845350265503,0.625,2,23.836509499989916,1,1789088567.2791638,0.0,4,0.0734536275267601,-22.275192260742188
0.0,0.0,0.9947564601898193,,0.02377320802770555,27029,0.402192085981369,-0.07623138278722763,0.8011521697044373,0.625,2,23.90629270899808,1,1789088567.348948,0.0,4,0.07014301419258118,-22.289281845092773
0.0,0.0,0.9934317469596863,,0.008842124952934682,27079,0.40566712617874146,-0.07741854339838028,0.8012000322341919,0.625,2,23.957628417003434,1,1789088567.400285,0.0,4,0.07035759836435318,-22.288684844970703
0.0,0.0,0.9964436888694763,,0.006181582983117551,27130,0.408602237701416,-0.07839032262563705,0.8012776374816895,0.625,2,24.0217455420061,1,1789088567.4644039,0.0,4,0.08203477412462234,-22.275012969970703
0.0,0.0,0.9938088059425354,,0.014791875029914081,27229,0.4148365259170532,-0.08047565072774887,0.801591694355011,0.625,2,24.096582583966665,1,1789088567.539242,0.0,4,0.07426625490188599,-22.25254249572754
0.0,0.0,0.9960137605667114,,0.017225333023816347,27279,0.4172252118587494,-0.08122742176055908,0.8017039895057678,0.625,2,24.16582658397965,1,1789088567.6084878,0.0,4,0.0552995391190052,-22.232614517211914
0.0,0.0,0.9945597052574158,,0.024086333985906094,27329,0.4198722541332245,-0.08205962926149368,0.8018831014633179,0.625,2,24.239730083965696,1,1789088567.682393,0.0,4,0.05567416921257973,-22.221525192260742
0.0,0.0,0.9967222809791565,,0.0024799579987302423,27380,0.4225028455257416,-0.08288583904504776,0.8020710349082947,0.625,2,24.28606699994998,1,1789088567.728731,0.0,4,0.07838775217533112,-22.20578384399414
0.0,0.0,0.9879818558692932,,0.007360291958320886,27480,0.42722010612487793,-0.08434601128101349,0.8024204969406128,0.625,2,24.356861417007167,1,1789088567.799527,0.0,4,0.05316198989748955,-22.20610237121582
0.0,0.0,0.9684433937072754,,0.0144612499861978,27530,0.42951634526252747,-0.08504359424114227,0.8026180863380432,0.625,2,24.43204941699514,1,1789088567.874717,0.0,4,0.06742790341377258,-22.211549758911133
0.0,0.0,0.9816602468490601,,0.012285583012271672,27630,0.4338216483592987,-0.08633425831794739,0.8029693961143494,0.625,2,24.496213542006444,1,1789088567.938882,0.0,4,0.06362073868513107,-22.225194931030273
0.0,0.0,0.9572697877883911,,0.011911541980225593,27680,0.4356485605239868,-0.08686161041259766,0.8031036853790283,0.625,2,24.562383083975874,1,1789088568.005053,0.0,4,0.06053391844034195,-22.22997283935547
0.0,0.0,0.9254565834999084,,0.01355804200284183,27730,0.4377250373363495,-0.08745996654033661,0.8032635450363159,0.625,2,24.630289916996844,1,1789088568.072961,0.0,4,0.07739806175231934,-22.232114791870117
0.0,0.0,0.9332836270332336,,0.012323249946348369,27780,0.4395727813243866,-0.0879841148853302,0.8033913969993591,0.625,2,24.6956234590034,1,1789088568.1382961,0.0,4,0.07279188185930252,-22.232112884521484
0.0,0.0,0.901385486125946,,0.015914332994725555,27879,0.4429280161857605,-0.08890745788812637,0.8035885691642761,0.625,2,24.76583754195599,1,1789088568.208512,0.0,4,0.06439842283725739,-22.204055786132812
0.0,0.0,0.8982341885566711,,0.020678874978329986,27935,0.44467756152153015,-0.08937443792819977,0.8036724328994751,0.625,2,24.837359624973033,1,1789088568.2800362,0.0,4,0.060628730803728104,-22.17829704284668
0.0,0.0,0.9059181213378906,,0.01970325002912432,28029,0.4478200078010559,-0.09019631147384644,0.803776204586029,0.625,2,24.9037057919777,1,1789088568.346383,0.0,4,0.05576317384839058,-22.151100158691406
0.0,0.0,0.9183186888694763,,0.02429170801769942,28079,0.44944438338279724,-0.09061579406261444,0.8038011193275452,0.625,2,24.973887374973856,1,1789088568.4165661,0.0,4,0.04930850863456726,-22.151100158691406
0.0,0.0,0.9645175933837891,,0.00331987498793751,28130,0.4510516822338104,-0.09101243317127228,0.8038114905357361,0.625,2,25.01896679197671,1,1789088568.461647,0.0,4,0.04490480571985245,-22.154804229736328
0.0,0.0,0.9648398160934448,,0.0036277499748393893,28179,0.4524288773536682,-0.09134482592344284,0.8038060069084167,0.625,2,25.085771333950106,1,1789088568.5284522,0.0,4,0.046032488346099854,-22.160694122314453
0.0,0.0,0.9800639152526855,,0.004795041983015835,28230,0.4539420008659363,-0.09171031415462494,0.8037815690040588,0.625,2,25.15339245897485,1,1789088568.596075,0.0,4,0.03080172650516033,-22.160846710205078
0.0,0.0,0.9751687049865723,,0.007944874989334494,28329,0.45678195357322693,-0.09237685799598694,0.8037102222442627,0.625,2,25.223336041963194,1,1789088568.666021,0.0,4,0.033714570105075836,-22.175941467285156
0.2,0.0,0.9761641621589661,,0.009828209003899246,28379,0.45801639556884766,-0.09265503287315369,0.8036668300628662,0.375,1,25.29202220897423,1,1789088568.734708,0.0,4,0.02019200101494789,-22.14995574951172
0.0,0.0,0.9732033610343933,,0.006127125001512468,28430,0.45940691232681274,-0.09297072142362595,0.8035996556282043,0.625,2,25.355381959001534,1,1789088568.798069,0.0,4,0.013788264244794846,-22.141660690307617
0.0,0.0,0.9370685815811157,,0.0014234579866752028,28529,0.46214836835861206,-0.0936034768819809,0.803445041179657,0.625,2,25.417415874951985,1,1789088568.8601038,0.0,4,0.009613425470888615,-22.141660690307617
0.2,0.0,0.7466325759887695,,0.0026552919880487025,28580,0.46435534954071045,-0.09419136494398117,0.8032947182655334,0.375,1,25.48613941698568,1,1789088568.928829,0.0,4,0.005408339202404022,-22.14515495300293
0.2,0.0,0.92208331823349,,0.0025502920034341514,28630,0.46661612391471863,-0.09484424442052841,0.803147554397583,0.375,1,25.552871249965392,1,1789088568.995562,0.0,4,0.015577776357531548,-22.150056838989258
0.0,0.0,0.8973371982574463,,0.003624458971899003,28730,0.47096869349479675,-0.09612689167261124,0.8027465343475342,0.625,2,25.619063833961263,1,1789088569.0617568,0.0,4,0.017953263595700264,-22.14830207824707
0.0,0.0,0.8503602147102356,,0.004292958998121321,28779,0.47371333837509155,-0.09693091362714767,0.8024799227714539,0.625,2,25.68804854195332,1,1789088569.130743,0.0,4,0.010437320917844772,-22.145906448364258
0.2,0.0,0.8625869154930115,,0.0024348750011995435,28829,0.47750160098075867,-0.09814697504043579,0.8021765947341919,0.375,1,25.75346754200291,1,1789088569.1961632,0.0,4,0.030270397663116455,-22.14900016784668
0.0,0.0,0.9378098845481873,,0.006238874979317188,28931,0.4849148094654083,-0.10063106566667557,0.8015919923782349,0.625,2,25.824296083999798,1,1789088569.2669928,0.0,4,0.0076492358930408955,-22.13084602355957
0.0,0.0,0.9423354268074036,,0.008598541957326233,28980,0.4869793653488159,-0.1012583076953888,0.8014291524887085,0.625,2,25.89398433396127,1,1789088569.336683,0.0,4,0.008642236702144146,-22.11480140686035
0.0,0.0,0.9678624272346497,,0.007366375008132309,29029,0.49002885818481445,-0.1022103950381279,0.80120450258255,0.625,2,25.958979458955582,1,1789088569.401679,0.0,4,0.0050810761749744415,-22.11317253112793
0.2,0.0,0.9871905446052551,,0.008575000043492764,29130,0.4967572093009949,-0.10433445125818253,0.8007174134254456,0.375,1,26.02624954195926,1,1789088569.468951,0.0,4,0.000713749963324517,-22.118274688720703
0.0,0.0,0.973370373249054,,0.01109912502579391,29180,0.4997609853744507,-0.10528261959552765,0.8004329204559326,0.625,2,26.09548249997897,1,1789088569.538185,0.0,4,0.007653430569916964,-22.11625862121582
0.0,0.0,0.9699591994285583,,0.015896082972176373,29279,0.5052271485328674,-0.10692297667264938,0.8000980019569397,0.625,2,26.167763334000483,1,1789088569.6104681,0.0,4,0.009560631588101387,-22.11197853088379
0.0,0.0,0.9801386594772339,,0.019720291020348668,29330,0.5090749263763428,-0.10811653733253479,0.8000022172927856,0.625,2,26.238713999977335,1,1789088569.68142,0.0,4,0.006874031852930784,-22.113880157470703
0.0,0.0,0.9058900475502014,,2.162496093660593e-05,29379,0.5122215151786804,-0.10912146419286728,0.7999463677406311,0.625,2,26.286308291950263,1,1789088569.729015,0.0,4,0.025358058512210846,-22.115407943725586
0.0,0.0,0.964931845664978,,0.007352332992013544,29430,0.5155179500579834,-0.11017927527427673,0.7999157905578613,0.625,2,26.3594901249744,1,1789088569.8021991,0.0,4,0.007984203286468983,-22.114927291870117
0.0,0.0,0.8925589323043823,,0.009511624986771494,29530,0.521763026714325,-0.11209294945001602,0.7999839186668396,0.625,2,26.427232249989174,1,1789088569.869942,0.0,4,0.00806684885174036,-22.09595489501953
0.0,0.0,0.8870370388031006,,0.009692042018286884,29579,0.5243666768074036,-0.11285554617643356,0.8000309467315674,0.625,2,26.491809333965648,1,1789088569.9345212,0.0,4,0.01057682279497385,-22.09395980834961
0.2,0.0,0.815604031085968,,0.015074125025421381,29629,0.5270728468894958,-0.11365029215812683,0.8001348972320557,0.375,1,26.56424837495433,1,1789088570.0069609,0.0,4,-0.017817379906773567,-22.081884384155273
0.2,0.0,0.6221436858177185,,0.017062917002476752,29729,0.5318567752838135,-0.11498627066612244,0.8004130125045776,0.375,1,26.6329871249618,1,1789088570.075701,0.0,4,0.002623493317514658,-22.070297241210938
0.0,0.0,0.9611769914627075,,0.020043292024638504,29780,0.5345041155815125,-0.11573044210672379,0.8005620837211609,0.625,2,26.702478499966674,1,1789088570.145195,0.0,4,0.001252390444278717,-22.068302154541016
0.0,0.0,0.981261134147644,,0.0197378330049105,29829,0.537874162197113,-0.11673998832702637,0.800719678401947,0.625,2,26.768992625002284,1,1789088570.21171,0.0,4,-0.02899869531393051,-22.066734313964844
0.0,0.0,0.9108377695083618,,1.5249999705702066e-05,29882,0.5421631336212158,-0.11808716505765915,0.8008391857147217,0.625,2,26.81509249994997,1,1789088570.2578099,0.0,4,-0.021712247282266617,-22.071800231933594
0.0,0.0,0.9917531609535217,,0.0026572920032776892,29930,0.5462396144866943,-0.11940518766641617,0.8009235262870789,0.625,2,26.88458383397665,1,1789088570.327304,0.0,4,0.000394146831240505,-22.077919006347656
0.0,0.0,0.972724974155426,,0.0015024160384200513,30029,0.5533875823020935,-0.12172383815050125,0.8010623455047607,0.625,2,26.950324999983422,1,1789088570.393046,0.0,4,-0.010308447293937206,-22.08167839050293
0.0,0.0,0.9839465618133545,,0.018532458983827382,30080,0.5567365884780884,-0.12275859713554382,0.8011453747749329,0.625,2,27.034856333979405,1,1789088570.477579,0.0,4,-0.02179565094411373,-22.072925567626953
0.0,0.0,0.9709349274635315,,0.01999604096636176,30180,0.5622920989990234,-0.12445846199989319,0.8013105392456055,0.625,2,27.102594416996,1,1789088570.5453188,0.0,4,-0.022413939237594604,-22.066349029541016
0.0,0.0,0.9049845933914185,,0.001178500009700656,30230,0.5648384094238281,-0.12520848214626312,0.8013996481895447,0.625,2,27.15015470900107,1,1789088570.59288,0.0,4,-0.029053350910544395,-22.063383102416992
0.0,0.0,0.8252821564674377,,0.0047196250525303185,30282,0.5673509836196899,-0.12590742111206055,0.8014914393424988,0.625,2,27.22082504199352,1,1789088570.663552,0.0,4,-0.03317474201321602,-22.0596981048584
0.0,0.0,0.8908876776695251,,0.007367958955001086,30330,0.5698117017745972,-0.1266101747751236,0.8015888929367065,0.625,2,27.29053441697033,1,1789088570.733263,0.0,4,-0.05321032926440239,-22.056686401367188
0.0,0.0,0.986622154712677,,0.008453666989225894,30430,0.5746127367019653,-0.12793877720832825,0.8017812967300415,0.625,2,27.35830220900243,1,1789088570.8010318,0.0,4,-0.06259223818778992,-22.05021095275879
0.0,0.0,0.9968570470809937,,0.017213207960594445,30481,0.5770900845527649,-0.12860165536403656,0.8018702268600464,0.625,2,27.433207875001244,1,1789088570.8759391,0.0,4,-0.0856504961848259,-22.047199249267578
0.0,0.0,0.995936393737793,,0.022058334026951343,30580,0.5816038250923157,-0.1298159807920456,0.8020232319831848,0.625,2,27.50535770895658,1,1789088570.9480908,0.0,4,-0.08838152885437012,-22.03852653503418
0.0,13.333333432674408,0.9981518387794495,,0.004890540963970125,30630,0.5836703777313232,-0.13036611676216125,0.8020836710929871,0.625,2,27.555151416978333,1,1789088570.997886,-0.2222222238779068,3,-0.12174062430858612,-22.038482666015625
0.0,13.333333432674408,0.9842302203178406,,0.011002625047694892,30680,0.586158812046051,-0.13102835416793823,0.802151620388031,0.625,2,27.629758999974,1,1789088571.0724952,-0.2222222238779068,3,-0.14341983199119568,-22.02950096130371
0.0,13.333333432674408,0.9474741220474243,,0.015650125045794994,30732,0.5884539484977722,-0.13164249062538147,0.8022053241729736,0.625,2,27.70038370898692,1,1789088571.143121,-0.2222222238779068,3,-0.15490011870861053,-22.01408576965332
0.0,13.333333432674408,0.97879958152771,,0.014799458032939583,30830,0.5926049947738647,-0.132737934589386,0.802282989025116,0.625,2,27.765486416989006,1,1789088571.208225,-0.2222222238779068,3,-0.14776082336902618,-21.866500854492188
0.0,13.333333432674408,0.9929940104484558,,0.013553917000535876,30880,0.5947751402854919,-0.13329622149467468,0.8023126125335693,0.625,2,27.834195584000554,1,1789088571.2769349,-0.2222222238779068,3,-0.1520664244890213,-21.653732299804688
0.0,13.333333432674408,0.9804837107658386,,0.0221423750044778,30980,0.5987520813941956,-0.13430878520011902,0.8023384213447571,0.625,2,27.908647208998445,1,1789088571.351389,-0.2222222238779068,3,-0.1426229327917099,-20.85801887512207
0.0,13.333333432674408,0.950314462184906,,0.0012143339845351875,31030,0.6006091833114624,-0.13476228713989258,0.802341639995575,0.625,2,27.954615666996688,1,1789088571.3973582,-0.2222222238779068,3,-0.1532588005065918,-20.363025665283203
0.0,13.333333432674408,0.916181206703186,,0.007285291969310492,31079,0.602566123008728,-0.13524487614631653,0.8023316860198975,0.625,2,28.027278374996968,1,1789088571.470023,-0.2222222238779068,3,-0.1274435818195343,-19.743038177490234
0.0,13.333333432674408,0.9939047694206238,,0.013585041975602508,31129,0.6046213507652283,-0.13575036823749542,0.802306592464447,0.625,2,28.1004057090031,1,1789088571.5431511,-0.2222222238779068,3,-0.10918333381414413,-19.032594680786133
0.0,0.0,0.9965397119522095,,0.02308437501778826,31230,0.6082808971405029,-0.1366230994462967,0.8022412657737732,0.625,2,28.175945791997947,1,1789088571.618693,0.0,4,-0.08866603672504425,-17.87309455871582
0.0,0.0,0.9978572726249695,,0.008593374979682267,31279,0.610239565372467,-0.13708819448947906,0.8021901845932007,0.625,2,28.227108541992493,1,1789088571.669857,0.0,4,-0.09363025426864624,-17.316850662231445
0.0,13.333333432674408,0.9983823299407959,,0.013565417029894888,31332,0.6122416853904724,-0.13756155967712402,0.802135705947876,0.625,2,28.298072166973725,1,1789088571.740822,-0.2222222238779068,3,-0.11245907098054886,-16.82402992248535
0.0,13.333333432674408,0.9988152980804443,,0.01963225001236424,31429,0.6157804131507874,-0.13840073347091675,0.8020299673080444,0.625,2,28.370581541967113,1,1789088571.813333,-0.2222222238779068,3,-0.12219934910535812,-16.07818031311035
0.0,13.333333432674408,0.9993976354598999,,0.0013565829722210765,31479,0.6176846623420715,-0.1388516128063202,0.8019692897796631,0.625,2,28.41880891699111,1,1789088571.861561,-0.2222222238779068,3,-0.12193656712770462,-15.765791893005371
0.0,13.333333432674408,0.9993535876274109,,0.0032512499601580203,31532,0.6194862127304077,-0.1392819583415985,0.801909327507019,0.625,2,28.487508166988846,1,1789088571.930262,-0.2222222238779068,3,-0.1282893568277359,-15.512311935424805
0.0,0.0,0.9994781613349915,,0.0048864170094020665,31629,0.6230642795562744,-0.1401444524526596,0.8018026947975159,0.625,2,28.554796833952423,1,1789088571.9975522,0.0,4,-0.09185018390417099,-14.984034538269043
0.0,0.0,0.9994828701019287,,0.007250958005897701,31680,0.6250245571136475,-0.1406175196170807,0.8017459511756897,0.625,2,28.624332374951337,1,1789088572.0670888,0.0,4,-0.09816554933786392,-14.589282035827637
0.0,0.0,0.9996442794799805,,0.009810834017116576,31730,0.6267958283424377,-0.14105014503002167,0.8016907572746277,0.625,2,28.69266191695351,1,1789088572.1354198,0.0,4,-0.08739432692527771,-14.122444152832031
0.0,13.333333432674408,0.9996691942214966,,0.010556833003647625,31829,0.6301257610321045,-0.14187146723270416,0.8015679717063904,0.625,2,28.76046779198805,1,1789088572.203228,-0.2222222238779068,3,-0.12079338729381561,-13.140067100524902
0.0,13.333333432674408,0.9996732473373413,,0.010955709032714367,31879,0.6320536136627197,-0.14234976470470428,0.8014960885047913,0.625,2,28.828154499991797,1,1789088572.270916,-0.2222222238779068,3,-0.11419999599456787,-12.660110473632812
0.0,0.0,0.9995589852333069,,0.01514575001783669,31929,0.6337921023368835,-0.14278987050056458,0.8014336228370667,0.625,2,28.89918474998558,1,1789088572.3419478,0.0,4,-0.09389420598745346,-12.348362922668457
0.0,0.0,0.9995254278182983,,0.022043875011149794,32029,0.6371157169342041,-0.143638014793396,0.8013333678245544,0.625,2,28.972970749950036,1,1789088572.415735,0.0,4,-0.08682868629693985,-12.050018310546875
-0.2,13.333333432674408,0.9988297820091248,,0.0036610410315915942,32079,0.6388677954673767,-0.14408564567565918,0.8012874722480774,0.875,3,29.021737542003393,1,1789088572.464503,-0.2222222238779068,3,-0.1174507588148117,-11.948354721069336
-0.2,13.333333432674408,0.9922723770141602,,0.011026874999515712,32129,0.6404292583465576,-0.14448711276054382,0.8012484312057495,0.875,3,29.095274749968667,1,1789088572.538042,-0.2222222238779068,3,-0.11815983802080154,-11.855681419372559
0.0,13.333333432674408,0.9944816827774048,,0.013533708988688886,32230,0.643491268157959,-0.14531917870044708,0.8011323809623718,0.625,2,29.164739749976434,1,1789088572.607508,-0.2222222238779068,3,-0.16834139823913574,-11.46896743774414
0.0,13.333333432674408,0.9943759441375732,,0.017252249992452562,32281,0.6439076066017151,-0.1455346792936325,0.8010252714157104,0.625,2,29.235301499953493,1,1789088572.678072,-0.2222222238779068,3,-0.1509414166212082,-11.234102249145508
0.0,13.333333432674408,0.9982841610908508,,0.0023022500099614263,32330,0.6435458064079285,-0.14555253088474274,0.8009181022644043,0.625,2,29.287542499951087,1,1789088572.730314,-0.2222222238779068,3,-0.1264137625694275,-11.04712963104248
0.0,13.333333432674408,0.999624490737915,,0.006369000009726733,32379,0.6426280736923218,-0.14543378353118896,0.8007896542549133,0.625,2,29.359914375003427,1,1789088572.802687,-0.2222222238779068,3,-0.14185690879821777,-10.587603569030762
0.0,13.333333432674408,0.99366694688797,,0.012340125045739114,32480,0.6429189443588257,-0.1454555243253708,0.8006280064582825,0.625,2,29.43172341695754,1,1789088572.8744981,-0.2222222238779068,3,-0.12285460531711578,-9.52063274383545
-0.2,0.0,0.9994090795516968,,0.017761416966095567,32529,0.6434021592140198,-0.14553983509540558,0.8005884289741516,0.875,3,29.504572208970785,1,1789088572.9473479,0.0,4,-0.109405517578125,-8.915413856506348
0.0,0.0,0.9991300702095032,,0.02107149997027591,32630,0.644662618637085,-0.14575986564159393,0.8005470633506775,0.625,2,29.575053666951135,1,1789088573.0178308,0.0,4,-0.09903475642204285,-7.8985748291015625
0.0,13.333333432674408,0.999786913394928,,0.0023737080045975745,32680,0.6455068588256836,-0.14590199291706085,0.8005106449127197,0.625,2,29.624138333951123,1,1789088573.066918,-0.2222222238779068,3,-0.11670015007257462,-7.436803817749023
0.0,0.0,0.9996089339256287,,0.006098208017647266,32729,0.6457696557044983,-0.14599394798278809,0.8004278540611267,0.625,2,29.693940416967962,1,1789088573.13672,0.0,4,-0.09830565005540848,-7.000227928161621
0.0,0.0,0.9996078610420227,,0.004459457995835692,32779,0.6451587677001953,-0.1459672451019287,0.8002943992614746,0.625,2,29.75774824997643,1,1789088573.2005298,0.0,4,-0.08089061826467514,-6.609909534454346
0.0,0.0,0.999721348285675,,0.009778084000572562,32879,0.644069254398346,-0.14578473567962646,0.8000142574310303,0.625,2,29.8312082089833,1,1789088573.2739909,0.0,4,-0.08662311732769012,-5.9902119636535645
0.0,0.0,0.9996079802513123,,0.017617249977774918,32930,0.6440153121948242,-0.1457393914461136,0.7998949289321899,0.625,2,29.90573758399114,1,1789088573.348522,0.0,4,-0.05672851577401161,-5.804579734802246
0.0,0.0,0.9992777705192566,,0.019709707994479686,33030,0.6436448097229004,-0.14564615488052368,0.7997750639915466,0.625,2,29.974244166980498,1,1789088573.4170299,0.0,4,-0.10714897513389587,-5.434452056884766
0.0,13.333333432674408,0.9996787309646606,,0.0007361660245805979,33080,0.6437321305274963,-0.14561641216278076,0.7997632622718811,0.625,2,30.020909624989145,1,1789088573.4636958,-0.2222222238779068,3,-0.12843003869056702,-5.275686264038086
-0.2,13.333333432674408,0.9991346001625061,,0.004896625003311783,33130,0.6439597010612488,-0.1456136405467987,0.7997658848762512,0.875,3,30.091815958963707,1,1789088573.534604,-0.2222222238779068,3,-0.14902731776237488,-5.210160732269287
-0.2,13.333333432674408,0.9995001554489136,,0.006098332989495248,33180,0.6441216468811035,-0.14561177790164948,0.7997949719429016,0.875,3,30.15969966695411,1,1789088573.6024902,-0.2222222238779068,3,-0.1544651836156845,-5.1029767990112305
0.0,13.333333432674408,0.9997656941413879,,0.01058920897776261,33279,0.6440339684486389,-0.14557990431785583,0.7998526692390442,0.625,2,30.23057295900071,1,1789088573.673364,-0.2222222238779068,3,-0.1854104846715927,-4.881364345550537
0.0,13.333333432674408,0.9987830519676208,,0.01494437496876344,33329,0.6432033181190491,-0.14550773799419403,0.7998608946800232,0.625,2,30.301511249970645,1,1789088573.744305,-0.2222222238779068,3,-0.1812530755996704,-4.695100784301758
-0.2,13.333333432674408,0.9996337890625,,0.0006709590088576078,33379,0.641103208065033,-0.14532829821109772,0.7998178601264954,0.875,3,30.352875874959864,1,1789088573.79567,-0.2222222238779068,3,-0.1638377159833908,-4.380002975463867
-0.2,13.333333432674408,0.9990058541297913,,0.002433250017929822,33479,0.6370254755020142,-0.14485082030296326,0.7997493147850037,0.875,3,30.422333499998786,1,1789088573.865129,-0.2222222238779068,3,-0.16450782120227814,-3.5498123168945312
0.0,13.333333432674408,0.9979495406150818,,0.008605750044807792,33532,0.6352124214172363,-0.14458273351192474,0.799728512763977,0.625,2,30.494569874950685,1,1789088573.937367,-0.2222222238779068,3,-0.17369787395000458,-2.9423325061798096
0.0,13.333333432674408,0.9983344674110413,,0.011056208983063698,33579,0.6340075731277466,-0.14441797137260437,0.7997189164161682,0.625,2,30.564998791960534,1,1789088574.007797,-0.2222222238779068,3,-0.1629086434841156,-2.455890417098999
0.0,0.0,0.9998416900634766,,0.01432683295570314,33682,0.6281437873840332,-0.14388741552829742,0.7996162176132202,0.625,2,30.635735458985437,1,1789088574.078536,0.0,4,-0.10436122119426727,-1.253989815711975
0.0,0.0,0.9992181062698364,,0.019744083983823657,33730,0.6250046491622925,-0.1435488611459732,0.7995789647102356,0.625,2,30.706915208953433,1,1789088574.149717,0.0,4,-0.075262151658535,-0.6387355327606201
0.0,0.0,0.9998642206192017,,0.0012021249858662486,33779,0.6232092380523682,-0.1433078497648239,0.7995813488960266,0.625,2,30.755491624993738,1,1789088574.198294,0.0,4,-0.05516435578465462,-0.21045631170272827
0.0,0.0,0.9987407326698303,,0.010433958028443158,33879,0.619235634803772,-0.14289730787277222,0.7996729016304016,0.625,2,30.832860833965242,1,1789088574.2756648,0.0,4,-0.06841772794723511,0.6766856908798218
0.0,0.0,0.9981769323348999,,0.008609583950601518,33932,0.6175119876861572,-0.14272624254226685,0.7997366786003113,0.625,2,30.89662774995668,1,1789088574.339433,0.0,4,-0.06732571125030518,0.9339844584465027
0.0,0.0,0.9996694326400757,,0.01379204198019579,33980,0.61602383852005,-0.14257021248340607,0.799813985824585,0.625,2,30.9685055000009,1,1789088574.4113128,0.0,4,-0.06623341888189316,1.1706379652023315
0.0,13.333333432674408,0.9995554089546204,,0.019810083031188697,34080,0.6133295297622681,-0.14237433671951294,0.7999528050422668,0.625,2,31.040489292005077,1,1789088574.483298,-0.2222222238779068,3,-0.11618514358997345,1.3515533208847046
0.0,13.333333432674408,0.998943030834198,,0.00013045803643763065,34133,0.6115971207618713,-0.14228005707263947,0.8000534772872925,0.625,2,31.08810212498065,1,1789088574.530912,-0.2222222238779068,3,-0.14159321784973145,1.4067471027374268
-0.2,13.333333432674408,0.9985929131507874,,0.0015023750020191073,34180,0.6101268529891968,-0.14219702780246735,0.8001611232757568,0.875,3,31.155762999958824,1,1789088574.5985742,-0.2222222238779068,3,-0.15412388741970062,1.437751293182373
-0.2,13.333333432674408,0.9994358420372009,,0.003646583005320281,34279,0.6075422763824463,-0.14207784831523895,0.8003540635108948,0.875,3,31.22505916695809,1,1789088574.667872,-0.2222222238779068,3,-0.14178265631198883,1.6537383794784546
0.0,13.333333432674408,0.9985935091972351,,0.012390874966513366,34329,0.6059109568595886,-0.14203576743602753,0.8004624247550964,0.625,2,31.299985541962087,1,1789088574.7427998,-0.2222222238779068,3,-0.2084333449602127,1.8858588933944702
0.0,13.333333432674408,0.9985522627830505,,0.020669874968007207,34430,0.6005731821060181,-0.14204438030719757,0.8005785942077637,0.625,2,31.374338166962843,1,1789088574.817154,-0.2222222238779068,3,-0.1765250265598297,2.685199737548828
-0.2,13.333333432674408,0.9974488615989685,,0.000659791985526681,34430,0.6005731821060181,-0.14204438030719757,0.8005785942077637,0.875,3,31.42104962497251,1,1789088574.8638668,-0.2222222238779068,3,-0.162556454539299,2.685199737548828
-0.2,13.333333432674408,0.9975651502609253,,0.002853709040209651,34530,0.5934478044509888,-0.14206238090991974,0.8005751967430115,0.875,3,31.489681374980137,1,1789088574.9325,-0.2222222238779068,3,-0.16834703087806702,3.7680726051330566
0.0,13.333333432674408,0.9963023662567139,,0.007331250002607703,34583,0.5913671255111694,-0.1420142501592636,0.8005768060684204,0.625,2,31.561048374976963,1,1789088575.0038679,-0.2222222238779068,3,-0.15348921716213226,4.226301670074463
0.0,13.333333432674408,0.9890996813774109,,0.01110374997369945,34679,0.5846527218818665,-0.14214935898780823,0.8004457950592041,0.625,2,31.6316378339543,1,1789088575.0744588,-0.2222222238779068,3,-0.12174004316329956,5.482392311096191
0.0,0.0,0.9946444034576416,,0.015494833001866937,34729,0.5803409814834595,-0.14229662716388702,0.8003536462783813,0.625,2,31.702724916976877,1,1789088575.145548,0.0,4,-0.0696072205901146,6.018858909606934
0.0,0.0,0.9995032548904419,,0.011023166996892542,34779,0.5773787498474121,-0.1423589140176773,0.8002797961235046,0.625,2,31.76401275000535,1,1789088575.206837,0.0,4,-0.06805858016014099,6.4122467041015625
0.0,0.0,0.999733030796051,,0.014815791975706816,34880,0.571232795715332,-0.14249612390995026,0.8001317977905273,0.625,2,31.834073874983005,1,1789088575.2769,0.0,4,-0.07767710834741592,7.392117977142334
0.0,0.0,0.9958521127700806,,0.02094412501901388,34930,0.5685119032859802,-0.14260844886302948,0.8001118302345276,0.625,2,31.907724499993492,1,1789088575.350552,0.0,4,-0.053009312599897385,7.744415760040283
0.0,0.0,0.9993693232536316,,0.00243237498216331,34980,0.5659766793251038,-0.1427205502986908,0.8001028299331665,0.625,2,31.95623929199064,1,1789088575.3990679,0.0,4,-0.05553154647350311,8.032456398010254
0.0,0.0,0.9993033409118652,,0.007750416989438236,35081,0.5618916153907776,-0.1429014950990677,0.8001318573951721,0.625,2,32.02855566696962,1,1789088575.4713862,0.0,4,-0.059982817620038986,8.527077674865723
0.0,0.0,0.9998252987861633,,0.011206916999071836,35130,0.5599879026412964,-0.14300967752933502,0.8001514077186584,0.625,2,32.098399916954804,1,1789088575.5412312,0.0,4,-0.05601950362324715,8.644387245178223
0.0,0.0,0.9991205334663391,,0.014841292053461075,35180,0.557869017124176,-0.14315767586231232,0.8002060651779175,0.625,2,32.168437458982226,1,1789088575.61127,0.0,4,-0.08333484083414078,8.711385726928711
0.0,13.333333432674408,0.9981659054756165,,0.01968133304035291,35279,0.5540569424629211,-0.14339937269687653,0.8003348708152771,0.625,2,32.24047958396841,1,1789088575.6833138,-0.2222222238779068,3,-0.1138283759355545,8.819568634033203
0.0,13.333333432674408,0.9995525479316711,,0.0010415829601697624,35329,0.5520883798599243,-0.14353469014167786,0.8004159331321716,0.625,2,32.28886087500723,1,1789088575.7316961,-0.2222222238779068,3,-0.12132861465215683,8.863558769226074
0.0,13.333333432674408,0.9964054822921753,,0.003673749975860119,35379,0.5502890944480896,-0.14367152750492096,0.800505518913269,0.625,2,32.357350791979115,1,1789088575.8001878,-0.2222222238779068,3,-0.14515016973018646,8.871352195739746
0.0,13.333333432674408,0.9994521737098694,,0.008455124974716455,35429,0.5486635565757751,-0.1437951922416687,0.8005977869033813,0.625,2,32.42887987499125,1,1789088575.871719,-0.2222222238779068,3,-0.15677182376384735,8.927453994750977
0.0,13.333333432674408,0.9996742010116577,,0.011093166947830468,35530,0.5459120273590088,-0.1440003216266632,0.800765872001648,0.625,2,32.49831862497376,1,1789088575.941159,-0.2222222238779068,3,-0.17200057208538055,9.23525619506836
0.0,13.333333432674408,0.9987295269966125,,0.01459637499647215,35580,0.5445881485939026,-0.1441182792186737,0.8008561134338379,0.625,2,32.56841904198518,1,1789088576.011261,-0.2222222238779068,3,-0.16393236815929413,9.577506065368652
0.0,13.333333432674408,0.9989370703697205,,0.024012167006731033,35682,0.5422362089157104,-0.144330233335495,0.8010250926017761,0.625,2,32.64489816699643,1,1789088576.0877419,-0.2222222238779068,3,-0.13347840309143066,10.520072937011719
0.0,13.333333432674408,0.9990034699440002,,0.004910125047899783,35729,0.5411691069602966,-0.14442509412765503,0.8010921478271484,0.625,2,32.69203458400443,1,1789088576.1348789,-0.2222222238779068,3,-0.11503943800926208,11.09274673461914
0.0,13.333333432674408,0.9979092478752136,,0.009836959012318403,35779,0.5403202772140503,-0.1445021778345108,0.8011394143104553,0.625,2,32.76402574998792,1,1789088576.206871,-0.2222222238779068,3,-0.1203712522983551,11.536005973815918
0.0,0.0,0.9997280240058899,,0.014778417011257261,35879,0.5385022163391113,-0.1446816772222519,0.8012301325798035,0.625,2,32.83501974999672,1,1789088576.277867,0.0,4,-0.06566239148378372,12.825660705566406
0.0,0.0,0.9998461008071899,,0.022208834008779377,35931,0.5376220941543579,-0.14476469159126282,0.8012643456459045,0.625,2,32.909197375003714,1,1789088576.3520472,0.0,4,-0.062096007168293,13.388101577758789
0.0,0.0,0.999625563621521,,0.0033266249811276793,35980,0.5369008779525757,-0.144834965467453,0.8012843728065491,0.625,2,32.9565772920032,1,1789088576.3994272,0.0,4,-0.05962692201137543,13.815372467041016
0.0,0.0,0.9991779923439026,,0.011508625000715256,36079,0.535480797290802,-0.14498548209667206,0.8012912273406982,0.625,2,33.03184412495466,1,1789088576.474695,0.0,4,-0.05314427986741066,14.565719604492188
0.0,0.0,0.9987026453018188,,0.016353874991182238,36129,0.5348411798477173,-0.1450517475605011,0.801286518573761,0.625,2,33.103497458971106,1,1789088576.5463512,0.0,4,-0.04498851299285889,14.758783340454102
0.0,0.0,0.9991248250007629,,0.023306792019866407,36179,0.5342552065849304,-0.1451156884431839,0.8012778162956238,0.625,2,33.177233541966416,1,1789088576.620088,0.0,4,-0.05134620517492294,14.91897201538086
0.0,0.0,0.9983599781990051,,0.004660875012632459,36230,0.5337113738059998,-0.145175501704216,0.8012667894363403,0.625,2,33.22431487496942,1,1789088576.66717,0.0,4,-0.05582138150930405,15.026383399963379
0.0,0.0,0.9991111159324646,,0.00916633300948888,36329,0.5327858924865723,-0.14527639746665955,0.8012369275093079,0.625,2,33.29515774996253,1,1789088576.738015,0.0,4,-0.055554889142513275,15.14822006225586
0.0,0.0,0.9988465309143066,,0.010773791000247002,36379,0.5323609113693237,-0.1453268826007843,0.8012149333953857,0.625,2,33.36320045898901,1,1789088576.8060591,0.0,4,-0.1029735878109932,15.164060592651367
0.0,0.0,0.9855867624282837,,0.015825374983251095,36482,0.5316343307495117,-0.1454082727432251,0.8011719584465027,0.625,2,33.434074291959405,1,1789088576.8769338,0.0,4,-0.10644926875829697,15.253910064697266
-0.2,13.333333432674408,0.9593253135681152,,0.01581375004025176,36530,0.5313593745231628,-0.14543475210666656,0.801155686378479,0.875,3,33.501812333997805,1,1789088576.944674,-0.2222222238779068,3,-0.11286280304193497,15.302762985229492
-0.2,13.333333432674408,0.9710949063301086,,0.01968750002561137,36579,0.531056821346283,-0.1454664021730423,0.8011356592178345,0.875,3,33.57186270895181,1,1789088577.014726,-0.2222222238779068,3,-0.14850151538848877,15.364829063415527
0.0,13.333333432674408,0.9494815468788147,,0.0011967080063186586,36631,0.5307517051696777,-0.14550209045410156,0.8011165857315063,0.625,2,33.620317708991934,1,1789088577.063182,-0.2222222238779068,3,-0.15622593462467194,15.429508209228516
0.0,13.333333432674408,0.9900276064872742,,0.006122500053606927,36730,0.5291751623153687,-0.14581002295017242,0.8010201454162598,0.625,2,33.69228470895905,1,1789088577.1351511,-0.2222222238779068,3,-0.16753123700618744,15.621188163757324
0.0,13.333333432674408,0.926578938961029,,0.0029020420042797923,36779,0.5269898176193237,-0.14631226658821106,0.8008937835693359,0.625,2,33.756190833984874,1,1789088577.199059,-0.2222222238779068,3,-0.15799666941165924,15.820621490478516
0.0,13.333333432674408,0.9874477982521057,,0.008669207978527993,36830,0.5244962573051453,-0.14691585302352905,0.8007411360740662,0.625,2,33.827942041971255,1,1789088577.2708108,-0.2222222238779068,3,-0.15127383172512054,16.068754196166992
0.0,13.333333432674408,0.993233859539032,,0.010053500009234995,36930,0.5218714475631714,-0.14751654863357544,0.8004841804504395,0.625,2,33.89609804196516,1,1789088577.338968,-0.2222222238779068,3,-0.14297106862068176,16.7341251373291
0.0,13.333333432674408,0.9893906712532043,,0.01483958400785923,36982,0.5204926133155823,-0.14781583845615387,0.800349235534668,0.625,2,33.96775879198685,1,1789088577.41063,-0.2222222238779068,3,-0.12214253097772598,17.35589599609375
0.0,0.0,0.9986977577209473,,0.022547499975189567,37080,0.5186928510665894,-0.1482263058423996,0.8002026677131653,0.625,2,34.04187016695505,1,1789088577.4847438,0.0,4,-0.1025693342089653,18.486652374267578
0.0,0.0,0.9980485439300537,,0.004913499986287206,37129,0.5180801153182983,-0.14833833277225494,0.8001379370689392,0.625,2,34.090946583950426,1,1789088577.5338209,0.0,4,-0.06441622227430344,19.12580108642578
0.2,0.0,0.9748104214668274,,0.009875499992631376,37182,0.5173771381378174,-0.14847157895565033,0.8000829219818115,0.375,1,34.163106166990474,1,1789088577.605982,0.0,4,-0.06469539552927017,19.689640045166016
0.0,0.0,0.9928873181343079,,0.015987124992534518,37279,0.51576828956604,-0.14881853759288788,0.800010621547699,0.625,2,34.2356574589503,1,1789088577.678535,0.0,4,-0.02090364135801792,20.561248779296875
0.0,0.0,0.9699137210845947,,0.019574541016481817,37329,0.5152435302734375,-0.14888671040534973,0.7999749779701233,0.625,2,34.30841145897284,1,1789088577.75129,0.0,4,-0.023374123498797417,20.747255325317383
0.0,0.0,0.995808482170105,,0.0022783339954912663,37379,0.5153823494911194,-0.14872856438159943,0.7999058365821838,0.625,2,34.355915541993454,1,1789088577.798796,0.0,4,-0.024309402331709862,20.908306121826172
0.0,0.0,0.9818516969680786,,0.002527125005144626,37430,0.5161407589912415,-0.14836762845516205,0.7998292446136475,0.625,2,34.422370124957524,1,1789088577.865251,0.0,4,-0.029370728880167007,21.024185180664062
0.2,0.0,0.9211062788963318,,0.011085874983109534,37529,0.5165135264396667,-0.14800971746444702,0.7997384667396545,0.375,1,34.49787570897024,1,1789088577.940759,0.0,4,-0.0609891340136528,21.011550903320312
0.2,0.0,0.9550639986991882,,0.016057750035542995,37579,0.5164596438407898,-0.1479169726371765,0.7997221946716309,0.375,1,34.57031870895298,1,1789088578.013203,0.0,4,-0.06113632395863533,20.98733139038086
0.0,0.0,0.995487630367279,,0.024911665997933596,37680,0.5169214010238647,-0.14754058420658112,0.7997418642044067,0.625,2,34.645873125002254,1,1789088578.088759,0.0,4,-0.03595105931162834,20.966737747192383
0.0,0.0,0.9807751178741455,,0.0093218749971129,37729,0.5176401734352112,-0.14721180498600006,0.7997425198554993,0.625,2,34.69719337497372,1,1789088578.140081,0.0,4,-0.0789647251367569,21.004716873168945
0.0,0.0,0.9971176385879517,,0.012330957979429513,37779,0.5197024941444397,-0.14640355110168457,0.7997131943702698,0.625,2,34.76668449997669,1,1789088578.209573,0.0,4,-0.040621884167194366,21.077526092529297
0.0,13.333333432674408,0.992751955986023,,0.019781290960963815,37880,0.524536669254303,-0.14447268843650818,0.7996547222137451,0.625,2,34.840544916980434,1,1789088578.283436,-0.2222222238779068,3,-0.11378444731235504,21.27027130126953
0.0,0.0,0.9133788347244263,,0.0006839169654995203,37929,0.526147186756134,-0.14375951886177063,0.7996552586555481,0.625,2,34.88811524998164,1,1789088578.331006,0.0,4,-0.09235253185033798,21.35054588317871
-0.2,13.333333432674408,0.9149653315544128,,0.007928833016194403,37979,0.5272797346115112,-0.14322809875011444,0.7996932864189148,0.875,3,34.962962958961725,1,1789088578.405856,-0.2222222238779068,3,-0.11541832983493805,21.42205238342285
0.0,0.0,0.9848050475120544,,0.009802707994822413,38030,0.5283559560775757,-0.142721027135849,0.7997492551803589,0.625,2,35.03105324995704,1,1789088578.473948,0.0,4,-0.09737503528594971,21.481929779052734
0.0,0.0,0.9688012599945068,,0.013289124995935708,38130,0.5292751789093018,-0.14215759932994843,0.7998573780059814,0.625,2,35.10088662500493,1,1789088578.543782,0.0,4,-0.09406141191720963,21.61436653137207
0.0,13.333333432674408,0.9853345155715942,,0.014773333969060332,38180,0.5287035703659058,-0.1422257125377655,0.7998695969581604,0.625,2,35.16931779199513,1,1789088578.6122172,-0.2222222238779068,3,-0.11870457231998444,21.723207473754883
0.0,13.333333432674408,0.955008327960968,,0.015297583013307303,38230,0.5276862382888794,-0.14249184727668762,0.7998658418655396,0.625,2,35.23591200000374,1,1789088578.6788108,-0.2222222238779068,3,-0.13824737071990967,21.90073585510254
0.0,13.333333432674408,0.9696502089500427,,0.020025207952130586,38330,0.5268282294273376,-0.14265386760234833,0.7998788356781006,0.625,2,35.308017916977406,1,1789088578.750918,-0.2222222238779068,3,-0.11729458719491959,22.266128540039062
0.0,0.0,0.923410177230835,,0.00036670896224677563,38380,0.5269544720649719,-0.14251616597175598,0.7999237775802612,0.625,2,35.354739249974955,1,1789088578.797641,0.0,4,-0.08071420341730118,22.49690055847168
0.0,0.0,0.9728129506111145,,0.0075073750340379775,38435,0.5269387364387512,-0.14243626594543457,0.7999865412712097,0.625,2,35.42908804200124,1,1789088578.8719912,0.0,4,-0.07773983478546143,22.781341552734375
0.2,0.0,0.9898638129234314,,0.013667792023625225,38530,0.5272408127784729,-0.14216886460781097,0.8001204133033752,0.375,1,35.50103324995143,1,1789088578.943938,0.0,4,-0.051077526062726974,23.469161987304688
0.2,0.0,0.9715420603752136,,0.016827707993797958,38580,0.5274134874343872,-0.14199453592300415,0.8001867532730103,0.375,1,35.57089583395282,1,1789088579.013802,0.0,4,-0.06587234139442444,23.797937393188477
0.0,0.0,0.9934727549552917,,0.020990499993786216,38630,0.527437686920166,-0.14187872409820557,0.8002446293830872,0.625,2,35.641517791955266,1,1789088579.084425,0.0,4,-0.05715601518750191,24.118206024169922
0.0,0.0,0.994659960269928,,0.0023541670525446534,38682,0.5278264284133911,-0.14161404967308044,0.8002752065658569,0.625,2,35.68954137497349,1,1789088579.13245,0.0,4,-0.02739248238503933,24.355701446533203
0.2,0.0,0.9907455444335938,,0.0017584169982001185,38780,0.5307510495185852,-0.14024998247623444,0.8002109527587891,0.375,1,35.755718250002246,1,1789088579.1986282,0.0,4,-0.03171916678547859,24.5351619720459
0.0,0.0,0.9969434142112732,,0.0049392919754609466,38831,0.5332682728767395,-0.13907594978809357,0.800159752368927,0.625,2,35.82512708398281,1,1789088579.2680378,0.0,4,-0.033347103744745255,24.463558197021484
0.0,0.0,0.9979010820388794,,0.013546250003855675,38929,0.5363802313804626,-0.13745850324630737,0.8001134991645813,0.625,2,35.9008834999986,1,1789088579.343797,0.0,4,-0.03646425902843475,24.294509887695312
0.0,0.0,0.9911012649536133,,0.019062874955125153,38979,0.5379431843757629,-0.13670450448989868,0.8000432848930359,0.625,2,35.97345729195513,1,1789088579.416372,0.0,4,-0.07489427924156189,24.21158218383789
0.0,0.0,0.9961187839508057,,0.022312000044621527,39080,0.5411264300346375,-0.135050430893898,0.7998165488243103,0.625,2,36.04351587500423,1,1789088579.486432,0.0,4,-0.061216600239276886,24.160037994384766
0.0,0.0,0.9904634356498718,,0.0016737079713493586,39080,0.5411264300346375,-0.135050430893898,0.7998165488243103,0.625,2,36.0900660000043,1,1789088579.532984,0.0,4,-0.09987956285476685,24.160037994384766
0.0,0.0,0.994813084602356,,0.00490704202093184,39179,0.5426654815673828,-0.13408207893371582,0.7996140718460083,0.625,2,36.160030249971896,1,1789088579.6029491,0.0,4,-0.07466930150985718,24.30706787109375
0.0,0.0,0.9952394962310791,,0.007402250019367784,39230,0.5436109304428101,-0.13355623185634613,0.7995604276657104,0.625,2,36.229111708991695,1,1789088579.672032,0.0,4,-0.054928556084632874,24.42601203918457
0.0,0.0,0.9958413243293762,,0.012383208028040826,39329,0.5449679493904114,-0.13271203637123108,0.799528181552887,0.625,2,36.30076666700188,1,1789088579.7436879,0.0,4,-0.049200959503650665,24.610275268554688
0.0,0.0,0.9910927414894104,,0.01604591601062566,39379,0.5456142425537109,-0.13230814039707184,0.7995391488075256,0.625,2,36.3699778339942,1,1789088579.812901,0.0,4,-0.07190227508544922,24.664457321166992
0.0,0.0,0.9945587515830994,,0.022107500000856817,39430,0.5463703274726868,-0.13186028599739075,0.7995842099189758,0.625,2,36.44302562496159,1,1789088579.8859499,0.0,4,-0.05957375466823578,24.66569709777832
0.0,0.0,0.9720988869667053,,0.002232917002402246,39480,0.5471452474594116,-0.1313939243555069,0.7996490001678467,0.625,2,36.49041679198854,1,1789088579.933343,0.0,4,-0.0739787369966507,24.587730407714844
0.0,0.0,0.919691264629364,,0.009824374981690198,39579,0.5482674837112427,-0.13065457344055176,0.7997826933860779,0.625,2,36.564542624983005,1,1789088580.0074701,0.0,4,-0.10075036436319351,24.458866119384766
0.0,13.333333432674408,0.9743911027908325,,0.015993208973668516,39630,0.5488467216491699,-0.13026918470859528,0.7998772859573364,0.625,2,36.63782620895654,1,1789088580.080755,-0.2222222238779068,3,-0.11604543030261993,24.382526397705078
0.0,13.333333432674408,0.978915274143219,,0.018488833971787244,39730,0.5497543811798096,-0.12960241734981537,0.8000721335411072,0.625,2,36.706767833966296,1,1789088580.149698,-0.2222222238779068,3,-0.11848758161067963,24.32450294494629
0.0,13.333333432674408,0.9646714329719543,,0.00018095801351591945,39779,0.550071120262146,-0.1293189972639084,0.8001814484596252,0.625,2,36.75485254195519,1,1789088580.197784,-0.2222222238779068,3,-0.11737944185733795,24.34602928161621
0.0,0.0,0.9757501482963562,,0.006302000023424625,39829,0.5503438711166382,-0.1290646642446518,0.8002949953079224,0.625,2,36.82795508397976,1,1789088580.2708879,0.0,4,-0.09366180002689362,24.423770904541016
0.0,0.0,0.9751196503639221,,0.00980637496104464,39880,0.5505998134613037,-0.12881149351596832,0.8004058599472046,0.625,2,36.89799783396302,1,1789088580.3409321,0.0,4,-0.08433754742145538,24.60127830505371
0.2,0.0,0.9933381080627441,,0.01605754200136289,39979,0.5509063005447388,-0.12839992344379425,0.8006066083908081,0.375,1,36.97156375000486,1,1789088580.4145,0.0,4,-0.062430232763290405,25.25760841369629
0.2,0.0,0.9941879510879517,,0.00018316699424758554,40029,0.551003634929657,-0.12822042405605316,0.8007048964500427,0.375,1,37.021812541992404,1,1789088580.46475,0.0,4,-0.04348590970039368,25.64276695251465
0.0,0.0,0.99774569272995,,0.0048584999749436975,40080,0.5511131286621094,-0.12804749608039856,0.8007717728614807,0.625,2,37.09315816697199,1,1789088580.536097,0.0,4,-0.012448711320757866,25.927642822265625
0.0,0.0,0.9988566637039185,,0.009847374982200563,40181,0.5523858666419983,-0.12723331153392792,0.8008424043655396,0.625,2,37.16478516696952,1,1789088580.6077251,0.0,4,-0.017209965735673904,26.422565460205078
0.0,0.0,0.9982859492301941,,0.014878917019814253,40230,0.5543209314346313,-0.1262585073709488,0.8008028268814087,0.625,2,37.23620179196587,1,1789088580.679144,0.0,4,-0.03945813700556755,26.528568267822266
0.2,0.0,0.9889832139015198,,0.019769541977439076,40329,0.5584545731544495,-0.12406694144010544,0.8006616830825806,0.375,1,37.30838566698367,1,1789088580.751329,0.0,4,-0.02233652025461197,26.479862213134766
0.0,0.0,0.995288610458374,,0.0016253750072792172,40379,0.5594174265861511,-0.12344115972518921,0.8006238341331482,0.625,2,37.35684312495869,1,1789088580.799787,0.0,4,-0.03823236748576164,26.37890625
0.0,0.0,0.9949994087219238,,0.011084040976129472,40429,0.5603053569793701,-0.12288307398557663,0.8006052374839783,0.625,2,37.432815167005174,1,1789088580.8757608,0.0,4,-0.01751881279051304,26.259178161621094
0.0,0.0,0.9926499724388123,,0.020334750006441027,40529,0.5628248453140259,-0.12145993858575821,0.8005776405334473,0.625,2,37.50937275000615,1,1789088580.952321,0.0,4,-0.012445531785488129,26.134281158447266
0.0,0.0,0.9938557744026184,,0.00063308299286291,40580,0.5641328692436218,-0.12068052589893341,0.8005634546279907,0.625,2,37.55565333395498,1,1789088580.998602,0.0,4,-0.00906437635421753,26.141807556152344
0.0,0.0,0.9965779185295105,,0.002109499997459352,40632,0.5651718378067017,-0.12002760916948318,0.8005504012107849,0.625,2,37.623705209000036,1,1789088581.066655,0.0,4,-0.016302600502967834,26.191905975341797
0.2,0.0,0.9942033886909485,,0.007404375006444752,40679,0.5659995675086975,-0.11948973685503006,0.8005361557006836,0.375,1,37.695966041996144,1,1789088581.1389172,0.0,4,-0.016792813315987587,26.289939880371094
0.0,0.0,0.9921999573707581,,0.0018372919876128435,40779,0.5676099061965942,-0.11848023533821106,0.8005044460296631,0.625,2,37.75815433397656,1,1789088581.201107,0.0,4,-0.012444224208593369,26.486143112182617
0.0,0.0,0.9985800981521606,,0.011073749978095293,40830,0.5684365630149841,-0.11793899536132812,0.8004878759384155,0.625,2,37.83354762499221,1,1789088581.2765021,0.0,4,-0.0023181934375315905,26.550264358520508
0.0,0.0,0.9971386194229126,,0.012322124966885895,40880,0.5696039795875549,-0.11727648973464966,0.8004401922225952,0.625,2,37.90076074999524,1,1789088581.343717,0.0,4,-0.0027711852453649044,26.554712295532227
0.0,0.0,0.9942980408668518,,0.014079791959375143,40982,0.572944164276123,-0.11551269143819809,0.8002846837043762,0.625,2,37.96852637495613,1,1789088581.411484,0.0,4,-0.00837560836225748,26.50615119934082
0.2,0.0,0.9937832355499268,,0.017192041035741568,41030,0.57440185546875,-0.11467088013887405,0.8001863956451416,0.375,1,38.03819554200163,1,1789088581.4811552,0.0,4,-0.011465421877801418,26.446653366088867
0.0,0.0,0.9942424893379211,,0.0014070410397835076,41080,0.5754406452178955,-0.11403828859329224,0.8001054525375366,0.625,2,38.08918458397966,1,1789088581.5321448,0.0,4,-0.016018323600292206,26.369869232177734
0.2,0.0,0.9940130114555359,,0.0024391249753534794,41181,0.5775629878044128,-0.11276712268590927,0.7999954223632812,0.375,1,38.15706879197387,1,1789088581.600031,0.0,4,-0.011284501291811466,26.277530670166016
0.2,0.0,0.9916815161705017,,0.008623333997093141,41229,0.5785956382751465,-0.11216946691274643,0.7999587059020996,0.375,1,38.22954933397705,1,1789088581.672513,0.0,4,-0.0052070883102715015,26.2673397064209
0.2,0.0,0.9836491346359253,,0.014344291004817933,41329,0.5819182395935059,-0.110343337059021,0.7998902201652527,0.375,1,38.3014709999552,1,1789088581.7444348,0.0,4,-0.0058164410293102264,26.29186248779297
0.0,0.0,0.9802213907241821,,0.019859207968693227,41381,0.5843577980995178,-0.10908810794353485,0.7998572587966919,0.625,2,38.37419062497793,1,1789088581.817157,0.0,4,-0.01661262847483158,26.338245391845703
0.2,0.0,0.9654157161712646,,0.0036724579986184835,41429,0.5875992774963379,-0.10746171325445175,0.7998121380805969,0.375,1,38.4243246249971,1,1789088581.867292,0.0,4,-0.019531914964318275,26.374265670776367
0.0,0.0,0.944098174571991,,0.008601500012446195,41480,0.5907044410705566,-0.10589665174484253,0.7997791171073914,0.625,2,38.49635974998819,1,1789088581.939328,0.0,4,-0.01653270237147808,26.397363662719727
0.0,0.0,0.9742467999458313,,0.011018917022738606,41579,0.5981072783470154,-0.10207770764827728,0.7997848987579346,0.625,2,38.56490787497023,1,1789088582.0078778,0.0,4,-0.01790604181587696,26.429033279418945
0.2,0.0,0.9926019310951233,,0.013481292000506073,41629,0.6013977527618408,-0.100355364382267,0.7998194098472595,0.375,1,38.63449204195058,1,1789088582.077464,0.0,4,-0.0290683526545763,26.410234451293945
0.2,0.0,0.9760940670967102,,0.014902334020007402,41679,0.6041980385780334,-0.09888739883899689,0.7998501658439636,0.375,1,38.702288959000725,1,1789088582.145262,0.0,4,-0.01640530861914158,26.39154052734375
0.2,0.0,0.9229075908660889,,0.02221187500981614,41780,0.6096928715705872,-0.09583013504743576,0.7998800277709961,0.375,1,38.777022833994124,1,1789088582.219998,0.0,4,-0.027859656140208244,26.304372787475586
0.2,0.0,0.9847261309623718,,0.002425124985165894,41832,0.6119847893714905,-0.09459928423166275,0.7998632192611694,0.375,1,38.82437549997121,1,1789088582.2673512,0.0,4,-0.024924617260694504,26.287050247192383
0.2,0.0,0.9754576683044434,,0.012900292000267655,41879,0.6146763563156128,-0.09325160831212997,0.7998076677322388,0.375,1,38.9008039169712,1,1789088582.3437812,0.0,4,-0.025575540959835052,26.270050048828125
0.0,0.0,0.9695757031440735,,0.01436104200547561,41979,0.6223816871643066,-0.08939730376005173,0.7996714115142822,0.625,2,38.96913033397868,1,1789088582.41211,0.0,4,-0.013867253437638283,26.278413772583008
0.2,0.0,0.9457830786705017,,0.01231654203729704,42029,0.627975344657898,-0.0866086333990097,0.7996193766593933,0.375,1,39.03481441695476,1,1789088582.4777951,0.0,4,-0.01566067337989807,26.300325393676758
0.0,0.0,0.9850370287895203,,0.017297333979513496,42130,0.6381862759590149,-0.08152402192354202,0.7995790243148804,0.625,2,39.106660083984025,1,1789088582.549642,0.0,4,-0.01817913167178631,26.33465003967285
0.0,0.0,0.9487089514732361,,0.02345804200740531,42180,0.6414723992347717,-0.07976990938186646,0.7995642423629761,0.625,2,39.179857334005646,1,1789088582.6228411,0.0,4,-0.018290316686034203,26.33268165588379
0.0,0.0,0.96347975730896,,0.008558792003896087,42229,0.6453617215156555,-0.07773751020431519,0.7995331287384033,0.625,2,39.231233250000514,1,1789088582.674218,0.0,4,-0.013360777869820595,26.33540916442871
0.2,0.0,0.9798965454101562,,0.011097959009930491,42279,0.6496533155441284,-0.0755206048488617,0.7994744777679443,0.375,1,39.2997916250024,1,1789088582.742778,0.0,4,-0.006321080029010773,26.332260131835938
0.0,0.0,0.9729903340339661,,0.013029875000938773,42380,0.6554556488990784,-0.07237166166305542,0.7993755340576172,0.625,2,39.369315499963704,1,1789088582.812303,0.0,4,-0.002750065643340349,26.31191062927246
0.0,0.0,0.9818872213363647,,0.014213291986379772,42430,0.6579009890556335,-0.07100261002779007,0.7993472218513489,0.625,2,39.43681508395821,1,1789088582.879804,0.0,4,-0.02132420800626278,26.29817771911621
0.0,0.0,0.9651130437850952,,0.017333708005025983,42480,0.660671055316925,-0.06956159323453903,0.7993161082267761,0.625,2,39.50651470897719,1,1789088582.949505,0.0,4,0.012057038024067879,26.274734497070312
0.0,0.0,0.9971815347671509,,0.0004385000211186707,42579,0.6674018502235413,-0.06611236929893494,0.79920494556427,0.625,2,39.55615004198626,1,1789088582.999142,0.0,4,-0.010843273252248764,26.25408172607422
0.2,0.0,0.9470954537391663,,0.008507333986926824,42629,0.6699820160865784,-0.06469536572694778,0.79913330078125,0.375,1,39.63075220899191,1,1789088583.073745,0.0,4,0.008444735780358315,26.25480079650879
0.2,0.0,0.9878278970718384,,0.01530066697159782,42679,0.6721298694610596,-0.0635233148932457,0.7990837693214417,0.375,1,39.7043257500045,1,1789088583.14732,0.0,4,0.0033825174905359745,26.257251739501953
0.2,0.0,0.9471314549446106,,0.011097832990344614,42780,0.6765085458755493,-0.06118103861808777,0.7990851402282715,0.375,1,39.76712495897664,1,1789088583.210121,0.0,4,0.013827905058860779,26.267948150634766
0.0,0.0,0.978602945804596,,0.01513245899695903,42830,0.6792005896568298,-0.059794384986162186,0.7991254925727844,0.625,2,39.838049249956384,1,1789088583.281047,0.0,4,-0.0023128348402678967,26.27412986755371
0.0,0.0,0.9777960181236267,,0.02492795803118497,42930,0.68694007396698,-0.05595173314213753,0.7992423176765442,0.625,2,39.91419499996118,1,1789088583.357194,0.0,4,-0.009625846520066261,26.265625
0.0,0.0,0.9227598905563354,,0.009399000031407923,42980,0.6905105113983154,-0.0541524663567543,0.7993159294128418,0.625,2,39.96556724997936,1,1789088583.4085681,0.0,4,0.03564639762043953,26.262386322021484
0.0,0.0,0.9972378015518188,,0.013404708995949477,43030,0.6945706605911255,-0.05203476548194885,0.7994403839111328,0.625,2,40.03636608395027,1,1789088583.479368,0.0,4,0.04576452821493149,26.255821228027344
0.0,0.0,0.9691751003265381,,0.019146792008541524,43129,0.7002983093261719,-0.04889834299683571,0.7997944355010986,0.625,2,40.108396041963715,1,1789088583.5514,0.0,4,0.042354803532361984,26.239015579223633
0.0,0.0,0.9981513619422913,,0.00023487501312047243,43129,0.7002983093261719,-0.04889834299683571,0.7997944355010986,0.625,2,40.15619670896558,1,1789088583.599201,0.0,4,0.06472804397344589,26.239015579223633
0.0,0.0,0.9975154399871826,,0.00926391698885709,43229,0.7039250135421753,-0.04680380970239639,0.8001516461372375,0.625,2,40.23195108398795,1,1789088583.674957,0.0,4,0.06787831336259842,26.226856231689453
0.0,0.0,0.9865739941596985,,0.01355037500616163,43279,0.7053936123847961,-0.04592987149953842,0.8003199100494385,0.625,2,40.303070583962835,1,1789088583.746078,0.0,4,0.04836525768041611,26.214351654052734
0.0,0.0,0.9755691885948181,,0.014447666995692998,43380,0.7081126570701599,-0.044322144240140915,0.8006512522697449,0.625,2,40.37072954198811,1,1789088583.813739,0.0,4,0.0606691837310791,26.214099884033203
0.0,-13.333333432674408,0.9538637399673462,,0.015356999996583909,43430,0.7095754742622375,-0.04349644109606743,0.8007925748825073,0.625,2,40.43793179199565,1,1789088583.880943,0.2222222238779068,5,0.1021278128027916,26.21404457092285
0.0,-13.333333432674408,0.9918112754821777,,0.01521974999923259,43479,0.7108602523803711,-0.04276512190699577,0.8009188771247864,0.625,2,40.50313874997664,1,1789088583.946151,0.2222222238779068,5,0.13680468499660492,26.214242935180664
0.0,-13.333333432674408,0.9857021570205688,,0.01633620902430266,43580,0.7134153842926025,-0.04127882421016693,0.8011963367462158,0.625,2,40.57173416699516,1,1789088584.0147479,0.2222222238779068,5,0.13737522065639496,26.185535430908203
-0.2,-13.333333432674408,0.9393425583839417,,0.014147166977636516,43630,0.7144419550895691,-0.04066742584109306,0.8012944459915161,0.875,3,40.6356050419854,1,1789088584.07862,0.2222222238779068,5,0.1348097324371338,26.119131088256836
-0.2,-13.333333432674408,0.9521514177322388,,0.01962658402044326,43684,0.7154966592788696,-0.04001327231526375,0.8014004826545715,0.875,3,40.707451208960265,1,1789088584.150468,0.2222222238779068,5,0.13201814889907837,25.925256729125977
0.0,-13.333333432674408,0.9926262497901917,,0.02234687499003485,43780,0.716688871383667,-0.03917195275425911,0.8015032410621643,0.625,2,40.777422124985605,1,1789088584.2204401,0.2222222238779068,5,0.13000832498073578,25.191688537597656
0.0,-13.333333432674408,0.9882981181144714,,0.0012005000025965273,43829,0.7164942622184753,-0.03907657414674759,0.8014972805976868,0.625,2,40.822805874980986,1,1789088584.265825,0.2222222238779068,5,0.1434224396944046,24.744129180908203
0.0,-13.333333432674408,0.9863698482513428,,0.0054044590215198696,43880,0.7149428129196167,-0.03952588140964508,0.8014143705368042,0.625,2,40.893479833961464,1,1789088584.3365,0.2222222238779068,5,0.10988179594278336,24.043882369995117
0.0,0.0,0.9913936257362366,,0.00739533401792869,43929,0.713280439376831,-0.04011431708931923,0.8013334274291992,0.625,2,40.96277887496399,1,1789088584.405801,0.0,4,0.06171664968132973,23.462421417236328
0.0,0.0,0.9872683882713318,,0.011134375003166497,44030,0.7102948427200317,-0.041286319494247437,0.8011240363121033,0.625,2,41.034563791996334,1,1789088584.477587,0.0,4,0.061234358698129654,22.085357666015625
0.0,0.0,0.9875307083129883,,0.020989749988075346,44080,0.7097996473312378,-0.04137391597032547,0.8010997772216797,0.625,2,41.110901374951936,1,1789088584.553926,0.0,4,0.05007681995630264,21.538707733154297
0.0,0.0,0.9672815203666687,,0.0010610840399749577,44131,0.7092179656028748,-0.04148796945810318,0.8010789752006531,0.625,2,41.157677083974704,1,1789088584.600704,0.0,4,0.057511795312166214,21.06429672241211
0.0,0.0,0.9896210432052612,,0.0022786660119891167,44229,0.7087937593460083,-0.04145283252000809,0.8010295629501343,0.625,2,41.22579529200448,1,1789088584.668823,0.0,4,0.06550385802984238,20.56399917602539
0.0,0.0,0.986172616481781,,0.0012022079899907112,44280,0.7085083723068237,-0.04137731343507767,0.8009869456291199,0.625,2,41.29116620897548,1,1789088584.734195,0.0,4,0.08678752928972244,20.428987503051758
0.0,-13.333333432674408,0.9889963865280151,,0.010693958029150963,44329,0.7081483602523804,-0.04136095196008682,0.8009529709815979,0.625,2,41.36676608398557,1,1789088584.809797,0.2222222238779068,5,0.09217536449432373,20.441852569580078
0.0,-13.333333432674408,0.9884640574455261,,0.008681458013597876,44431,0.7072724103927612,-0.04136022925376892,0.8008692264556885,0.625,2,41.43189570895629,1,1789088584.8749282,0.2222222238779068,5,0.11676271259784698,20.652931213378906
0.0,-13.333333432674408,0.989532470703125,,0.013659458025358617,44479,0.7068266272544861,-0.04135960340499878,0.8008340001106262,0.625,2,41.503341917006765,1,1789088584.946375,0.2222222238779068,5,0.14249825477600098,20.744712829589844
0.0,-13.333333432674408,0.9975873231887817,,0.015180875023361295,44533,0.7062860131263733,-0.04138403385877609,0.8008059859275818,0.625,2,41.57219770899974,1,1789088585.015233,0.2222222238779068,5,0.18185263872146606,20.746273040771484
0.0,-13.333333432674408,0.9973750114440918,,0.00016058300388976932,44579,0.7058351039886475,-0.04141009971499443,0.8007896542549133,0.625,2,41.62335070897825,1,1789088585.066387,0.2222222238779068,5,0.18952181935310364,20.638708114624023
0.0,-13.333333432674408,0.9985547661781311,,0.00687154196202755,44679,0.7049683332443237,-0.04141013324260712,0.8007732629776001,0.625,2,41.69633949996205,1,1789088585.1393769,0.2222222238779068,5,0.1694006472826004,19.91054344177246
0.0,-13.333333432674408,0.9982467889785767,,0.0012048750068061054,44730,0.7045542597770691,-0.041386816650629044,0.8007742166519165,0.625,2,41.75792816700414,1,1789088585.2009668,0.2222222238779068,5,0.16678985953330994,19.245088577270508
0.0,-13.333333432674408,0.9973222613334656,,0.0015448330086655915,44780,0.704167902469635,-0.04135478287935257,0.8007803559303284,0.625,2,41.824848041986115,1,1789088585.2678888,0.2222222238779068,5,0.10605035722255707,18.49261474609375
0.0,0.0,0.9915333390235901,,0.0017341250204481184,44879,0.7036122679710388,-0.0412263460457325,0.8007758259773254,0.625,2,41.892441375006456,1,1789088585.3354838,0.0,4,0.08210205286741257,17.215312957763672
0.0,0.0,0.995185911655426,,0.009265625034458935,44930,0.7033443450927734,-0.04113854840397835,0.8007670044898987,0.625,2,41.966168833954725,1,1789088585.4092119,0.0,4,0.09075168520212173,16.540313720703125
0.0,0.0,0.995667576789856,,0.008578583016060293,45030,0.7028498649597168,-0.040948815643787384,0.8007415533065796,0.625,2,42.03177787497407,1,1789088585.474823,0.0,4,0.09050649404525757,15.488492965698242
0.0,0.0,0.994282603263855,,0.006141290999948978,45080,0.7026566863059998,-0.04084804654121399,0.8007313013076782,0.625,2,42.09732595895184,1,1789088585.540372,0.0,4,0.09652562439441681,15.226847648620605
0.0,-13.333333432674408,0.9924376606941223,,0.007015792012680322,45129,0.7024490237236023,-0.04073460400104523,0.8007196187973022,0.625,2,42.16421454196097,1,1789088585.607262,0.2222222238779068,5,0.11096949130296707,15.01341438293457
0.0,-13.333333432674408,0.9929931163787842,,0.01339787500910461,45230,0.7020515203475952,-0.04051121324300766,0.8007144927978516,0.625,2,42.23692087497329,1,1789088585.67997,0.2222222238779068,5,0.14201205968856812,14.940407752990723
0.0,-13.333333432674408,0.9869533181190491,,0.022104458010289818,45280,0.7018547654151917,-0.04038994014263153,0.8007104396820068,0.625,2,42.31193279195577,1,1789088585.754984,0.2222222238779068,5,0.16307470202445984,14.979751586914062
0.0,-13.333333432674408,0.9971586465835571,,0.0018283749814145267,45330,0.7016775012016296,-0.04027233272790909,0.8006988167762756,0.625,2,42.359254999959376,1,1789088585.8023071,0.2222222238779068,5,0.16187959909439087,14.96674919128418
0.0,-13.333333432674408,0.9967803955078125,,0.007299458025954664,45430,0.7013259530067444,-0.040031012147665024,0.8006629943847656,0.625,2,42.43085137498565,1,1789088585.873905,0.2222222238779068,5,0.17373648285865784,14.546173095703125
0.0,-13.333333432674408,0.9963269829750061,,0.01385991700226441,45480,0.7011791467666626,-0.03991687670350075,0.8006498217582703,0.625,2,42.50414054200519,1,1789088585.947196,0.2222222238779068,5,0.17142361402511597,14.181198120117188
0.0,-13.333333432674408,0.9934885501861572,,0.014895415981300175,45530,0.701017439365387,-0.03979237750172615,0.8006357550621033,0.625,2,42.571551834000275,1,1789088586.014608,0.2222222238779068,5,0.15868957340717316,13.556344985961914
0.0,-13.333333432674408,0.9761785864830017,,0.019760249997489154,45630,0.7007206678390503,-0.039551541209220886,0.8006048202514648,0.625,2,42.64352466695709,1,1789088586.0865831,0.2222222238779068,5,0.15428435802459717,12.293025970458984
0.0,-13.333333432674408,0.9823852181434631,,0.0006596249877475202,45680,0.7005723118782043,-0.039422184228897095,0.8005875945091248,0.625,2,42.690910541976336,1,1789088586.1339688,0.2222222238779068,5,0.13529537618160248,11.715449333190918
0.0,-13.333333432674408,0.9956587553024292,,0.004884540976490825,45730,0.7004269361495972,-0.03929394111037254,0.8005651831626892,0.625,2,42.76237049995689,1,1789088586.205431,0.2222222238779068,5,0.10640105605125427,11.125426292419434
-0.2,0.0,0.9983857870101929,,0.013291542010847479,45829,0.7001555562019348,-0.03904265910387039,0.8005091547966003,0.875,3,42.83696124999551,1,1789088586.280023,0.0,4,0.1022426038980484,10.121237754821777
-0.2,0.0,0.9940570592880249,,0.018129332980606705,45880,0.7000382542610168,-0.0389307402074337,0.8004834055900574,0.875,3,42.908179666963406,1,1789088586.351243,0.0,4,0.08259639143943787,9.78722858428955
0.0,0.0,0.9995519518852234,,0.00046608300181105733,45934,0.6997548341751099,-0.03881485015153885,0.8004381060600281,0.625,2,42.95623108395375,1,1789088586.399296,0.0,4,0.06697101891040802,9.282011032104492
0.0,0.0,0.9996117949485779,,0.0011862500105053186,45980,0.6991639733314514,-0.03879384323954582,0.800391435623169,0.625,2,43.02389866695739,1,1789088586.466965,0.0,4,0.056696418672800064,8.977152824401855
0.0,0.0,0.9959328770637512,,0.005387458018958569,46080,0.6952438950538635,-0.03919865936040878,0.8001729846000671,0.625,2,43.09572745900368,1,1789088586.538796,0.0,4,0.07575969398021698,8.334498405456543
0.0,0.0,0.9991974234580994,,0.011707582976669073,46130,0.6924744248390198,-0.039620429277420044,0.8000126481056213,0.625,2,43.169594916980714,1,1789088586.612664,0.0,4,0.10499600321054459,8.081153869628906
0.0,0.0,0.9984762072563171,,0.015935041999910027,46230,0.6901934146881104,-0.04002876952290535,0.7998369336128235,0.625,2,43.239941374980845,1,1789088586.683012,0.0,4,0.0937989130616188,7.7302327156066895
0.0,-13.333333432674408,0.9990044236183167,,0.019758959009777755,46280,0.6889048218727112,-0.040237147361040115,0.7997733950614929,0.625,2,43.31007000000682,1,1789088586.753142,0.2222222238779068,5,0.1484697461128235,7.603623390197754
0.0,-13.333333432674408,0.9991078972816467,,0.0002632500254549086,46330,0.6879660487174988,-0.04039052128791809,0.7997368574142456,0.625,2,43.356700417003594,1,1789088586.799773,0.2222222238779068,5,0.1705455482006073,7.548675060272217
0.0,-13.333333432674408,0.9984475374221802,,0.004851083038374782,46379,0.6869465112686157,-0.04057026654481888,0.7997003793716431,0.625,2,43.427929917001165,1,1789088586.8710048,0.2222222238779068,5,0.14926129579544067,7.495021820068359
0.0,-13.333333432674408,0.9978790283203125,,0.014605583040975034,46480,0.6851370334625244,-0.040843091905117035,0.7996659874916077,0.625,2,43.50359654199565,1,1789088586.946673,0.2222222238779068,5,0.1808430403470993,7.367493629455566
0.0,-13.333333432674408,0.9962947964668274,,0.017035124998074025,46530,0.6839666962623596,-0.041007716208696365,0.7996682524681091,0.625,2,43.57369937497424,1,1789088587.016777,0.2222222238779068,5,0.19141699373722076,7.207637310028076
0.0,-13.333333432674408,0.9967954754829407,,4.170899046584964e-05,46580,0.6829575896263123,-0.04114607721567154,0.7996661067008972,0.625,2,43.622565208992455,1,1789088587.065644,0.2222222238779068,5,0.18679270148277283,7.041382312774658
0.0,-13.333333432674408,0.998909592628479,,0.006149624998215586,46679,0.6806634068489075,-0.04146827012300491,0.7997068762779236,0.625,2,43.6960039169644,1,1789088587.139085,0.2222222238779068,5,0.17906707525253296,6.177167892456055
0.0,-13.333333432674408,0.9986326098442078,,0.0024016249808482826,46730,0.6794052720069885,-0.04164167121052742,0.7997435927391052,0.625,2,43.75965387496399,1,1789088587.2027361,0.2222222238779068,5,0.18474502861499786,5.576289176940918
0.0,-13.333333432674408,0.9992164373397827,,0.005557042022701353,46780,0.678236186504364,-0.04180920869112015,0.7997852563858032,0.625,2,43.82849491696106,1,1789088587.271578,0.2222222238779068,5,0.17789143323898315,4.885500431060791
0.0,-13.333333432674408,0.9972884654998779,,0.013403084012679756,46879,0.6763529181480408,-0.042076196521520615,0.7998533248901367,0.625,2,43.90242424997268,1,1789088587.345509,0.2222222238779068,5,0.1624051183462143,3.739103317260742
0.0,-13.333333432674408,0.9984896183013916,,0.015810332959517837,46929,0.6753283739089966,-0.04221547394990921,0.7998887896537781,0.625,2,43.97270599997137,1,1789088587.4157922,0.2222222238779068,5,0.16108766198158264,3.1628901958465576
0.0,-13.333333432674408,0.9994613528251648,,0.0011847499990835786,46979,0.6743806004524231,-0.04234400391578674,0.7999224662780762,0.625,2,44.023368958965875,1,1789088587.4664562,0.2222222238779068,5,0.15684068202972412,2.6102263927459717
0.0,-13.333333432674408,0.9994645714759827,,0.0032979579991661012,47080,0.672855794429779,-0.042538657784461975,0.799981415271759,0.625,2,44.093367583991494,1,1789088587.5364559,0.2222222238779068,5,0.13968367874622345,1.78304123878479
0.0,-13.333333432674408,0.9996861219406128,,0.01106829202035442,47130,0.6721171736717224,-0.042626071721315384,0.8000177145004272,0.625,2,44.16736912500346,1,1789088587.6104598,0.2222222238779068,5,0.12262395769357681,1.3781635761260986
0.0,0.0,0.9990552067756653,,0.016129208961501718,47180,0.6714300513267517,-0.04270615056157112,0.8000596165657043,0.625,2,44.23957108397735,1,1789088587.682663,0.0,4,0.09081877768039703,0.9261114001274109
0.0,0.0,0.9990898370742798,,0.024310707987751812,47280,0.670271098613739,-0.04283972829580307,0.8001275658607483,0.625,2,44.31441004195949,1,1789088587.757504,0.0,4,0.06487025320529938,-0.061529491096735
0.0,0.0,0.9991894364356995,,0.006611125019844621,47332,0.6696741580963135,-0.0429079607129097,0.8001593351364136,0.625,2,44.36568887496833,1,1789088587.8087838,0.0,4,0.0446915477514267,-0.6481819152832031
0.0,0.0,0.998944103717804,,0.00610608299029991,47380,0.6691480875015259,-0.04296955093741417,0.8001861572265625,0.625,2,44.43295829195995,1,1789088587.876055,0.0,4,0.02701430581510067,-1.2833248376846313
0.0,0.0,0.9985411167144775,,0.009131833037827164,47480,0.6683158278465271,-0.04306718334555626,0.8002188801765442,0.625,2,44.50473762495676,1,1789088587.947835,0.0,4,0.026296300813555717,-2.000884532928467
0.0,0.0,0.9990915060043335,,0.009838333004154265,47535,0.6678727269172668,-0.043125856667757034,0.800230860710144,0.625,2,44.5727720419527,1,1789088588.015871,0.0,4,0.022575795650482178,-2.2995071411132812
-0.2,0.0,0.9991768002510071,,0.01107366697397083,47580,0.6675578951835632,-0.04316892474889755,0.8002358078956604,0.875,3,44.64032116695307,1,1789088588.083422,0.0,4,0.04011060670018196,-2.458472728729248
0.0,0.0,0.9993324875831604,,0.013570917013566941,47679,0.6669379472732544,-0.04325966536998749,0.8002375364303589,0.625,2,44.70986887498293,1,1789088588.152971,0.0,4,0.10009794682264328,-2.609050989151001
0.0,-13.333333432674408,0.9995211362838745,,0.014591332990676165,47731,0.666582465171814,-0.04330155998468399,0.8002340793609619,0.625,2,44.77738191699609,1,1789088588.2204852,0.2222222238779068,5,0.10436084866523743,-2.5651121139526367
0.0,-13.333333432674408,0.9988816380500793,,0.013550582982134074,47830,0.663922131061554,-0.04331330955028534,0.8001107573509216,0.625,2,44.84364024997922,1,1789088588.286745,0.2222222238779068,5,0.11620351672172546,-2.454622507095337
0.0,-13.333333432674408,0.9992339611053467,,0.022194083023350686,47879,0.6625990867614746,-0.04331761598587036,0.8000405430793762,0.625,2,44.91992424998898,1,1789088588.3630311,0.2222222238779068,5,0.15873421728610992,-2.4644219875335693
0.0,-13.333333432674408,0.9997650980949402,,0.005029916006606072,47929,0.6613115072250366,-0.04333239048719406,0.7999303936958313,0.625,2,44.968297166982666,1,1789088588.411405,0.2222222238779068,5,0.17180851101875305,-2.552273750305176
0.0,-13.333333432674408,0.9998077750205994,,0.009630667045712471,47981,0.6606836915016174,-0.04338507354259491,0.7998452186584473,0.625,2,45.03907983395038,1,1789088588.482189,0.2222222238779068,5,0.16861441731452942,-2.7615208625793457
0.0,-13.333333432674408,0.9993564486503601,,0.01097233296604827,48079,0.6592713594436646,-0.04347867891192436,0.7997201085090637,0.625,2,45.10656691697659,1,1789088588.549678,0.2222222238779068,5,0.159770205616951,-3.5670080184936523
0.0,-13.333333432674408,0.9996813535690308,,0.009946374979335815,48131,0.6587545871734619,-0.04352838173508644,0.7996843457221985,0.625,2,45.172619458986446,1,1789088588.615731,0.2222222238779068,5,0.17062978446483612,-4.066455841064453
0.0,-13.333333432674408,0.9999294281005859,,0.011083582998253405,48179,0.6584586501121521,-0.0435839481651783,0.799662172794342,0.625,2,45.24067979195388,1,1789088588.6837928,0.2222222238779068,5,0.1663443148136139,-4.581389904022217
0.0,-13.333333432674408,0.999618411064148,,0.008641458989586681,48279,0.6575899124145508,-0.04367269203066826,0.7996379137039185,0.625,2,45.30664479197003,1,1789088588.74976,0.2222222238779068,5,0.1376178115606308,-5.6292338371276855
0.0,-13.333333432674408,0.9998176693916321,,0.009873832983430475,48330,0.6570484638214111,-0.04370679333806038,0.7996315956115723,0.625,2,45.37370304198703,1,1789088588.81682,0.2222222238779068,5,0.11817559599876404,-6.142644882202148
0.0,0.0,0.9988202452659607,,0.015473624982405454,48430,0.6561485528945923,-0.04378589615225792,0.7996431589126587,0.625,2,45.44533141696593,1,1789088588.8884501,0.0,4,0.102389395236969,-7.154231548309326
0.0,0.0,0.998829185962677,,0.020971332967747003,48479,0.655701756477356,-0.04380715638399124,0.7996495962142944,0.625,2,45.517204833973665,1,1789088588.960324,0.0,4,0.10450049489736557,-7.545950889587402
-0.2,0.0,0.9985130429267883,,0.0011918749660253525,48529,0.6552169919013977,-0.04383103549480438,0.7996670007705688,0.875,3,45.5643237499753,1,1789088589.007444,0.0,4,0.09698406606912613,-8.018487930297852
0.0,0.0,0.9970097541809082,,0.018449625000357628,48630,0.654478132724762,-0.04389430209994316,0.7997178435325623,0.625,2,45.65669383399654,1,1789088589.0998158,0.0,4,0.08675740659236908,-8.894394874572754
0.0,0.0,0.9984234571456909,,0.022211333038285375,48679,0.6539727449417114,-0.043896064162254333,0.7997406721115112,0.625,2,45.726956375001464,1,1789088589.17008,0.0,4,0.05407531559467316,-9.154273986816406
0.0,0.0,0.9989314675331116,,0.01961958297761157,48729,0.6528670191764832,-0.043811775743961334,0.7997288107872009,0.625,2,45.790564791997895,1,1789088589.23369,0.0,4,0.0733029693365097,-9.411039352416992
-0.2,0.0,0.991607666015625,,0.0014519999967887998,48779,0.6514033675193787,-0.04367489740252495,0.7996962070465088,0.875,3,45.84069754200755,1,1789088589.2838242,0.0,4,0.06487053632736206,-9.609111785888672
0.0,0.0,0.9968460202217102,,0.0073694579768925905,48879,0.6487221717834473,-0.043449029326438904,0.7996023297309875,0.625,2,45.91244966699742,1,1789088589.3555782,0.0,4,0.09346534311771393,-9.869965553283691
0.0,-13.333333432674408,0.9972169399261475,,0.015433707972988486,48929,0.6479324698448181,-0.04340917244553566,0.7995787262916565,0.625,2,45.98695583397057,1,1789088589.430086,0.2222222238779068,5,0.10852556675672531,-9.896868705749512
0.0,-13.333333432674408,0.9992795586585999,,0.00027620798209682107,48980,0.6466194987297058,-0.0432773195207119,0.7995523810386658,0.625,2,46.037862208962906,1,1789088589.480993,0.2222222238779068,5,0.15051576495170593,-9.889486312866211
0.0,-13.333333432674408,0.9989628791809082,,0.005353790998924524,49079,0.642512321472168,-0.04274877533316612,0.7994487285614014,0.625,2,46.11037095898064,1,1789088589.553503,0.2222222238779068,5,0.16766755282878876,-9.875783920288086
0.0,-13.333333432674408,0.9973706007003784,,0.008584333001635969,49130,0.6413244009017944,-0.04260382801294327,0.7993990182876587,0.625,2,46.18072566698538,1,1789088589.623859,0.2222222238779068,5,0.16897988319396973,-9.929608345031738
0.2,-13.333333432674408,0.9982768297195435,,0.011954709014389664,49229,0.6394469141960144,-0.042414646595716476,0.7993438243865967,0.375,1,46.25048358394997,1,1789088589.693619,0.2222222238779068,5,0.16775932908058167,-10.30831527709961
0.0,-13.333333432674408,0.9955912828445435,,0.009825583023484796,49279,0.638373851776123,-0.042290620505809784,0.7993420958518982,0.625,2,46.31480266695144,1,1789088589.7579389,0.2222222238779068,5,0.19005736708641052,-10.685598373413086
0.0,-13.333333432674408,0.9963500499725342,,0.018136750033590943,49329,0.6376344561576843,-0.04221691936254501,0.7993499040603638,0.625,2,46.38963908399455,1,1789088589.832778,0.2222222238779068,5,0.18896432220935822,-11.127805709838867
0.0,-13.333333432674408,0.9955639839172363,,0.0004098750068806112,49379,0.637394368648529,-0.042233724147081375,0.7993577718734741,0.625,2,46.438346624956466,1,1789088589.8814862,0.2222222238779068,5,0.18318326771259308,-11.675750732421875
0.0,-13.333333432674408,0.9486302137374878,,0.00201970903435722,49480,0.6383352875709534,-0.042490750551223755,0.7993527054786682,0.625,2,46.5072080839891,1,1789088589.950349,0.2222222238779068,5,0.15340402722358704,-12.890247344970703
0.0,-13.333333432674408,0.9954009652137756,,0.002426041988655925,49530,0.6386504769325256,-0.04256186634302139,0.7993643879890442,0.625,2,46.57468441699166,1,1789088590.017827,0.2222222238779068,5,0.11756249517202377,-13.494828224182129
0.0,0.0,0.9803957343101501,,0.008565500029362738,49630,0.6384998559951782,-0.042585697025060654,0.799443781375885,0.625,2,46.64709070895333,1,1789088590.090234,0.0,4,0.0830075591802597,-14.508729934692383
0.0,0.0,0.9858742952346802,,0.013216540974099189,49679,0.6383498907089233,-0.042597122490406036,0.7994920611381531,0.625,2,46.71859929198399,1,1789088590.1617448,0.0,4,0.0920148491859436,-14.876052856445312
0.0,0.0,0.9802201986312866,,0.01608520798617974,49730,0.6382670402526855,-0.04262172430753708,0.7995582222938538,0.625,2,46.78800775000127,1,1789088590.231155,0.0,4,0.08414078503847122,-15.295494079589844
0.0,0.0,0.9808211326599121,,0.00013437500456348062,49779,0.6380999088287354,-0.04262242093682289,0.7996357679367065,0.625,2,46.83857637498295,1,1789088590.281724,0.0,4,0.028835836797952652,-15.73956298828125
0.0,0.0,0.9914400577545166,,0.004325459012761712,49880,0.6380622386932373,-0.042687345296144485,0.799799382686615,0.625,2,46.9094962090021,1,1789088590.3526459,0.0,4,0.03629516065120697,-16.480546951293945
0.0,0.0,0.9922147393226624,,0.008337666979059577,49929,0.6381996273994446,-0.042743928730487823,0.7998825311660767,0.625,2,46.98018454195699,1,1789088590.423336,0.0,4,0.031431324779987335,-16.769254684448242
0.0,0.0,0.9870734214782715,,0.01287033298285678,50029,0.6385318040847778,-0.042834773659706116,0.8000362515449524,0.625,2,47.05204312497517,1,1789088590.4951959,0.0,4,0.016507377848029137,-17.06715202331543
0.0,0.0,0.9802210330963135,,0.01723862497601658,50080,0.6388033032417297,-0.042903635650873184,0.8001151084899902,0.625,2,47.12297162495088,1,1789088590.566126,0.0,4,0.03947154060006142,-17.10215187072754
0.0,0.0,0.9856977462768555,,0.017285625042859465,50130,0.639085054397583,-0.04297612980008125,0.8001899123191833,0.625,2,47.18984833400464,1,1789088590.633004,0.0,4,0.05222349241375923,-17.103622436523438
0.0,0.0,0.9879482388496399,,0.018475999997463077,50229,0.6395874619483948,-0.043097272515296936,0.8003427386283875,0.625,2,47.257726833980996,1,1789088590.7008839,0.0,4,0.04850064963102341,-17.04576873779297
0.0,0.0,0.9959877133369446,,0.020032209053169936,50280,0.6398395299911499,-0.04315682500600815,0.800415575504303,0.625,2,47.32615433400497,1,1789088590.769313,0.0,4,0.07620222121477127,-17.008892059326172
-0.2,0.0,0.9866472482681274,,0.0006520409951917827,50330,0.6400827765464783,-0.04321926832199097,0.8004822731018066,0.875,3,47.3725389589672,1,1789088590.815698,0.0,4,0.07181616127490997,-17.007543563842773
0.0,-13.333333432674408,0.9861593842506409,,0.001250165980309248,50380,0.6403160691261292,-0.04328043758869171,0.8005461096763611,0.625,2,47.440535333997104,1,1789088590.883696,0.2222222238779068,5,0.14934784173965454,-17.037782669067383
0.0,-13.333333432674408,0.9651787877082825,,0.006844417017418891,50479,0.6405115127563477,-0.043315161019563675,0.8006144762039185,0.625,2,47.513007708999794,1,1789088590.95617,0.2222222238779068,5,0.11279229819774628,-17.162702560424805
0.0,-13.333333432674408,0.992883563041687,,0.013532625045627356,50530,0.6400323510169983,-0.04318824037909508,0.8005882501602173,0.625,2,47.5855592089938,1,1789088591.028723,0.2222222238779068,5,0.16908760368824005,-17.245025634765625
0.0,-13.333333432674408,0.9923130869865417,,0.014782958023715764,50629,0.6379491686820984,-0.04258960112929344,0.800449550151825,0.625,2,47.653909916989505,1,1789088591.097075,0.2222222238779068,5,0.15877224504947662,-17.49580192565918
0.0,-13.333333432674408,0.9916390776634216,,0.019773583975620568,50680,0.6375394463539124,-0.04245331510901451,0.8003796935081482,0.625,2,47.72583949996624,1,1789088591.169007,0.2222222238779068,5,0.16470588743686676,-17.717544555664062
0.0,-13.333333432674408,0.9915246367454529,,0.01356783404480666,50730,0.6374367475509644,-0.04241955280303955,0.8003360033035278,0.625,2,47.78576283395523,1,1789088591.2289312,0.2222222238779068,5,0.14288300275802612,-17.943145751953125
0.0,-13.333333432674408,0.9711512327194214,,0.01848116598557681,50830,0.637069582939148,-0.042283039540052414,0.800269603729248,0.625,2,47.85747787496075,1,1789088591.300647,0.2222222238779068,5,0.15575926005840302,-18.76194953918457
0.0,-13.333333432674408,0.9719408750534058,,0.0012731670285575092,50879,0.6371667981147766,-0.04228956997394562,0.8002448081970215,0.625,2,47.90718904195819,1,1789088591.3503602,0.2222222238779068,5,0.11420674622058868,-19.243337631225586
0.0,-13.333333432674408,0.8581157922744751,,0.007837125041987747,50930,0.6373518705368042,-0.04233348369598389,0.8002240657806396,0.625,2,47.980400041968096,1,1789088591.423573,0.2222222238779068,5,0.11290774494409561,-19.76700782775879
0.0,0.0,0.9753352999687195,,0.013033249997533858,51029,0.6374592185020447,-0.042327381670475006,0.8001872897148132,0.625,2,48.05233120894991,1,1789088591.4955049,0.0,4,0.06694383919239044,-20.920246124267578
0.0,0.0,0.988204836845398,,0.016006792022380978,51080,0.6374928951263428,-0.04231772571802139,0.800163209438324,0.625,2,48.12209525000071,1,1789088591.5652711,0.0,4,0.023577850311994553,-21.32000732421875
0.0,0.0,0.9634648561477661,,0.02273491700179875,51129,0.6376014351844788,-0.04234124720096588,0.8001435399055481,0.625,2,48.194617874978576,1,1789088591.637795,0.0,4,0.02646929956972599,-21.90910530090332
0.2,0.0,0.8047005534172058,,0.0037032499676570296,51179,0.6376816034317017,-0.04235348850488663,0.8001296520233154,0.375,1,48.24230795894982,1,1789088591.685486,0.0,4,0.017076661810278893,-22.412044525146484
0.0,0.0,0.8321627974510193,,0.009119916008785367,51279,0.6377859115600586,-0.04234382510185242,0.8001174926757812,0.625,2,48.31394674995681,1,1789088591.7571259,0.0,4,0.005865423008799553,-23.12577247619629
0.0,0.0,0.811281681060791,,0.013108916988130659,51329,0.6380059719085693,-0.042410001158714294,0.8001132607460022,0.625,2,48.38398004195187,1,1789088591.827161,0.0,4,0.00200318219140172,-23.372392654418945
0.0,0.0,0.9584260582923889,,0.015405999962240458,51429,0.6402207016944885,-0.0431770421564579,0.800012469291687,0.625,2,48.45418662496377,1,1789088591.8973691,0.0,4,-0.009929722175002098,-23.597007751464844
0.0,0.0,0.9841138124465942,,0.01769212505314499,51479,0.6414060592651367,-0.043606728315353394,0.7999511957168579,0.625,2,48.521963458973914,1,1789088591.965148,0.0,4,0.04984094575047493,-23.63083839416504
0.0,0.0,0.8899281620979309,,0.02123600000049919,51531,0.6427817344665527,-0.04413383826613426,0.7998538613319397,0.625,2,48.592349166981876,1,1789088592.035535,0.0,4,0.009028894826769829,-23.626392364501953
0.0,0.0,0.9585146903991699,,0.002021291002165526,51579,0.6434779167175293,-0.04437926784157753,0.7997984290122986,0.625,2,48.64025537495036,1,1789088592.083442,0.0,4,0.023556692525744438,-23.5909366607666
0.0,0.0,0.9901031255722046,,0.0036468750331550837,51679,0.6447339057922363,-0.04481799528002739,0.7997557520866394,0.625,2,48.708477334002964,1,1789088592.151665,0.0,4,0.035447265952825546,-23.56672477722168
0.0,0.0,0.9856783747673035,,0.012794749985914677,51729,0.6452274918556213,-0.04501154273748398,0.7997540235519409,0.625,2,48.784432583954185,1,1789088592.2276218,0.0,4,0.03870420157909393,-23.593812942504883
0.0,0.0,0.9610202312469482,,0.014760416990611702,51779,0.6454880833625793,-0.0451047383248806,0.7997655272483826,0.625,2,48.852984124969225,1,1789088592.296175,0.0,4,0.0473143644630909,-23.655141830444336
0.0,0.0,0.9894313812255859,,0.014712499978486449,51879,0.6462454795837402,-0.04536105692386627,0.7998236417770386,0.625,2,48.919671374955215,1,1789088592.362864,0.0,4,0.03769463300704956,-23.79537582397461
0.0,0.0,0.9867480993270874,,0.024379959038924426,51930,0.646690845489502,-0.04551902785897255,0.799854040145874,0.625,2,48.99595899996348,1,1789088592.439153,0.0,4,0.045327186584472656,-23.839231491088867
0.0,0.0,0.9821254014968872,,0.004896625003311783,51983,0.6470781564712524,-0.045654118061065674,0.7998947501182556,0.625,2,49.04352745896904,1,1789088592.4867232,0.0,4,0.05002310499548912,-23.88330841064453
0.0,0.0,0.9796417951583862,,0.012811292021069676,52080,0.6479113101959229,-0.04594191536307335,0.7999724745750427,0.625,2,49.11760374996811,1,1789088592.560801,0.0,4,0.05152251198887825,-23.882089614868164
0.0,0.0,0.9694981575012207,,0.014756665972527117,52130,0.6483771204948425,-0.04610946774482727,0.8000192642211914,0.625,2,49.18652054195991,1,1789088592.629719,0.0,4,0.05603427812457085,-23.865278244018555
0.0,0.0,0.9508278369903564,,0.01826729194726795,52179,0.6487535238265991,-0.046248454600572586,0.8000739812850952,0.625,2,49.25684283400187,1,1789088592.700043,0.0,4,0.064298115670681,-23.83367919921875
0.0,0.0,0.8855169415473938,,0.02086170803522691,52279,0.6494333148002625,-0.04649558663368225,0.8001755475997925,0.625,2,49.32650545897195,1,1789088592.769707,0.0,4,0.06984518468379974,-23.770790100097656
0.2,0.0,0.8419727087020874,,0.003649124992080033,52330,0.6497890949249268,-0.046629734337329865,0.8002259135246277,0.375,1,49.37539120897418,1,1789088592.818594,0.0,4,0.07795974612236023,-23.748872756958008
0.0,0.0,0.8238347172737122,,0.00854283303488046,52380,0.6500778198242188,-0.0467442087829113,0.8002730011940002,0.625,2,49.44699083396699,1,1789088592.890195,0.0,4,0.08387311547994614,-23.741151809692383
0.0,-13.333333432674408,0.8689464330673218,,0.014985624991822988,52479,0.6509949564933777,-0.047120049595832825,0.8003314137458801,0.625,2,49.521064916974865,1,1789088592.96427,0.2222222238779068,5,0.12044075131416321,-23.74571418762207
0.0,-13.333333432674408,0.929887592792511,,0.024988666991703212,52529,0.6523904800415039,-0.04764419421553612,0.8002933859825134,0.625,2,49.59735729196109,1,1789088593.040564,0.2222222238779068,5,0.11102080345153809,-23.760671615600586
0.0,-13.333333432674408,0.9849515557289124,,0.008864999981597066,52580,0.6538866758346558,-0.048239659518003464,0.8002468943595886,0.625,2,49.64827329199761,1,1789088593.091481,0.2222222238779068,5,0.1091567650437355,-23.784469604492188
0.0,-13.333333432674408,0.8030972480773926,,0.013741625007241964,52680,0.6561492681503296,-0.049232736229896545,0.8001105785369873,0.625,2,49.71948941698065,1,1789088593.162699,0.2222222238779068,5,0.10979904979467392,-23.914772033691406
0.0,0.0,0.8465793132781982,,0.009948917024303228,52729,0.6567597389221191,-0.04950021952390671,0.8000642657279968,0.625,2,49.78281516698189,1,1789088593.226026,0.0,4,0.08947460353374481,-24.087404251098633
0.0,0.0,0.9950483441352844,,0.014827832987066358,52779,0.6574724316596985,-0.0498209185898304,0.8000288009643555,0.625,2,49.85423220897792,1,1789088593.297445,0.0,4,0.07892896980047226,-24.34105682373047
0.0,0.0,0.9916185736656189,,0.023283125017769635,52880,0.6583669781684875,-0.0502643957734108,0.7999947667121887,0.625,2,49.92934970895294,1,1789088593.372564,0.0,4,0.032397497445344925,-25.177709579467773
0.0,0.0,0.9946039319038391,,0.0018855409580282867,52929,0.6586366295814514,-0.05038784071803093,0.7999902963638306,0.625,2,49.97526879195357,1,1789088593.418484,0.0,4,0.036011334508657455,-25.616432189941406
,,,after-land,,59890,0.6549839973449707,-0.04819123074412346,0.01988844759762287,,,57.00751079199836,,,,,,
