applied_lat_ms,applied_t,cmd_vx,cmd_yaw,conf,event,frame_age,frame_count,fw_ts,pitch,px,py,pz,roll,size,size_bucket,streak,t,t_proc,torn_frames,tracking,wall,x,x_bin,x_soft,yaw
85.25104104774073,11.463577207992785,0.0,0.0,0.9932848215103149,,0.05853616603417322,168,14729,0.0,3.201823571899465e-13,1.2202317064766155e-12,0.8438915014266968,0.0,0.375,1,1,11.463548499974422,11.43686258298112,0,0,1789187016.696991,0.444444477558136,6,0.43111878633499146,0.0
63.13562497962266,11.512836499954574,0.0,0.0,0.9937299489974976,,0.061960749968420714,169,14779,0.0,3.219234232486323e-13,1.2285422245489341e-12,0.8417907953262329,0.0,0.375,1,2,11.512821624986827,11.511661666969303,0,0,1789187016.746262,0.444444477558136,6,0.43210649490356445,0.0
18.95716699073091,11.53926724998746,0.2,-26.66666865348816,0.9949453473091125,,0.01753829198423773,170,14779,0.0,3.219234232486323e-13,1.2285422245489341e-12,0.8417907953262329,0.0,0.375,1,3,11.539255749958102,11.537848499952815,0,1,1789187016.772696,0.444444477558136,6,0.4323761761188507,0.0
2.5913749705068767,11.588750750001054,0.2,-26.66666865348816,0.9964928030967712,,0.0015544159687124193,171,14828,0.0,3.23910657410581e-13,1.2380778910761614e-12,0.8395810127258301,0.0,0.375,1,4,11.588738124992233,11.587713832966983,0,1,1789187016.8221781,0.444444477558136,6,0.4301978349685669,0.0
7.3043330339714885,11.661444291996304,0.2,-26.66666865348816,0.9929636120796204,,0.006206999998539686,172,14928,-1.4528762102127075,8.50665892357938e-05,3.4820860150830413e-07,0.8358761072158813,-0.0022109677083790302,0.375,1,5,11.66142995795235,11.660347124969121,0,1,1789187016.89487,0.444444477558136,6,0.4267238974571228,-0.021108353510499
9.814208024181426,11.730194624979049,0.2,-26.66666865348816,0.984791100025177,,0.0084975830395706,173,14978,-3.6400949954986572,0.0005848449072800577,7.169276159402216e-07,0.8341544270515442,0.004400314297527075,0.375,1,6,11.73017966694897,11.728878082998563,0,1,1789187016.963619,0.444444477558136,6,0.42341679334640503,-0.11846782267093658
9.537875012028962,11.795456499967258,0.2,-26.66666865348816,0.9949609041213989,,0.007783457986079156,174,15078,-3.462463617324829,0.004557415843009949,-1.6939740817178972e-05,0.8310346603393555,-0.03763016685843468,0.375,1,7,11.795444374962244,11.79370212496724,0,1,1789187017.028884,0.444444477558136,6,0.4177321791648865,-0.807683527469635
8.53104196721688,11.862168332969304,0.0,-26.66666865348816,0.9717980027198792,,0.007399750000331551,175,15129,-3.0987000465393066,0.007744064088910818,-3.535924042807892e-05,0.8296157121658325,-0.10040091723203659,0.625,2,8,11.862153041991405,11.861037208000198,0,1,1789187017.095593,0.444444477558136,6,0.382752001285553,-1.5301965475082397
8.60020803520456,11.930214416992385,0.2,-26.66666865348816,0.9990461468696594,,0.0074081660131923854,176,15178,-3.374166965484619,0.010913807898759842,-4.800478563993238e-05,0.828547477722168,-0.10647475719451904,0.375,1,9,11.930202666961122,11.929022457974497,0,1,1789187017.1636422,0.444444477558136,6,0.3604297637939453,-2.3912949562072754
13.072583999019116,12.001353250001557,0.2,-13.333333432674408,0.9663677215576172,,0.012153083982411772,177,15279,-0.0002506575547158718,0.019627641886472702,-0.00012727508146781474,0.8265917301177979,-0.028312740847468376,0.375,1,10,12.001342624949757,12.000433791952673,0,1,1789187017.234781,0.2222222238779068,5,0.2932034432888031,-5.005515098571777
15.954457980114967,12.071237874974031,0.2,-13.333333432674408,0.9975849390029907,,0.014645374962128699,178,15331,-0.6665210127830505,0.02289794757962227,-0.00018147520313505083,0.8258143663406372,0.11806228011846542,0.375,1,11,12.071225207997486,12.06992887496017,0,1,1789187017.3046641,0.2222222238779068,5,0.22832128405570984,-6.3359479904174805
15.617625031154603,12.138116874964908,0.2,-13.333333432674408,0.9652309417724609,,0.014160708000417799,179,15381,-2.578834056854248,0.02555103413760662,-0.0002676066942512989,0.8252515196800232,0.17432788014411926,0.375,1,12,12.138101624965202,12.136659999960102,0,1,1789187017.371541,0.2222222238779068,5,0.18197739124298096,-7.350379467010498
16.912167018745095,12.204368332982995,0.2,-13.333333432674408,0.9976491332054138,,0.015603667008690536,180,15479,-1.3839904069900513,0.03442440181970596,-0.000893105345312506,0.8241950869560242,0.02365931309759617,0.375,1,13,12.20435799995903,12.203059916966595,0,1,1789187017.437797,0.2222222238779068,5,0.20973464846611023,-9.247072219848633
20.75608301674947,12.27330666698981,0.2,-13.333333432674408,0.9854824542999268,,0.019833958009257913,181,15530,-1.2754713296890259,0.0395655557513237,-0.0013164500705897808,0.8237926959991455,0.1307194083929062,0.375,1,14,12.27329662500415,12.272384624986444,0,1,1789187017.506735,0.2222222238779068,5,0.21420279145240784,-9.977533340454102
20.6708749756217,12.340868791972753,0.2,-13.333333432674408,0.9866957664489746,,0.019732416956685483,182,15580,-2.223010301589966,0.04478395730257034,-0.0017907025758177042,0.8235058188438416,0.21990467607975006,0.375,1,15,12.340856749971863,12.339930416957941,0,1,1789187017.574295,0.2222222238779068,5,0.19991406798362732,-10.515419006347656
4.5798750361427665,12.391075082996394,0.2,-13.333333432674408,0.9956769347190857,,0.003442375047598034,183,15629,-2.375471353530884,0.0493699386715889,-0.0022628463339060545,0.8233023881912231,0.19958849251270294,0.375,1,16,12.391062499955297,12.389937667001504,0,1,1789187017.624501,0.2222222238779068,5,0.20373161137104034,-10.847833633422852
3.798375022597611,12.45730679197004,0.2,-13.333333432674408,0.9875636100769043,,0.002432083012536168,184,15729,-1.183458924293518,0.06192955747246742,-0.003822074271738529,0.8230401277542114,0.15772685408592224,0.375,1,17,12.457295957952738,12.455940624990035,0,1,1789187017.6907341,0.2222222238779068,5,0.1914057582616806,-11.649152755737305
6.406708969734609,12.525919749983586,0.2,-13.333333432674408,0.9757056832313538,,0.004921292013023049,185,15780,-1.5429588556289673,0.068606898188591,-0.004729853477329016,0.8230009078979492,0.21269087493419647,0.375,1,18,12.525906874972861,12.524434374994598,0,1,1789187017.7593448,0.2222222238779068,5,0.17509983479976654,-12.080585479736328
6.226915982551873,12.593249916972127,0.2,-13.333333432674408,0.9954126477241516,,0.004995915980543941,186,15829,-1.6986140012741089,0.07349444925785065,-0.0053958650678396225,0.8229861855506897,0.2176332324743271,0.375,1,19,12.593225207994692,12.592018957948312,0,1,1789187017.826663,0.2222222238779068,5,0.15777631103992462,-12.455464363098145
6.615041987970471,12.657913582981564,0.2,-13.333333432674408,0.9873485565185547,,0.005381542025133967,187,15928,-1.0374033451080322,0.08678247034549713,-0.007488772738724947,0.8230639696121216,0.15168283879756927,0.375,1,20,12.657901750004385,12.656680124986451,0,1,1789187017.89134,0.2222222238779068,5,0.1307840794324875,-13.586328506469727
13.076625007670373,12.730474124953616,0.2,0.0,0.9787607789039612,,0.012286457989830524,188,15979,-1.092395305633545,0.09435739368200302,-0.008749108761548996,0.8231281042098999,0.18861788511276245,0.375,1,21,12.73046162497485,12.729683999961708,0,1,1789187017.963899,0.0,4,0.07921383529901505,-14.314033508300781
16.055000014603138,12.802965624956414,0.2,0.0,0.9961840510368347,,0.014735665987245739,189,16030,-1.212358832359314,0.10266329348087311,-0.010226873680949211,0.8232040405273438,0.22573478519916534,0.375,1,22,12.802952624973841,12.801646332954988,0,1,1789187018.0363898,0.0,4,0.05326821282505989,-15.105635643005371
21.59304200904444,12.874519999953918,0.2,0.0,0.9957238435745239,,0.0203690420021303,190,16128,-0.8183959722518921,0.11813031136989594,-0.01322185155004263,0.8233065009117126,0.2315884381532669,0.375,1,23,12.87450874998467,12.873296041972935,0,1,1789187018.107946,0.0,4,0.009826736524701118,-16.510574340820312
5.296209012158215,12.925825624959543,0.2,0.0,0.972984254360199,,0.004016791994217783,191,16178,-0.803137481212616,0.12389382719993591,-0.014351258054375648,0.8233324885368347,0.2674542963504791,0.375,1,24,12.925813124980778,12.924546249967534,0,1,1789187018.15925,0.0,4,0.009719306603074074,-16.87588119506836
12.518542003817856,12.998975333000999,0.2,0.0,0.9923296570777893,,0.011157000029925257,192,16228,-0.8897846341133118,0.1316870152950287,-0.016023928299546242,0.8233488202095032,0.3041480481624603,0.375,1,25,12.99896220798837,12.99761383299483,0,1,1789187018.232399,0.0,4,0.018938720226287842,-17.29536247253418
13.241833017673343,13.065901249996386,0.2,0.0,0.9884575009346008,,0.012277041969355196,193,16328,-0.7217864394187927,0.1488705426454544,-0.020035328343510628,0.8233291506767273,0.29075300693511963,0.375,1,26,13.065887666947674,13.064936541952193,0,1,1789187018.299325,0.0,4,0.009559604339301586,-17.767818450927734
20.894791989121586,13.141090999997687,0.2,0.0,0.9873098731040955,,0.019755583023652434,194,16379,-0.6702656745910645,0.15719912946224213,-0.022078193724155426,0.8232952952384949,0.2850334048271179,0.375,1,27,13.1410791669623,13.139951832999941,0,1,1789187018.374516,0.0,4,0.011232797987759113,-17.77492904663086
4.91620902903378,13.190815624955576,0.2,0.0,0.9945206642150879,,0.0039045000448822975,195,16429,-0.6706357598304749,0.16436776518821716,-0.023884912952780724,0.8232454657554626,0.2753230631351471,0.375,1,28,13.190804624988232,13.189803957997356,0,1,1789187018.4242408,0.0,4,0.01063614897429943,-17.731557846069336
12.061082990840077,13.265630916983355,0.2,0.0,0.9971768856048584,,0.009891416993923485,196,16529,-0.5333598852157593,0.181490957736969,-0.028406381607055664,0.8230554461479187,0.20379717648029327,0.375,1,29,13.26562154199928,13.263461291964632,0,1,1789187018.499058,0.0,4,0.009457345120608807,-17.55977439880371
18.764166976325214,13.338908749981783,0.2,0.0,0.9954860806465149,,0.017335207958240062,197,16579,-0.4622880518436432,0.1902875155210495,-0.030771391466259956,0.8229309916496277,0.16662144660949707,0.375,1,30,13.338897791982163,13.337479957961477,0,1,1789187018.572335,0.0,4,0.009209245443344116,-17.500232696533203
2.3876670165918767,13.388496208004653,0.2,0.0,0.9945409893989563,,0.0012140420149080455,198,16629,-0.44100916385650635,0.1993539035320282,-0.033259790390729904,0.8227851390838623,0.14159764349460602,0.375,1,31,13.388482874957845,13.387322666996624,0,1,1789187018.62192,0.0,4,0.012897980399429798,-17.527742385864258
22.350999992340803,13.475888457964174,0.2,0.0,0.9935425519943237,,0.02111983299255371,199,16728,-0.4043222963809967,0.2168695479631424,-0.03812308982014656,0.8224493265151978,0.10262396931648254,0.375,1,32,13.475875374977477,13.474657374958042,0,1,1789187018.709312,0.0,4,0.009822658263146877,-17.742883682250977
4.4875420280732214,13.524276374955662,0.2,0.0,0.9904363751411438,,0.0035076250205747783,200,16779,-0.3800484836101532,0.22372645139694214,-0.039965417236089706,0.8223008513450623,0.09484559297561646,0.375,1,33,13.524262207967695,13.523296499974094,0,1,1789187018.757699,0.0,4,0.01939052902162075,-17.87040901184082
3.8809579564258456,13.590742707950994,0.2,0.0,0.9936237335205078,,0.0025303749716840684,201,16830,-0.364778608083725,0.2330695390701294,-0.042596235871315,0.8220722079277039,0.09528190642595291,0.375,1,34,13.590728291950654,13.589392291964032,0,1,1789187018.824165,0.0,4,0.014503846876323223,-18.00956916809082
10.269500024151057,13.66198199999053,0.2,0.0,0.9952760934829712,,0.008894999977201223,202,16880,-0.36855047941207886,0.24270768463611603,-0.045376963913440704,0.821811318397522,0.10105995833873749,0.375,1,35,13.661969332955778,13.660607582947705,0,1,1789187018.895405,0.0,4,0.008816448040306568,-18.112279891967773
13.377416995353997,13.732435207988601,0.0,0.0,0.9944449067115784,,0.01205933396704495,203,16981,-0.3560204803943634,0.257518470287323,-0.049612365663051605,0.8213797211647034,0.10263576358556747,0.625,2,36,13.732421041990165,13.731117291958071,0,1,1789187018.965857,0.0,4,0.005119433160871267,-18.15687370300293
16.588417056482285,13.803461082978174,0.0,0.0,0.9914931654930115,,0.01527625002199784,204,17029,-0.2767271399497986,0.2687467634677887,-0.05294759199023247,0.8210347890853882,0.09932132810354233,0.625,2,37,13.803447416983545,13.80214895796962,0,1,1789187019.036884,0.0,4,0.009275547228753567,-18.06635856628418
15.835000027436763,13.868421791994479,0.2,0.0,0.9890667200088501,,0.014840083022136241,205,17079,0.938919186592102,0.2772519588470459,-0.05547390133142471,0.820759654045105,0.09301136434078217,0.375,1,38,13.86841083294712,13.867426957993302,0,1,1789187019.101847,0.0,4,-0.0032094663474708796,-18.01080894470215
17.799500026740134,13.938250749954022,0.2,0.0,0.9701152443885803,,0.016208666027523577,206,17179,3.609724521636963,0.29277077317237854,-0.060163065791130066,0.8201372027397156,0.05760738626122475,0.375,1,39,13.938239707960747,13.936659957980737,0,1,1789187019.171676,0.0,4,-0.0005367401754483581,-17.897192001342773
2.271709032356739,13.987573457998224,0.0,0.0,0.9912522435188293,,0.0011969589977525175,207,17228,1.9414383172988892,0.29798397421836853,-0.06171625480055809,0.8198771476745605,0.043995894491672516,0.625,2,40,13.9875622499967,13.986498791957274,0,1,1789187019.2209978,0.0,4,0.00911667663604021,-17.87390899658203
7.080417010001838,14.05855266697472,0.0,0.0,0.9926134347915649,,0.0061435840325430036,208,17281,-0.8124018907546997,0.3047950863838196,-0.06378104537725449,0.8195023536682129,0.0371832475066185,0.625,2,41,14.058539874968119,14.057615917001385,0,1,1789187019.291975,0.0,4,0.0003985323419328779,-17.86104965209961
10.702874977141619,14.130926374986302,0.0,0.0,0.9859268665313721,,0.009640000003855675,209,17378,3.0014638900756836,0.3187447786331177,-0.0679655447602272,0.8187097311019897,0.014567440375685692,0.625,2,42,14.130916041962337,14.12986354198074,0,1,1789187019.364352,0.0,4,0.003527202643454075,-17.928089141845703
9.374332963488996,14.194892541971058,0.0,0.0,0.9863901138305664,,0.008279207977466285,210,17428,3.565901279449463,0.3250651955604553,-0.06988886743783951,0.8182833194732666,0.027467573061585426,0.625,2,43,14.194881249975879,14.193797457963228,0,1,1789187019.4283168,0.0,4,0.0023477005306631327,-17.974708557128906
10.389290982857347,14.26405249995878,0.2,0.0,0.9489191174507141,,0.009065457968972623,211,17478,1.9898854494094849,0.33052465319633484,-0.07157091796398163,0.8178340196609497,0.04064960777759552,0.375,1,44,14.264041332993656,14.26272874994902,0,1,1789187019.497477,0.0,4,0.009905783459544182,-18.02109718322754
12.303416966460645,14.331305667001288,0.2,0.0,0.9909782409667969,,0.010900709021370858,212,17582,2.1716372966766357,0.340402215719223,-0.07459259033203125,0.8170329332351685,0.009110656566917896,0.375,1,45,14.331293875002302,14.329903042002115,0,1,1789187019.564729,0.0,4,0.010455467738211155,-18.07901954650879
14.913042017724365,14.399010583001655,0.0,0.0,0.9923782348632812,,0.013608209032099694,213,17628,0.5360466241836548,0.34525617957115173,-0.07609640061855316,0.8166486620903015,0.007422696333378553,0.625,2,46,14.398997832962777,14.397705791983753,0,1,1789187019.632433,0.0,4,-0.0003728686133399606,-18.07855796813965
16.348375007510185,14.469949874968734,0.0,0.0,0.9872817397117615,,0.015018165984656662,214,17685,-2.17936372756958,0.3506814241409302,-0.0777585506439209,0.8162603974342346,0.01604066975414753,0.625,2,47,14.469935874978546,14.468619707971811,0,1,1789187019.703371,0.0,4,0.013847298920154572,-18.057086944580078
15.302832995075732,14.533982916967943,0.2,0.0,0.9506600499153137,,0.013995957968290895,215,17779,0.9715403914451599,0.3616049587726593,-0.08105649799108505,0.8156319856643677,0.013388414867222309,0.375,1,48,14.533971582946833,14.532676207949407,0,1,1789187019.7674072,0.0,4,0.01352608110755682,-17.98297119140625
14.218167052604258,14.60118108295137,0.2,0.0,0.969481348991394,,0.01317375001963228,216,17828,2.645296573638916,0.3675779104232788,-0.08290629833936691,0.8152782917022705,0.006790632847696543,0.375,1,49,14.60116920794826,14.600136749970261,0,1,1789187019.834604,0.0,4,0.0051916828379035,-17.94859504699707
15.125125006306916,14.666990207973868,0.2,0.0,0.8623210191726685,,0.013841249980032444,217,17878,0.8661007285118103,0.37206175923347473,-0.08431337028741837,0.8149721622467041,0.01068598311394453,0.375,1,50,14.666976957989391,14.665706374973524,0,1,1789187019.9004118,0.0,4,0.019888631999492645,-17.92564582824707
14.509000000543892,14.73201399995014,0.0,0.0,0.9709863066673279,,0.013509374985005707,218,17978,-2.2150371074676514,0.3822217583656311,-0.0874456986784935,0.8143243789672852,0.017523212358355522,0.625,2,51,14.732001499971375,14.731014416960534,0,1,1789187019.965436,0.0,4,0.01703430525958538,-17.915428161621094
13.038958015386015,14.801628457964398,0.0,0.0,0.961268424987793,,0.012275499990209937,219,18029,-0.914294421672821,0.38878634572029114,-0.08943237364292145,0.8139867186546326,0.003384083742275834,0.625,2,52,14.80161554197548,14.800865041965153,0,1,1789187020.03505,0.0,4,0.0048177908174693584,-17.929309844970703
14.932457997929305,14.868368666968308,0.2,0.0,0.9924525618553162,,0.014180666010361165,220,18079,-0.11035851389169693,0.39433613419532776,-0.09114096313714981,0.8137506246566772,0.0026222507003694773,0.375,1,53,14.86835808295291,14.867616957984865,0,1,1789187020.101792,0.0,4,0.00725115230306983,-17.94759750366211
19.260792003478855,14.937409957987256,0.2,0.0,0.9537267088890076,,0.01750937500037253,221,18178,1.778596043586731,0.406045526266098,-0.09475643187761307,0.8133746981620789,0.026508957147598267,0.375,1,54,14.937393832951784,14.935658582951874,0,1,1789187020.170828,0.0,4,0.013826641254127026,-17.9886474609375
18.845000013243407,15.005991207959596,0.0,0.0,0.9552767276763916,,0.017535042017698288,222,18228,0.3708052337169647,0.41114190220832825,-0.09634371846914291,0.8132502436637878,0.022622693330049515,0.625,2,55,15.005977166991215,15.004681291989982,0,1,1789187020.239412,0.0,4,0.0066863056272268295,-17.998979568481445
2.5949999690055847,15.055001457978506,0.2,0.0,0.9161731004714966,,0.0011972499778494239,223,18278,-1.7940897941589355,0.4166543483734131,-0.09805112332105637,0.8131563067436218,0.008411193266510963,0.375,1,56,15.054989416967146,15.053603832959197,0,1,1789187020.2884228,0.0,4,0.016508731991052628,-18.000150680541992
2.025833004154265,15.124802832957357,0.2,0.0,0.9843153357505798,,0.0007617080118507147,224,18331,-1.0053932666778564,0.42244279384613037,-0.0998033806681633,0.8130450248718262,0.0038191573694348335,0.375,1,57,15.124789124995004,15.123538749990985,0,1,1789187020.3582232,0.0,4,0.004507882054895163,-17.993139266967773
6.124874984379858,15.193957541952841,0.0,0.0,0.9557024240493774,,0.004802458977792412,225,18428,0.4004698693752289,0.43336817622184753,-0.1031402200460434,0.8127688765525818,0.015243249014019966,0.625,2,58,15.193934874958359,15.192635291954502,0,1,1789187020.4273689,0.0,4,0.010729679837822914,-17.963293075561523
6.405499996617436,15.258666707959492,0.0,0.0,0.9756858944892883,,0.00500962499063462,226,18479,-2.009223461151123,0.4393073320388794,-0.104962557554245,0.812596321105957,0.017924465239048004,0.625,2,59,15.258651874959469,15.257270999951288,0,1,1789187020.492086,0.0,4,0.006216279696673155,-17.941743850708008
2.739707997534424,15.323723791982047,0.2,0.0,0.9088311791419983,,0.0016906249802559614,227,18529,-1.2380555868148804,0.4456176161766052,-0.10687406361103058,0.8123974204063416,0.015877196565270424,0.375,1,60,15.323710875003599,15.322674791968893,0,1,1789187020.557145,0.0,4,0.0015636812895536423,-17.924821853637695
5.587332998402417,15.391272457956802,0.2,0.0,0.9245696067810059,,0.004461915988940746,228,18628,3.372335195541382,0.4579753279685974,-0.11069237440824509,0.8119716644287109,0.01369455549865961,0.375,1,61,15.391258707968518,15.390147082973272,0,1,1789187020.624692,0.0,4,0.0037325797602534294,-17.8936710357666
3.5805829684250057,15.457172416965477,0.0,0.0,0.9876762628555298,,0.002315040968824178,229,18679,-0.07348304241895676,0.46300989389419556,-0.11226221174001694,0.811759352684021,0.03222888335585594,0.625,2,62,15.457159082987346,15.45590695797,0,1,1789187020.690593,0.0,4,0.003044823184609413,-17.852060317993164
5.646958015859127,15.526607791951392,0.0,0.0,0.9545469284057617,,0.0023109170142561197,230,18728,-2.686046838760376,0.4681566059589386,-0.11383254081010818,0.8115406036376953,0.030232500284910202,0.625,2,63,15.526595999952406,15.52327179198619,0,1,1789187020.7600288,0.0,4,-0.002883467823266983,-17.85143280029297
9.215750033035874,15.595815624983516,0.2,0.0,0.9062348008155823,,0.008051167009398341,231,18829,2.332645893096924,0.4802939295768738,-0.1174711138010025,0.8111028671264648,-0.0074334824457764626,0.375,1,64,15.595800541981589,15.594651124964003,0,1,1789187020.829234,0.0,4,0.006091328803449869,-17.886940002441406
12.223166006151587,15.6659084999701,0.2,0.0,0.9786666631698608,,0.011228041024878621,232,18878,2.795734405517578,0.4865657091140747,-0.11939948797225952,0.8108687996864319,0.011618461459875107,0.375,1,65,15.665897457976826,15.664913457992952,0,1,1789187020.8993301,0.0,4,-0.0027479082345962524,-17.915328979492188
12.15091603808105,15.732982249988709,0.0,0.0,0.9803733825683594,,0.010988207999616861,233,18928,0.22847819328308105,0.49162158370018005,-0.12094548344612122,0.8106980919837952,0.028384150937199593,0.625,2,66,15.732970707991626,15.731819624954369,0,1,1789187020.9664042,0.0,4,-0.009672056883573532,-17.93743133544922
17.235459003131837,15.802786082960665,0.0,0.0,0.9348074793815613,,0.015758875000756234,234,19028,-1.102381944656372,0.5034064054489136,-0.12446101009845734,0.8104549646377563,-0.0037144734524190426,0.625,2,67,15.802776291966438,15.801309582951944,0,1,1789187021.0362089,0.0,4,0.0023699274752289057,-17.9549560546875
20.629749982617795,15.874317374953534,0.0,0.0,0.973293662071228,,0.019503124989569187,235,19078,1.193150520324707,0.5100052952766418,-0.12641887366771698,0.8103883862495422,0.006995121482759714,0.625,2,68,15.874304249999113,15.87319083296461,0,1,1789187021.107737,0.0,4,-0.0013477931497618556,-17.93033218383789
16.331874998286366,15.940455999982078,0.0,0.0,0.9687488079071045,,0.015116791997570544,236,19129,2.03303599357605,0.5169077515602112,-0.1284801959991455,0.8103452920913696,0.02564013935625553,0.625,2,69,15.940442957973573,15.93924104195321,0,1,1789187021.1738749,0.0,4,-0.004386512562632561,-17.917348861694336
19.451625004876405,16.010172832990065,0.0,0.0,0.984271228313446,,0.017855042009614408,237,19181,1.2389211654663086,0.5228960514068604,-0.13028842210769653,0.8103523850440979,0.024831270799040794,0.625,2,70,16.010160749952774,16.008576291962527,0,1,1789187021.243593,0.0,4,-0.005868998821824789,-17.890653610229492
19.053832977078855,16.073806041968055,0.0,0.0,0.9510725140571594,,0.017931665992364287,238,19281,2.745593786239624,0.5329071879386902,-0.13325436413288116,0.8104055523872375,0.021317506209015846,0.625,2,71,16.073793582967483,16.072683957987465,0,1,1789187021.3072262,0.0,4,-0.0005935677327215672,-17.84642791748047
1.5346669824793935,16.12064612499671,0.2,0.0,0.9146238565444946,,0.0005951669882051647,239,19328,2.807871103286743,0.5362885594367981,-0.13425210118293762,0.8104252219200134,0.02622780203819275,0.375,1,72,16.120635041967034,16.11970666697016,0,1,1789187021.3540668,0.0,4,-0.004165397025644779,-17.848236083984375
21.10804198309779,16.20873741694959,0.0,0.0,0.9817110300064087,,0.019680917030200362,240,19378,1.990950107574463,0.5397036075592041,-0.13527514040470123,0.8104686737060547,0.030525539070367813,0.625,2,73,16.208724707947113,16.207310375000816,0,1,1789187021.442157,0.0,4,-0.011009180918335915,-17.857128143310547
3.762084001209587,16.25638070795685,0.0,0.0,0.938572883605957,,0.0020713750272989273,241,19429,0.3215814530849457,0.5430164337158203,-0.13627350330352783,0.8105319142341614,0.025265321135520935,0.625,2,74,16.256369707989506,16.254690082976595,0,1,1789187021.489802,0.0,4,-0.010312261991202831,-17.86367416381836
6.717875017784536,16.328067749971524,0.2,0.0,0.937279462814331,,0.0053290840005502105,242,19528,-0.8875157833099365,0.5498837828636169,-0.13826534152030945,0.8106312155723572,0.007727606687694788,0.375,1,75,16.328050957992673,16.326679041958414,0,1,1789187021.561483,0.0,4,-0.015139210969209671,-17.885562896728516
10.619958047755063,16.39882691699313,0.0,0.0,0.9772408604621887,,0.00946658302564174,243,19578,1.2586877346038818,0.5538975596427917,-0.13945350050926208,0.8106677532196045,0.012475328519940376,0.625,2,76,16.398816375003662,16.39767362497514,0,1,1789187021.6322482,0.0,4,-0.010269416496157646,-17.898584365844727
9.02075000340119,16.4631554170046,0.0,0.0,0.9884763956069946,,0.008187917002942413,244,19629,0.9801139831542969,0.5579803586006165,-0.14068937301635742,0.8106640577316284,0.026962511241436005,0.625,2,77,16.463145791960414,16.462322624982335,0,1,1789187021.696577,0.0,4,-0.004359236918389797,-17.905887603759766
10.7844999874942,16.52955812495202,0.0,0.0,0.8715392351150513,,0.009863707993645221,245,19732,-1.5313916206359863,0.5651722550392151,-0.14280623197555542,0.8104681372642517,0.024349333718419075,0.625,2,78,16.529545707977377,16.5286373749841,0,1,1789187021.7629771,0.0,4,-0.0028190051671117544,-17.90328025817871
5.324291996657848,16.593126541993115,0.0,0.0,0.9413770437240601,,0.004074374970514327,246,19781,1.850226879119873,0.5696529150009155,-0.14413410425186157,0.810257613658905,0.01819881610572338,0.625,2,79,16.59311345795868,16.591876707971096,0,1,1789187021.826545,0.0,4,-0.006199425086379051,-17.896812438964844
11.974583030678332,16.665695042000152,0.0,0.0,0.9847232103347778,,0.011087958002462983,247,19830,2.811337471008301,0.5733426213264465,-0.14526526629924774,0.8100085854530334,0.0224001407623291,0.625,2,80,16.665683250001166,16.66480849997606,0,1,1789187021.899115,0.0,4,-0.010720438323915005,-17.88629722595215
12.357875006273389,16.734810124966316,0.0,0.0,0.988587498664856,,0.01094208296854049,248,19929,0.39670896530151367,0.5783724784851074,-0.14676611125469208,0.8096234202384949,0.03331984207034111,0.625,2,81,16.734798082965426,16.733394374954514,0,1,1789187021.968229,0.0,4,-0.0016482959035784006,-17.835783004760742
10.768707958050072,16.79952191695338,0.0,0.0,0.9164737462997437,,0.009528082970064133,249,19978,1.5453015565872192,0.581176221370697,-0.14759579300880432,0.8094573616981506,0.013434958644211292,0.625,2,82,16.7995084580034,16.79828137496952,0,1,1789187022.0329401,0.0,4,0.001334459870122373,-17.832489013671875
7.0649999543093145,16.86442120798165,0.0,0.0,0.9919258952140808,,0.006327666982542723,250,20029,2.0967957973480225,0.5834634900093079,-0.1482645869255066,0.8093563914299011,0.003939222544431686,0.625,2,83,16.86441099998774,16.863683916977607,0,1,1789187022.097842,0.0,4,-0.01945449970662594,-17.8331241607666
10.438834025990218,16.932207124948036,0.0,0.0,0.9778242111206055,,0.009148042008746415,251,20129,0.4767563045024872,0.5873417854309082,-0.1493738889694214,0.8092029094696045,0.01695271208882332,0.625,2,84,16.932196749956347,16.930916374956723,0,1,1789187022.165628,0.0,4,-0.002276783809065819,-17.846195220947266
13.233790989033878,17.000075416988693,0.0,0.0,0.9912940859794617,,0.012189541012048721,252,20179,0.7464026212692261,0.5894977450370789,-0.14997482299804688,0.8091533780097961,0.014987385831773281,0.625,2,85,17.000062541977968,16.9990312079899,0,1,1789187022.233493,0.0,4,-0.013877112418413162,-17.846553802490234
16.477666969876736,17.071781916951295,0.0,0.0,0.9907339811325073,,0.01529733301140368,253,20279,0.782346248626709,0.5934121012687683,-0.15108130872249603,0.8091241717338562,0.010349217802286148,0.625,2,86,17.07177166698966,17.070601832994726,0,1,1789187022.305202,0.0,4,-0.008242268115282059,-17.853443145751953
14.986915979534388,17.138972166983876,0.0,0.0,0.9749889373779297,,0.0137079160194844,254,20328,0.44277992844581604,0.5949996113777161,-0.15151317417621613,0.8091118931770325,0.01777762547135353,0.625,2,87,17.138962249970064,17.13769320800202,0,1,1789187022.372393,0.0,4,0.002008359180763364,-17.84745216369629
17.09141698665917,17.207866207987536,0.0,0.0,0.9890670776367188,,0.0158332500141114,255,20378,0.48856672644615173,0.5968660712242126,-0.15202605724334717,0.8091244101524353,0.023818744346499443,0.625,2,88,17.207851582963485,17.20660808298271,0,1,1789187022.441282,0.0,4,-0.0026008395943790674,-17.840333938598633
24.501292034983635,17.28198579198215,0.0,0.0,0.9919438362121582,,0.02323533402523026,256,20479,0.6578464508056641,0.6001802682876587,-0.15294437110424042,0.809161365032196,0.020138757303357124,0.625,2,89,17.281974582991097,17.280719916976523,0,1,1789187022.515405,0.0,4,-0.00439232075586915,-17.831375122070312
3.6762499948963523,17.327185791975353,0.0,0.0,0.9842466115951538,,0.0024064169847406447,257,20529,0.4911525845527649,0.6014288663864136,-0.15328046679496765,0.8091747164726257,0.020154830068349838,0.625,2,90,17.327175832993817,17.32591604196932,0,1,1789187022.560606,0.0,4,0.0012321226531639695,-17.831315994262695
8.908916963264346,17.39882870798465,0.0,0.0,0.9860333800315857,,0.007755499973427504,258,20578,0.4500942826271057,0.6028032302856445,-0.15364867448806763,0.8091926574707031,0.02140124700963497,0.625,2,91,17.398816957953386,17.397675332962535,0,1,1789187022.632247,0.0,4,-0.0021958008874207735,-17.831302642822266
23.48954201443121,17.481075249961577,0.0,0.0,0.9891735315322876,,0.022362791991326958,259,20679,0.5506806373596191,0.6052957773208618,-0.15431465208530426,0.809222400188446,0.023596107959747314,0.625,2,92,17.481064999999944,17.479948541964404,0,1,1789187022.714495,0.0,4,-0.0019291618373245,-17.827497482299805
22.500916034914553,17.547025249979924,0.0,0.0,0.9830387830734253,,0.020995124999899417,260,20728,0.4572039842605591,0.6063016653060913,-0.1545722782611847,0.809228241443634,0.02361786924302578,0.625,2,93,17.5470140419784,17.545519541949034,0,1,1789187022.780444,0.0,4,0.0014021634124219418,-17.829959869384766
25.328083022031933,17.61597341694869,0.0,0.0,0.9814388155937195,,0.024058167007751763,261,20780,0.38541340827941895,0.607613742351532,-0.154912531375885,0.809221088886261,0.020930463448166847,0.625,2,94,17.61596066696802,17.614703541970812,0,1,1789187022.8493912,0.0,4,0.0020579213742166758,-17.833837509155273
8.15587496617809,17.665942166990135,0.0,0.0,0.9846715331077576,,0.0071037919842638075,262,20828,0.4135672152042389,0.6085123419761658,-0.1551348865032196,0.8092125654220581,0.02094949409365654,0.625,2,95,17.665933541953564,17.664890124986414,0,1,1789187022.899363,0.0,4,0.0017670667730271816,-17.836240768432617
11.529790994245559,17.7355317499605,0.0,0.0,0.9799401164054871,,0.010061957989819348,263,20932,0.37218043208122253,0.6105291843414307,-0.15563629567623138,0.8091568350791931,0.020949607715010643,0.625,2,96,17.73551254195627,17.7340639999602,0,1,1789187022.9689422,0.0,4,0.0018007529433816671,-17.83625602722168
17.607999965548515,17.807748332968913,0.0,0.0,0.9779075980186462,,0.016526332998182625,264,20978,0.3227144479751587,0.6114523410797119,-0.1558576226234436,0.8091171979904175,0.020949505269527435,0.625,2,97,17.807737291965168,17.806666749995202,0,1,1789187023.041167,0.0,4,0.0008054542122408748,-17.836238861083984
14.454624964855611,17.87225158297224,0.0,0.0,0.9803769588470459,,0.0133110829629004,265,21030,0.3217853903770447,0.6123730540275574,-0.15607404708862305,0.8090680241584778,0.021397840231657028,0.625,2,98,17.87223899998935,17.87110812496394,0,1,1789187023.105668,0.0,4,0.002033033175393939,-17.817873001098633
16.131457989104092,17.940826749952976,0.0,0.0,0.9783541560173035,,0.014836542017292231,266,21128,0.32459408044815063,0.6139565110206604,-0.15643814206123352,0.8089541792869568,0.02424016036093235,0.625,2,99,17.94081554195145,17.93953191698529,0,1,1789187023.174245,0.0,4,0.0024778954684734344,-17.80331039428711
18.69424997130409,18.00929349998478,0.0,0.0,0.9780676960945129,,0.017107916006352752,267,21179,0.2850102186203003,0.6149545907974243,-0.15666428208351135,0.8088575005531311,0.024240270256996155,0.625,2,100,18.00926654197974,18.007707457989454,0,1,1789187023.242698,0.0,4,0.0021472773514688015,-17.803287506103516
18.94520898349583,18.076799832982942,0.0,0.0,0.9775210022926331,,0.017834416998084635,268,21228,0.27842196822166443,0.6157160997390747,-0.1568308025598526,0.8087818622589111,0.024240249767899513,0.625,2,101,18.076789457991254,18.075689124991186,0,1,1789187023.310219,0.0,4,0.003024475183337927,-17.803281784057617
18.907667021267116,18.143743499997072,0.0,0.0,0.9768379926681519,,0.0178258340456523,269,21329,0.29162389039993286,0.6173094511032104,-0.1571841835975647,0.8085798621177673,0.025939935818314552,0.625,2,102,18.14373087498825,18.142661791993305,0,1,1789187023.3771598,0.0,4,0.002951045986264944,-17.80328941345215
23.775082954671234,18.215242499951273,0.0,0.0,0.9753490090370178,,0.02266387495910749,270,21378,0.2779986560344696,0.6181061863899231,-0.15735556185245514,0.8084790110588074,0.02593785524368286,0.625,2,103,18.21522895799717,18.214131374959834,0,1,1789187023.448658,0.0,4,0.0028956886380910873,-17.805879592895508
3.6704170051962137,18.261544666951522,0.0,0.0,0.9651008248329163,,0.002432667009998113,271,21429,0.26434436440467834,0.6188144683837891,-0.15750733017921448,0.8083820939064026,0.025951366871595383,0.625,2,104,18.26153329195222,18.26030699996045,0,1,1789187023.494962,0.0,4,0.00033948791678994894,-17.808740615844727
3.1149580026976764,18.327883291989565,0.0,0.0,0.9646685123443604,,0.0018094159895554185,272,21478,0.2600703835487366,0.6195878982543945,-0.15767748653888702,0.8082595467567444,0.026255490258336067,0.625,2,105,18.327870666980743,18.326577832980547,0,1,1789187023.5612988,0.0,4,0.0006709773442707956,-17.803260803222656
5.001457990147173,18.39645170798758,0.0,0.0,0.9639957547187805,,0.0035384169896133244,273,21584,0.2565450072288513,0.6210524439811707,-0.1579953134059906,0.8080146908760071,0.026256036013364792,0.625,2,106,18.396441416989546,18.394988791958895,0,1,1789187023.6298702,0.0,4,-0.0005457407096400857,-17.803380966186523
8.226042031310499,18.4657818749547,0.0,0.0,0.9621106386184692,,0.007160083041526377,274,21628,0.24681895971298218,0.6217439770698547,-0.15815310180187225,0.8078776001930237,0.026256008073687553,0.625,2,107,18.465769541973714,18.464715957990848,0,1,1789187023.699198,0.0,4,0.0005332202999852598,-17.803373336791992
5.07825001841411,18.529704374959692,0.0,0.0,0.9617320895195007,,0.0036671659909188747,275,21678,0.24246746301651,0.6223812103271484,-0.15829285979270935,0.8077600002288818,0.025221074000000954,0.625,2,108,18.529692041978706,18.52829333295813,0,1,1789187023.763121,0.0,4,0.0001428108080290258,-17.803373336791992
2.094042021781206,18.593663207953796,0.0,0.0,0.963336169719696,,0.001199584046844393,276,21778,0.23906080424785614,0.6237651705741882,-0.1586073338985443,0.8074799180030823,0.02225581556558609,0.625,2,109,18.593649749993347,18.59276879200479,0,1,1789187023.8270779,0.0,4,-0.00018467710469849408,-17.794658660888672
4.83379204524681,18.662911791994702,0.0,0.0,0.962047278881073,,0.003727792005520314,277,21829,0.2341812402009964,0.6244627237319946,-0.15876728296279907,0.8073408603668213,0.022167358547449112,0.625,2,110,18.662898457958363,18.6618058749591,0,1,1789187023.896327,0.0,4,2.6386434910818934e-05,-17.794658660888672
5.7250409736298025,18.73010812496068,0.0,0.0,0.959799587726593,,0.004331458010710776,278,21879,0.23188883066177368,0.625072181224823,-0.15890316665172577,0.8072288632392883,0.020344596356153488,0.625,2,111,18.730095791979693,18.728714625001885,0,1,1789187023.963524,0.0,4,-0.0010334934340789914,-17.79465675354004
7.211124990135431,18.7986041669501,0.0,0.0,0.9598491191864014,,0.005977499997243285,279,21978,0.23025444149971008,0.6264119744300842,-0.15920127928256989,0.8069802522659302,0.020343828946352005,0.625,2,112,18.798591375001706,18.797370582993608,0,1,1789187024.032019,0.0,4,-0.0012207950931042433,-17.79465675354004
12.16533302795142,18.870265457953792,0.0,0.0,0.9594489336013794,,0.011106125020887703,280,22028,0.22860372066497803,0.6271056532859802,-0.15935765206813812,0.8068469166755676,0.020343827083706856,0.625,2,113,18.870252583001275,18.86920629197266,0,1,1789187024.10368,0.0,4,-0.0011932135093957186,-17.79465675354004
19.77058401098475,18.944686499948148,0.0,0.0,0.9617380499839783,,0.018693874997552484,281,22128,0.22708940505981445,0.6283848285675049,-0.15963752567768097,0.8066069483757019,0.020560821518301964,0.625,2,114,18.944676582992543,18.943609832960647,0,1,1789187024.1781042,0.0,4,-0.0010336756240576506,-17.781179428100586
4.8882089904509485,18.996697166992817,0.0,0.0,0.9644376039505005,,0.0002683339989744127,282,22179,0.22711290419101715,0.6290463805198669,-0.1597769856452942,0.8064859509468079,0.020766548812389374,0.625,2,115,18.99668554199161,18.99207741697319,0,1,1789187024.230113,0.0,4,-0.0014708777889609337,-17.769235610961914
10.528167011216283,19.068119000003207,0.0,0.0,0.965564489364624,,0.009313583024777472,283,22228,0.2271147221326828,0.6297377347946167,-0.15992046892642975,0.8063593506813049,0.020755503326654434,0.625,2,116,19.06810808298178,19.066904457984492,0,1,1789187024.301536,0.0,4,-0.002223941497504711,-17.766450881958008
10.239791998174042,19.135084166948218,0.0,0.0,0.9657824039459229,,0.009053750021848828,284,22279,0.22529076039791107,0.6304067373275757,-0.1600579023361206,0.8062371015548706,0.02075554057955742,0.625,2,117,19.135068249946926,19.133898207976017,0,1,1789187024.3684962,0.0,4,-0.002064978703856468,-17.766460418701172
16.61437499569729,19.207899375003763,0.0,0.0,0.9624411463737488,,0.015411667001899332,285,22378,0.2271362841129303,0.6316565871238708,-0.16030262410640717,0.806023359298706,0.024892473593354225,0.625,2,118,19.207888041972183,19.20669674995588,0,1,1789187024.4413152,0.0,4,-0.0033763227984309196,-17.766454696655273
18.207541026640683,19.27436999999918,0.0,0.0,0.9580467939376831,,0.016730249975807965,286,22429,0.22428570687770844,0.632361114025116,-0.1604396551847458,0.8059055209159851,0.02754330262541771,0.625,2,119,19.27435683296062,19.272892791952472,0,1,1789187024.507784,0.0,4,-0.0014197550481185317,-17.740890502929688
22.922249976545572,19.343975458003115,0.0,0.0,0.9573800563812256,,0.02180270798271522,287,22529,0.22427327930927277,0.6337227821350098,-0.16070276498794556,0.8056872487068176,0.027575723826885223,0.625,2,120,19.343962999992073,19.342855957977008,0,1,1789187024.5773902,0.0,4,-0.0011984783923253417,-17.749155044555664
2.0207909983582795,19.390838374965824,0.0,0.0,0.9591916799545288,,0.001113708014599979,288,22529,0.22427327930927277,0.6337227821350098,-0.16070276498794556,0.8056872487068176,0.027575723826885223,0.625,2,121,19.390825582959224,19.38993137498619,0,1,1789187024.624253,0.0,4,-0.0003271577297709882,-17.749155044555664
14.810000022407621,19.472254166961648,0.0,0.0,0.9616044163703918,,0.013260499981697649,289,22628,0.22713835537433624,0.6349449157714844,-0.16092582046985626,0.8055166602134705,0.027008261531591415,0.625,2,122,19.472241582989227,19.47070470795734,0,1,1789187024.7056682,0.0,4,0.000863197143189609,-17.760263442993164
14.43937502335757,19.538986083003692,0.0,0.0,0.9659165740013123,,0.01313225005287677,290,22679,0.22713561356067657,0.6356199979782104,-0.16105039417743683,0.8054235577583313,0.027036583051085472,0.625,2,123,19.538974249968305,19.537679000000935,0,1,1789187024.7724009,0.0,4,0.0018006457248702645,-17.767221450805664
14.241333003155887,19.605675791972317,0.0,0.0,0.9638808965682983,,0.013213124999310821,291,22778,0.2205415964126587,0.6367589235305786,-0.16124381124973297,0.8052858114242554,0.02706792578101158,0.625,2,124,19.605662749963813,19.604647666972596,0,1,1789187024.839089,0.0,4,0.0015016801189631224,-17.77519416809082
18.37566599715501,19.676515999948606,0.0,0.0,0.9639860987663269,,0.017535416001919657,292,22829,0.21831782162189484,0.6375185251235962,-0.1613743007183075,0.8051944375038147,0.029184093698859215,0.625,2,125,19.6765038750018,19.675675832957495,0,1,1789187024.90993,0.0,4,0.0013194315833970904,-17.775197982788086
2.7607500087469816,19.72748129197862,0.0,0.0,0.9607325196266174,,0.0013923340011388063,293,22878,0.2163243293762207,0.6380543112754822,-0.16145989298820496,0.8051367998123169,0.03092135675251484,0.625,2,126,19.727468707947992,19.72611304197926,0,1,1789187024.960895,0.0,4,0.0011678359005600214,-17.76673126220703
2.110875037033111,19.79404829198029,0.0,0.0,0.9562926888465881,,0.0011651250533759594,294,22929,0.21438632905483246,0.6386977434158325,-0.1615668386220932,0.8050656914710999,0.03106272593140602,0.625,2,127,19.794035291997716,19.793102625000756,0,1,1789187025.027461,0.0,4,0.0016886905068531632,-17.755460739135742
8.049666997976601,19.86621433298569,0.0,0.0,0.9457115530967712,,0.0064953750115819275,295,23028,0.21324604749679565,0.6400025486946106,-0.16178067028522491,0.8049259781837463,0.03103931061923504,0.625,2,128,19.866201457974967,19.86466012499295,0,1,1789187025.099628,0.0,4,0.00029256875859573483,-17.749174118041992
9.133750048931688,19.9339683749713,0.0,0.0,0.9489376544952393,,0.007858249999117106,296,23079,0.2147720456123352,0.6406635046005249,-0.16188965737819672,0.8048533201217651,0.03255898505449295,0.625,2,129,19.933954916952644,19.932692916947417,0,1,1789187025.167381,0.0,4,0.0011835668701678514,-17.745939254760742
9.703582967631519,20.000152416992933,0.0,0.0,0.9483974575996399,,0.008177957963198423,297,23180,0.2184993326663971,0.6419245600700378,-0.1620984971523285,0.8047066926956177,0.032748010009527206,0.625,2,130,20.00014341698261,19.998626832966693,0,1,1789187025.233569,0.0,4,0.0013013426214456558,-17.737667083740234
14.07112495508045,20.070945041952655,0.0,0.0,0.9482393860816956,,0.01273091696202755,298,23230,0.21795181930065155,0.6425684094429016,-0.1622048318386078,0.8046396970748901,0.032748010009527206,0.625,2,131,20.070933332957793,20.069604916963726,0,1,1789187025.304359,0.0,4,0.0014161085709929466,-17.737667083740234
15.453458996489644,20.138712291955017,0.0,0.0,0.9473536610603333,,0.014616791973821819,299,23279,0.21531875431537628,0.6431219577789307,-0.1622963845729828,0.8045846819877625,0.03274800628423691,0.625,2,132,20.138701541989576,20.137875749962404,0,1,1789187025.372127,0.0,4,0.0009799947729334235,-17.737667083740234
13.13616696279496,20.202721457986627,0.0,0.0,0.9465036392211914,,0.012007042008917779,300,23379,0.2133265733718872,0.6443414688110352,-0.16250675916671753,0.8044613599777222,0.031076248735189438,0.625,2,133,20.202709332981613,20.201592375000473,0,1,1789187025.4361348,0.0,4,0.0010152577888220549,-17.731454849243164
10.781124990899116,20.26697570795659,0.0,0.0,0.9449474811553955,,0.009706499986350536,301,23428,0.21644891798496246,0.644993245601654,-0.16261908411979675,0.804396390914917,0.030156821012496948,0.625,2,134,20.266965041984804,20.265901124977972,0,1,1789187025.500391,0.0,4,0.00042174290865659714,-17.734567642211914
18.44899996649474,20.341302832996007,0.0,0.0,0.9565787315368652,,0.016873041982762516,302,23481,0.21701082587242126,0.645663857460022,-0.16273894906044006,0.8043279647827148,0.030169768258929253,0.625,2,135,20.341291332966648,20.33972691698,0,1,1789187025.574717,0.0,4,0.0016379535663872957,-17.737985610961914
22.13791699614376,20.411871707998216,0.0,0.0,0.953936755657196,,0.020889249979518354,303,23578,0.21700787544250488,0.6468123197555542,-0.16293814778327942,0.8042121529579163,0.029537521302700043,0.625,2,136,20.411861667002086,20.410623124975245,0,1,1789187025.6452868,0.0,4,0.0019210457103326917,-17.74359893798828
20.458249957300723,20.476529124949593,0.0,0.0,0.9543056488037109,,0.019057416007854044,304,23629,0.2170068472623825,0.6474733948707581,-0.16305238008499146,0.8041447401046753,0.028860600665211678,0.625,2,137,20.476503624988254,20.475128457997926,0,1,1789187025.709931,0.0,4,0.001822044956497848,-17.745601654052734
18.329416983760893,20.541165291971993,0.0,0.0,0.9531489014625549,,0.017282333981711417,305,23679,0.2170068472623825,0.6480309963226318,-0.16314730048179626,0.8040878176689148,0.028860600665211678,0.625,2,138,20.541146666975692,20.540118291974068,0,1,1789187025.7745721,0.0,4,0.0029199798591434956,-17.745601654052734
1.4785839593969285,20.591045124980155,0.0,0.0,0.9526233673095703,,0.0003689589793793857,306,23729,0.2170068472623825,0.6486726999282837,-0.16325989365577698,0.804020345211029,0.028860600665211678,0.625,2,139,20.591033207951114,20.58993554196786,0,1,1789187025.824458,0.0,4,0.0025489020626991987,-17.745601654052734
3.1796249677427113,20.659610542003065,0.0,0.0,0.9507753252983093,,0.0018890000064857304,307,23830,0.21319466829299927,0.6498702764511108,-0.16345389187335968,0.8038975596427917,0.02910762093961239,0.625,2,140,20.659598582948092,20.658319999987725,0,1,1789187025.893024,0.0,4,0.0016141042578965425,-17.728559494018555
21.673458977602422,20.744937416980974,0.0,0.0,0.95094895362854,,0.0205939169973135,308,23878,0.20681507885456085,0.6505041122436523,-0.16355928778648376,0.8038313984870911,0.029439428821206093,0.625,2,141,20.744925499951933,20.743857999972533,0,1,1789187025.9783502,0.0,4,0.0008045991999097168,-17.70282554626465
4.912500036880374,20.794122791965492,0.0,0.0,0.9518956542015076,,0.003718000021763146,309,23928,0.2049916386604309,0.6510502099990845,-0.16364386677742004,0.8037766814231873,0.029640180990099907,0.625,2,142,20.794108791975304,20.792928332986776,0,1,1789187026.027534,0.0,4,0.0016209122259169817,-17.695146560668945
9.249166992958635,20.86551608296577,0.0,0.0,0.9544824957847595,,0.008408375026192516,310,24029,0.2133854776620865,0.652229905128479,-0.16382373869419098,0.8036608099937439,0.03145817667245865,0.625,2,143,20.86550645797979,20.864675374992657,0,1,1789187026.0989308,0.0,4,0.0021660742349922657,-17.701566696166992
16.91441604634747,20.940533499990124,0.0,0.0,0.9527653455734253,,0.01624295802321285,311,24078,0.21269482374191284,0.6528664827346802,-0.16392304003238678,0.8035984635353088,0.03167583793401718,0.625,2,144,20.940523082972504,20.939862124971114,0,1,1789187026.1739469,0.0,4,0.0015693427994847298,-17.703125
21.486375015228987,21.012042916961946,0.0,0.0,0.9486737847328186,,0.020371958031319082,312,24178,0.20507122576236725,0.6540191173553467,-0.16409341990947723,0.8034923076629639,0.03265237808227539,0.625,2,145,21.012032750004437,21.01092858298216,0,1,1789187026.245457,0.0,4,0.0019702217541635036,-17.721435546875
22.10083301179111,21.07880966697121,0.0,0.0,0.946863055229187,,0.020897458016406745,313,24228,0.20314031839370728,0.6545476913452148,-0.1641673445701599,0.8034473061561584,0.03282614052295685,0.625,2,146,21.07879437500378,21.07760637497995,0,1,1789187026.312219,0.0,4,0.0018567657098174095,-17.720687866210938
1.1178749846294522,21.124168166948948,0.0,0.0,0.9465442299842834,,0.0001425420050509274,314,24278,0.20399020612239838,0.6551790237426758,-0.16426581144332886,0.8033922910690308,0.032848481088876724,0.625,2,147,21.124156374949962,21.12319299997762,0,1,1789187026.35758,0.0,4,0.0009813127107918262,-17.72698974609375
17.291291034780443,21.20710112497909,0.0,0.0,0.946508526802063,,0.01607862504897639,315,24379,0.2076033055782318,0.6563109755516052,-0.16443854570388794,0.8033002614974976,0.03285633772611618,0.625,2,148,21.207091582997236,21.20588854199741,0,1,1789187026.440516,0.0,4,0.0015692817978560925,-17.729183197021484
20.899249997455627,21.277224457997363,0.0,0.0,0.9417145848274231,,0.019808540993835777,316,24429,0.20759978890419006,0.6568092107772827,-0.16451217234134674,0.8032620549201965,0.03285627067089081,0.625,2,149,21.277210625004955,21.276133832987398,0,1,1789187026.510635,0.0,4,0.0025564725510776043,-17.72916603088379
15.193832980003208,21.341216207947582,0.0,0.0,0.9429111480712891,,0.014131707954220474,317,24479,0.2052399069070816,0.6574339866638184,-0.16460920870304108,0.803214967250824,0.032844360917806625,0.625,2,150,21.34120487497421,21.34015412494773,0,1,1789187026.574629,0.0,4,0.0023539161775261164,-17.725852966308594
15.67870902363211,21.406542957993224,0.0,0.0,0.9427646994590759,,0.01475191698409617,318,24578,0.20381736755371094,0.6585509181022644,-0.16478785872459412,0.8031342625617981,0.032806187868118286,0.625,2,151,21.406529792002402,21.405616249947343,0,1,1789187026.6399539,0.0,4,0.0021524415351450443,-17.71518898010254
8.857708016876131,21.465989791962784,0.0,0.0,0.9409944415092468,,0.007518124999478459,319,24629,0.20042280852794647,0.6590573191642761,-0.16486391425132751,0.8030992746353149,0.03118859976530075,0.625,2,152,21.46597841696348,21.464650249981787,0,1,1789187026.699402,0.0,4,0.0018136788858100772,-17.70263671875
7.616916962433606,21.530829416995402,0.0,0.0,0.9416376352310181,,0.006494457949884236,320,24678,0.20042425394058228,0.6597033143043518,-0.16497009992599487,0.8030547499656677,0.031176410615444183,0.625,2,153,21.53081695799483,21.5297070829547,0,1,1789187026.764241,0.0,4,0.0011253298725932837,-17.698930740356445
8.331082994118333,21.598336124967318,0.0,0.0,0.9413477778434753,,0.007398332993034273,321,24730,0.2004251331090927,0.660240113735199,-0.16505691409111023,0.8030187487602234,0.031170541420578957,0.625,2,154,21.59832395799458,21.59740345797036,0,1,1789187026.831747,0.0,4,0.001296598231419921,-17.69725227355957
10.688665963243693,21.66722512495471,0.0,0.0,0.9411819577217102,,0.009888915985357016,322,24828,0.2004251331090927,0.6612573266029358,-0.16521379351615906,0.8029485940933228,0.030331898480653763,0.625,2,155,21.667214749963023,21.66642545798095,0,1,1789187026.9006379,0.0,4,0.0008021192043088377,-17.69725227355957
11.99499994982034,21.73508266697172,0.0,0.0,0.943080723285675,,0.010812708991579711,323,24879,0.19859039783477783,0.661916971206665,-0.16531148552894592,0.8028970956802368,0.02975953370332718,0.625,2,156,21.735069666989148,21.733900416991673,0,1,1789187026.968493,0.0,4,0.001739252358675003,-17.689821243286133
11.395832989364862,21.800581832998432,0.0,0.0,0.9440585970878601,,0.009712915983982384,324,24929,0.20110873878002167,0.6624835729598999,-0.1653970330953598,0.8028559684753418,0.02977016568183899,0.625,2,157,21.800551374966744,21.798899207962677,0,1,1789187027.033977,0.0,4,0.0014722164487466216,-17.69287109375
10.851208993699402,21.867097832961008,0.0,0.0,0.9425552487373352,,0.009670250001363456,325,25029,0.20720906555652618,0.6635960936546326,-0.16555389761924744,0.8027868866920471,0.029848642647266388,0.625,2,158,21.867088500002865,21.865916957962327,0,1,1789187027.100511,0.0,4,0.0002216756111010909,-17.691720962524414
8.8839580421336,21.931888374965638,0.0,0.0,0.9437063932418823,,0.007394750020466745,326,25079,0.20738564431667328,0.6641773581504822,-0.16562707722187042,0.802754282951355,0.03169956058263779,0.625,2,159,21.931873416993767,21.930399291974027,0,1,1789187027.165296,0.0,4,0.0014926493167877197,-17.694841384887695
13.741917035076767,22.004267832962796,0.0,0.0,0.9418649673461914,,0.012484875041991472,327,25136,0.20509514212608337,0.6647714972496033,-0.165702685713768,0.8027209043502808,0.035320453345775604,0.625,2,160,22.00425533298403,22.003010832995642,0,1,1789187027.237678,0.0,4,0.0020820582285523415,-17.69100570678711
21.149042004253715,22.078233874985017,0.0,0.0,0.9367560148239136,,0.01988154201535508,328,25228,0.19736014306545258,0.6657501459121704,-0.16582223773002625,0.8026642203330994,0.03592792525887489,0.625,2,161,22.078224291966762,22.076966541993897,0,1,1789187027.311647,0.0,4,0.0022596982307732105,-17.69667625427246
25.777916016522795,22.149715124978684,0.0,0.0,0.9337606430053711,,0.0242629160056822,329,25279,0.19452042877674103,0.6663107872009277,-0.1658875048160553,0.8026248216629028,0.035936664789915085,0.625,2,162,22.149703249975573,22.148200207971968,0,1,1789187027.383126,0.0,4,0.0023813401348888874,-17.699230194091797
2.887084032408893,22.193686499958858,0.0,0.0,0.9331578016281128,,0.0017827090341597795,330,25329,0.19109617173671722,0.6668450832366943,-0.16595087945461273,0.8025889992713928,0.0360148586332798,0.625,2,163,22.193672416964546,22.19258216698654,0,1,1789187027.427095,0.0,4,0.0017293187556788325,-17.685293197631836
4.838666005525738,22.26186400000006,0.0,0.0,0.9334260821342468,,0.0036993329995311797,331,25378,0.18936875462532043,0.6673866510391235,-0.16601504385471344,0.8025580048561096,0.03534700721502304,0.625,2,164,22.261854416981805,22.26072474999819,0,1,1789187027.4952772,0.0,4,0.0015676369657739997,-17.678382873535156
8.315166982356459,22.331861249986105,0.0,0.0,0.9319395422935486,,0.007164707989431918,332,25481,0.18763786554336548,0.6684532165527344,-0.16612963378429413,0.802506148815155,0.03536598011851311,0.625,2,165,22.33185074996436,22.330710832960904,0,1,1789187027.565273,0.0,4,0.0015293757896870375,-17.67267608642578
12.37162499455735,22.402916249993723,0.0,0.0,0.9338254332542419,,0.011171833029948175,333,25530,0.19057293236255646,0.6690462827682495,-0.1661938577890396,0.8024777173995972,0.035377852618694305,0.625,2,166,22.402903291978873,22.401716499996837,0,1,1789187027.6363258,0.0,4,0.0035353493876755238,-17.67628288269043
11.024042032659054,22.46751037496142,0.0,0.0,0.9353171586990356,,0.0073785000131465495,334,25579,0.19345661997795105,0.6695315837860107,-0.16623973846435547,0.8024487495422363,0.036875564604997635,0.625,2,167,22.467495916993357,22.463864957971964,0,1,1789187027.700918,0.0,4,0.002671364229172468,-17.67890739440918
17.840458021964878,22.540859500004444,0.0,0.0,0.9336771368980408,,0.01667462504701689,335,25678,0.19287103414535522,0.6706125736236572,-0.16633841395378113,0.802382230758667,0.039640724658966064,0.625,2,168,22.540848707954865,22.539693792001344,0,1,1789187027.774271,0.0,4,0.0025390195660293102,-17.681167602539062
18.038749985862523,22.607791041955352,0.0,0.0,0.9300260543823242,,0.01682433398673311,336,25728,0.19111154973506927,0.6711885929107666,-0.1663951277732849,0.8023526668548584,0.03968033567070961,0.625,2,169,22.60777966695605,22.60657679196447,0,1,1789187027.841202,0.0,4,0.002138115931302309,-17.67765998840332
20.364707976114005,22.677190291986335,0.0,0.0,0.9310529232025146,,0.019295541977044195,337,25828,0.192107155919075,0.6722504496574402,-0.16649207472801208,0.8023075461387634,0.0416630282998085,0.625,2,170,22.677180791972205,22.67612116696546,0,1,1789187027.910602,0.0,4,0.0019906158559024334,-17.68376350402832
25.905959017109126,22.749545291997492,0.0,0.0,0.9322745203971863,,0.02453850000165403,338,25878,0.1951572299003601,0.6728039383888245,-0.16654106974601746,0.8022810220718384,0.04165668040513992,0.625,2,171,22.749515374947805,22.748177957953885,0,1,1789187027.982954,0.0,4,0.0022046519443392754,-17.685806274414062
2.605792018584907,22.79281945800176,0.0,0.0,0.9321640729904175,,0.0013879169709980488,339,25929,0.19681823253631592,0.6733409762382507,-0.16659073531627655,0.8022481203079224,0.04165669158101082,0.625,2,172,22.79280541697517,22.791601666947827,0,1,1789187028.026227,0.0,4,0.0019521666690707207,-17.685810089111328
7.1269169566221535,22.86396770796273,0.0,0.0,0.9290838837623596,,0.0061626669485121965,340,25979,0.19571468234062195,0.6738747358322144,-0.16664136946201324,0.8022144436836243,0.04165669158101082,0.625,2,173,22.86395441700006,22.863003541948274,0,1,1789187028.097376,0.0,4,0.0022411434911191463,-17.685810089111328
12.683832959737629,22.936347999959253,0.0,0.0,0.9336140155792236,,0.011516874947119504,341,26078,0.19071276485919952,0.6748901009559631,-0.16673949360847473,0.8021687269210815,0.04173348471522331,0.625,2,174,22.936338041967247,22.93518112495076,0,1,1789187028.169759,0.0,4,0.0019132976885885,-17.67913246154785
17.458332993555814,23.00805791700259,0.0,0.0,0.9342384338378906,,0.016297458030749112,342,26128,0.1907222718000412,0.6754122376441956,-0.16679437458515167,0.8021484017372131,0.041454728692770004,0.625,2,175,23.00804883299861,23.0068971249857,0,1,1789187028.2414699,0.0,4,0.0012462007580325007,-17.672372817993164
19.704915990587324,23.07630070799496,0.0,0.0,0.9332741498947144,,0.01810991601087153,343,26229,0.19368286430835724,0.676460325717926,-0.1669061779975891,0.8021008968353271,0.038549844175577164,0.625,2,176,23.076290707977023,23.074705832987092,0,1,1789187028.309712,0.0,4,0.0014285892248153687,-17.67237663269043
21.330750023480505,23.14430987497326,0.0,0.0,0.9326751232147217,,0.019804749987088144,344,26279,0.19146475195884705,0.6769177913665771,-0.166950985789299,0.8020746111869812,0.03860261291265488,0.625,2,177,23.144298625004012,23.1427839169628,0,1,1789187028.37772,0.0,4,0.0013506272807717323,-17.6657657623291
18.433584016747773,23.208800499967765,0.0,0.0,0.9352844953536987,,0.017316750017926097,345,26329,0.1885138750076294,0.6774788498878479,-0.16701152920722961,0.8020412921905518,0.03860261291265488,0.625,2,178,23.20878708298551,23.207683707994875,0,1,1789187028.442208,0.0,4,0.0020775427110493183,-17.66576385498047
2.7976250275969505,23.25992379197851,0.0,0.0,0.9350963234901428,,0.0014313330175355077,346,26379,0.18685077130794525,0.6779997944831848,-0.16706803441047668,0.8020175099372864,0.03691877797245979,0.625,2,179,23.2599104999681,23.25855758297257,0,1,1789187028.493331,0.0,4,0.002435780595988035,-17.659099578857422
4.253833030816168,23.32724083296489,0.0,0.0,0.9351213574409485,,0.0029205000028014183,347,26478,0.1881638765335083,0.6789914965629578,-0.1671665906906128,0.8019822835922241,0.0369344986975193,0.625,2,180,23.327224499953445,23.325907541962806,0,1,1789187028.560645,0.0,4,0.003445776179432869,-17.66398811340332
5.62029198044911,23.395403082948178,0.0,0.0,0.9395038485527039,,0.004316459002438933,348,26528,0.18764187395572662,0.6795315742492676,-0.16721998155117035,0.8019610643386841,0.03693820908665657,0.625,2,181,23.39539033296751,23.3940992919961,0,1,1789187028.6288111,0.0,4,0.00311943213455379,-17.66088104248047
1.1005419655703008,23.45764729200164,0.0,0.0,0.9417209029197693,,0.00010725000174716115,349,26579,0.18763971328735352,0.680069625377655,-0.16727277636528015,0.8019314408302307,0.03694920614361763,0.625,2,182,23.457635832950473,23.456654082983732,0,1,1789187028.691056,0.0,4,0.003008701838552952,-17.664236068725586
3.673541999887675,23.52679954195628,0.0,0.0,0.9464928507804871,,0.0025383749743923545,350,26679,0.18763679265975952,0.6809952855110168,-0.16734956204891205,0.8018824458122253,0.03696412593126297,0.625,2,183,23.52678766695317,23.52566449996084,0,1,1789187028.760208,0.0,4,0.0027529331855475903,-17.668792724609375
3.2484999974258244,23.59313429199392,0.0,0.0,0.9514124393463135,,0.0020033749751746655,351,26728,0.18890762329101562,0.6815442442893982,-0.1673928201198578,0.8018609881401062,0.03922395035624504,0.625,2,184,23.59312058298383,23.591889249975793,0,1,1789187028.826541,0.0,4,0.0031265802681446075,-17.668792724609375
1.2920409790240228,23.657974166970234,0.0,0.0,0.9505496025085449,,2.5457993615418673e-05,352,26778,0.18728618323802948,0.6820432543754578,-0.1674301028251648,0.8018439412117004,0.04107815399765968,0.625,2,185,23.65796166699147,23.65670762496302,0,1,1789187028.891382,0.0,4,0.0033673697616904974,-17.662240982055664
1.4553340151906013,23.72503620799398,0.0,0.0,0.9506067037582397,,0.00026879197685047984,353,26829,0.18728618323802948,0.682555079460144,-0.1674688160419464,0.8018268942832947,0.041078440845012665,0.625,2,186,23.72502308298135,23.723849749949295,0,1,1789187028.958443,0.0,4,0.003579935757443309,-17.662240982055664
3.990249999333173,23.793500749976374,0.0,0.0,0.9516944289207458,,0.002174624998588115,354,26929,0.18402260541915894,0.6835853457450867,-0.16754098236560822,0.8017730712890625,0.04107584431767464,0.625,2,187,23.793488291965332,23.791685207979754,0,1,1789187029.026908,0.0,4,0.0030683400109410286,-17.65566635131836
25.833958003204316,23.882447457988746,0.0,0.0,0.9497379660606384,,0.02445545798400417,355,27028,0.17980842292308807,0.6845019459724426,-0.16760417819023132,0.8017294406890869,0.042554739862680435,0.625,2,188,23.882435416977387,23.88106920797145,0,1,1789187029.1158552,0.0,4,0.003908615093678236,-17.65316390991211
7.301166013348848,23.93098879198078,0.0,0.0,0.9489384293556213,,0.006136875017546117,356,27078,0.1798059493303299,0.6850168108940125,-0.16764280200004578,0.8017124533653259,0.042565274983644485,0.625,2,189,23.930977541953325,23.929824666993227,0,1,1789187029.164397,0.0,4,0.004032802768051624,-17.656517028808594
11.993583000730723,24.00205804198049,0.0,0.0,0.9495038390159607,,0.010595207975711673,357,27128,0.1798047572374344,0.6854763031005859,-0.1676730066537857,0.8016985058784485,0.04257030040025711,0.625,2,190,24.00204762496287,24.000659749959596,0,1,1789187029.235467,0.0,4,0.004260300192981958,-17.65812110900879
10.916416998952627,24.067417874990497,0.0,0.0,0.946906328201294,,0.009799209015909582,358,27178,0.1798047572374344,0.6859724521636963,-0.16771170496940613,0.8016811013221741,0.04257030412554741,0.625,2,191,24.06740495795384,24.0663007919793,0,1,1789187029.300825,0.0,4,0.0029978167731314898,-17.65812110900879
16.585082979872823,24.139746999950148,0.0,0.0,0.9488014578819275,,0.01551879197359085,359,27279,0.18234093487262726,0.6869384050369263,-0.16779208183288574,0.801628828048706,0.04261061176657677,0.625,2,192,24.13973666698439,24.13868079194799,0,1,1789187029.373156,0.0,4,0.004069682210683823,-17.651756286621094
14.804999984335154,24.20480091695208,0.0,0.0,0.9474958181381226,,0.013581792009063065,360,27329,0.18233495950698853,0.6874322891235352,-0.1678319275379181,0.8016078472137451,0.04014791548252106,0.625,2,193,24.20479087496642,24.203577791980933,0,1,1789187029.43821,0.0,4,0.004270332865417004,-17.651756286621094
15.325166983529925,24.272048374987207,0.0,0.0,0.9469401836395264,,0.014150500006508082,361,27378,0.18233494460582733,0.6878795623779297,-0.167871356010437,0.801592230796814,0.0401449054479599,0.625,2,194,24.272034999972675,24.27087374997791,0,1,1789187029.505454,0.0,4,0.004523882642388344,-17.651756286621094
14.335874991957098,24.3375743329525,0.0,0.0,0.9486850500106812,,0.013352542009670287,362,27478,0.180703267455101,0.6887895464897156,-0.16794875264167786,0.8015650510787964,0.038527365773916245,0.625,2,195,24.33756245794939,24.336591041996144,0,1,1789187029.570981,0.0,4,0.004971190355718136,-17.652687072753906
12.86754198372364,24.402735041978303,0.0,0.0,0.9479715824127197,,0.011825708963442594,363,27529,0.17679499089717865,0.6892671585083008,-0.16798603534698486,0.8015430569648743,0.03822126239538193,0.625,2,196,24.40272183297202,24.401693291962147,0,1,1789187029.636141,0.0,4,0.004692579619586468,-17.655038833618164
14.567292004358023,24.471153374994174,0.0,0.0,0.9475278258323669,,0.013065250008367002,364,27579,0.17437301576137543,0.689757227897644,-0.16802722215652466,0.8015150427818298,0.037494439631700516,0.625,2,197,24.47113908297615,24.469651583000086,0,1,1789187029.7045581,0.0,4,0.004703875165432692,-17.6550350189209
13.467125012539327,24.53692924999632,0.0,0.0,0.9487561583518982,,0.012314833991695195,365,27678,0.17437250912189484,0.6906149983406067,-0.1680898368358612,0.8014802932739258,0.03749443590641022,0.625,2,198,24.53691779199289,24.5357770419796,0,1,1789187029.770337,0.0,4,0.004771866369992495,-17.6550350189209
19.91074997931719,24.609905332967173,0.0,0.0,0.9469066262245178,,0.01847004098817706,366,27728,0.17437250912189484,0.6910979151725769,-0.1681213080883026,0.8014674186706543,0.03749443590641022,0.625,2,199,24.609891457948834,24.608464707969688,0,1,1789187029.84331,0.0,4,0.004953733179718256,-17.6550350189209
22.126374999061227,24.679025541990995,0.0,0.0,0.9484829306602478,,0.020726874994579703,367,27782,0.17177394032478333,0.6916018128395081,-0.16815489530563354,0.8014544248580933,0.03754717484116554,0.625,2,200,24.679014166991692,24.67762612499064,0,1,1789187029.912433,0.0,4,0.004623214714229107,-17.64849090576172
24.645459023304284,24.74811254197266,0.0,0.0,0.9481306672096252,,0.023232791980262846,368,27879,0.16610431671142578,0.6924506425857544,-0.16820618510246277,0.8014164566993713,0.04072069749236107,0.625,2,201,24.748094374954235,24.746699999959674,0,1,1789187029.981513,0.0,4,0.0045492504723370075,-17.629615783691406
4.311166994739324,24.794258957961574,0.0,0.0,0.9472441077232361,,0.0031637089559808373,369,27928,0.16640138626098633,0.6929299831390381,-0.16823528707027435,0.8013923168182373,0.040714580565690994,0.625,2,202,24.794246374978684,24.793111541948747,0,1,1789187030.027665,0.0,4,0.004770494066178799,-17.62356948852539
3.843582991976291,24.860741457960103,0.0,0.0,0.9485764503479004,,0.002425541984848678,370,27982,0.1716962456703186,0.693440854549408,-0.1682686060667038,0.801374077796936,0.04071430861949921,0.625,2,203,24.86072995798895,24.85932354198303,0,1,1789187030.0941482,0.0,4,0.005091077648103237,-17.61874771118164
8.425041974987835,24.932164416997693,0.0,0.0,0.9474318623542786,,0.007411958009470254,371,28028,0.1736627221107483,0.6938534379005432,-0.16829416155815125,0.8013638854026794,0.0407227985560894,0.625,2,204,24.932152749970555,24.931151458004024,0,1,1789187030.165571,0.0,4,0.005048174876719713,-17.621559143066406
8.46149999415502,24.998726749967318,0.0,0.0,0.9495177865028381,,0.007395958004053682,372,28130,0.17052003741264343,0.6947630643844604,-0.16834679245948792,0.8013400435447693,0.04172682762145996,0.625,2,205,24.998716166999657,24.997661250003148,0,1,1789187030.2321339,0.0,4,0.00496968999505043,-17.622207641601562
8.532667008694261,25.06616387498798,0.0,0.0,0.9508546590805054,,0.007198750041425228,373,28178,0.17080159485340118,0.6952016949653625,-0.16837304830551147,0.8013206720352173,0.041756730526685715,0.625,2,206,25.06615166697884,25.064830082992557,0,1,1789187030.2995698,0.0,4,0.005500030238181353,-17.625036239624023
8.279917004983872,25.13271249999525,0.0,0.0,0.950647234916687,,0.007225375040434301,374,28228,0.17409028112888336,0.695671021938324,-0.16840438544750214,0.8012964129447937,0.041786495596170425,0.625,2,207,25.132701582973823,25.131657999998424,0,1,1789187030.366119,0.0,4,0.005945311859250069,-17.63492774963379
8.406041946727782,25.198971707955934,0.0,0.0,0.9392077326774597,,0.007116124965250492,375,28328,0.17466656863689423,0.6965571641921997,-0.16846348345279694,0.8012675642967224,0.04186629876494408,0.625,2,208,25.198958374967333,25.19768187496811,0,1,1789187030.4323761,0.0,4,0.006221238058060408,-17.644556045532227
8.635999984107912,25.265332249982748,0.0,0.0,0.9388958215713501,,0.007596292009111494,376,28378,0.17466388642787933,0.6969614624977112,-0.16849178075790405,0.8012585043907166,0.04187742620706558,0.625,2,209,25.265319791971706,25.264292749983724,0,1,1789187030.4987369,0.0,4,0.0064312489703297615,-17.648210525512695
13.440000009723008,25.33677195798373,0.0,0.0,0.9381274580955505,,0.012389249983243644,377,28478,0.1717275083065033,0.6978252530097961,-0.16856159269809723,0.8012329936027527,0.03904922679066658,0.625,2,210,25.336759625002742,25.33572137495503,0,1,1789187030.570177,0.0,4,0.007118199951946735,-17.649024963378906
17.132208973634988,25.40744799998356,0.0,0.0,0.9329262375831604,,0.016077541979029775,378,28528,0.17172862589359283,0.6982811689376831,-0.16859835386276245,0.8012109994888306,0.038605235517024994,0.625,2,211,25.407434916996863,25.40639337495668,0,1,1789187030.640852,0.0,4,0.006920463405549526,-17.64735984802246
9.270749986171722,25.466148624953348,0.0,0.0,0.9430723786354065,,0.008019874978344887,379,28579,0.16948573291301727,0.6987339854240417,-0.1686384230852127,0.8011889457702637,0.03759654983878136,0.625,2,212,25.4661351669929,25.464897832949646,0,1,1789187030.699552,0.0,4,0.006230820436030626,-17.63784408569336
8.98070796392858,25.53229433298111,0.0,0.0,0.9434656500816345,,0.00751341599971056,380,28629,0.16680218279361725,0.6991236805915833,-0.1686694473028183,0.8011783361434937,0.037427280098199844,0.625,2,213,25.53228174999822,25.530827082984615,0,1,1789187030.7656991,0.0,4,0.005962562747299671,-17.63515853881836
8.729792025405914,25.598891874949913,0.0,0.0,0.9450372457504272,,0.007558083045296371,381,28728,0.1633312702178955,0.6999636888504028,-0.1687375009059906,0.8011608719825745,0.03592831268906593,0.625,2,214,25.59888054197654,25.597720207995735,0,1,1789187030.832298,0.0,4,0.0058445255272090435,-17.617467880249023
15.221666020806879,25.671966666996013,0.0,0.0,0.9419702887535095,,0.013913583010435104,382,28780,0.1618729680776596,0.7004125714302063,-0.1687735915184021,0.8011493682861328,0.03590516000986099,0.625,2,215,25.67195166699821,25.670658624963835,0,1,1789187030.905369,0.0,4,0.00588191207498312,-17.610881805419922
12.680500047281384,25.736148457974195,0.0,0.0,0.9413183927536011,,0.011641208024229854,383,28829,0.16528582572937012,0.7008503079414368,-0.16881032288074493,0.8011302351951599,0.03590516000986099,0.625,2,216,25.73613591695903,25.735109207977075,0,1,1789187030.969553,0.0,4,0.0052485051564872265,-17.610883712768555
17.761416966095567,25.807822791975923,0.0,0.0,0.9428077936172485,,0.016601999988779426,384,28929,0.16935686767101288,0.7016100287437439,-0.16885899007320404,0.8010980486869812,0.03591999411582947,0.625,2,217,25.807810707949102,25.80666358297458,0,1,1789187031.041227,0.0,4,0.004667756613343954,-17.61593246459961
1.117291976697743,25.85808779200306,0.0,0.0,0.9392330646514893,,7.483398076146841e-05,385,28978,0.16849291324615479,0.7020934820175171,-0.16888917982578278,0.8010861277580261,0.03594270721077919,0.625,2,218,25.858076374977827,25.857045416953042,0,1,1789187031.0914931,0.0,4,0.005900567397475243,-17.623619079589844
2.2469579707831144,25.925735541968606,0.0,0.0,0.934756338596344,,0.0011357079492881894,386,29029,0.1652059704065323,0.7024527192115784,-0.1689050793647766,0.8010801076889038,0.03696855157613754,0.625,2,219,25.925722749962006,25.924624374951236,0,1,1789187031.1591392,0.0,4,0.006707851774990559,-17.628618240356445
4.093500028830022,25.994185749965254,0.0,0.0,0.9212677478790283,,0.002806000004056841,387,29129,0.1616753786802292,0.7032363414764404,-0.16893897950649261,0.8010615706443787,0.03892487287521362,0.625,2,220,25.99417345796246,25.992898291966412,0,1,1789187031.2275898,0.0,4,0.0069432430900633335,-17.63836097717285
5.763749999459833,26.062719207955524,0.0,0.0,0.920842170715332,,0.004694707982707769,388,29179,0.16167399287223816,0.7036750316619873,-0.1689571589231491,0.8010427951812744,0.038930635899305344,0.625,2,221,26.062707582954317,26.061650207964703,0,1,1789187031.296124,0.0,4,0.007351200096309185,-17.64040184020996
7.535582990385592,26.13114770798711,0.0,0.0,0.9220331907272339,,0.0061554170097224414,389,29229,0.16167399287223816,0.7040752172470093,-0.16897211968898773,0.8010249137878418,0.039398714900016785,0.625,2,222,26.131131874979474,26.129767666978296,0,1,1789187031.3645482,0.0,4,0.007554120849817991,-17.64040184020996
9.672875050455332,26.19971474999329,0.0,0.0,0.9389309287071228,,0.008583084039855748,390,29328,0.16153696179389954,0.7049089670181274,-0.16900460422039032,0.8010057806968689,0.04084111005067825,0.625,2,223,26.19970454199938,26.198625041986816,0,1,1789187031.433121,0.0,4,0.00658402731642127,-17.63715171813965
12.89220794569701,26.26979220798239,0.0,0.0,0.937048614025116,,0.011753707949537784,391,29378,0.1590442955493927,0.7052757143974304,-0.16901570558547974,0.8010004758834839,0.040834441781044006,0.625,2,224,26.269781166978646,26.268653749953955,0,1,1789187031.503197,0.0,4,0.006346116773784161,-17.634647369384766
14.684124966152012,26.3382096249843,0.0,0.0,0.9342139363288879,,0.013376332994084805,392,29428,0.15891681611537933,0.7056896090507507,-0.16903403401374817,0.8009929060935974,0.04081659018993378,0.625,2,225,26.338199332996737,26.336901874979958,0,1,1789187031.571615,0.0,4,0.006128387525677681,-17.628211975097656
15.02275001257658,26.405021541984752,0.0,0.0,0.9346678853034973,,0.013887125009205192,393,29528,0.156976118683815,0.7064824104309082,-0.1690746694803238,0.8009584546089172,0.040796320885419846,0.625,2,226,26.405010666989256,26.403885957959574,0,1,1789187031.6384268,0.0,4,0.005743132904171944,-17.620878219604492
12.921209039632231,26.46967387496261,0.0,0.0,0.9439923763275146,,0.011931417044252157,394,29579,0.15694324672222137,0.7069032788276672,-0.16909900307655334,0.8009449243545532,0.04078971967101097,0.625,2,227,26.469661624985747,26.46868412499316,0,1,1789187031.703077,0.0,4,0.007377380505204201,-17.618467330932617
12.514375033788383,26.535918874957133,0.0,0.0,0.9453190565109253,,0.011230791045818478,395,29628,0.15694324672222137,0.7072769403457642,-0.16912366449832916,0.800938606262207,0.04078972339630127,0.625,2,228,26.53590749995783,26.534635332995094,0,1,1789187031.769323,0.0,4,0.006758233066648245,-17.618471145629883
17.488916986621916,26.607622082985472,0.0,0.0,0.9466515779495239,,0.016341499984264374,396,29728,0.156943216919899,0.7080365419387817,-0.16918227076530457,0.8009292483329773,0.036043357104063034,0.625,2,229,26.60761162498966,26.60647474997677,0,1,1789187031.841027,0.0,4,0.006786716636270285,-17.61847686767578
17.600832972675562,26.674487124953885,0.0,0.0,0.9476190209388733,,0.016735417011659592,397,29779,0.15780189633369446,0.7084616422653198,-0.1692163646221161,0.8009156584739685,0.03605516627430916,0.625,2,230,26.674475457984954,26.673621791996993,0,1,1789187031.907891,0.0,4,0.006193655543029308,-17.61847496032715
18.17454199772328,26.74175716697937,0.0,0.0,0.9461590051651001,,0.017079667013604194,398,29829,0.16097506880760193,0.7088691592216492,-0.16925223171710968,0.8008991479873657,0.03605516999959946,0.625,2,231,26.74174349999521,26.740662416967098,0,1,1789187031.975159,0.0,4,0.006545357871800661,-17.61847686767578
25.192792003508657,26.815289499994833,0.0,0.0,0.9475839138031006,,0.02397545799612999,399,29929,0.16189685463905334,0.7096826434135437,-0.16933009028434753,0.8008769750595093,0.03511778637766838,0.625,2,232,26.81527795799775,26.814072207955178,0,1,1789187032.048693,0.0,4,0.006934402044862509,-17.61847686767578
5.193291988689452,26.862029124982655,0.0,0.0,0.945888876914978,,0.0038152079796418548,400,29979,0.16189688444137573,0.7100592255592346,-0.16936224699020386,0.8008730411529541,0.032784558832645416,0.625,2,233,26.862017416977324,26.860651207971387,0,1,1789187032.095433,0.0,4,0.007800147868692875,-17.618478775024414
5.32887497683987,26.92902016697917,0.0,0.0,0.9457360506057739,,0.0038666250184178352,401,30029,0.16189686954021454,0.710443913936615,-0.16939890384674072,0.8008690476417542,0.032799530774354935,0.625,2,234,26.929006541962735,26.927557957998943,0,1,1789187032.162422,0.0,4,0.007920369505882263,-17.618478775024414
4.78849996579811,26.995139291975647,0.0,0.0,0.9466990828514099,,0.0036553749814629555,402,30080,0.16189686954021454,0.7108291983604431,-0.16943512856960297,0.8008593320846558,0.032799530774354935,0.625,2,235,26.995125541987363,26.994006207969505,0,1,1789187032.22854,0.0,4,0.007788253482431173,-17.618478775024414
2.97895900439471,27.06453833298292,0.0,0.0,0.9456799030303955,,0.0011403340031392872,403,30179,0.15878169238567352,0.7116303443908691,-0.16950757801532745,0.8008278608322144,0.032799527049064636,0.625,2,236,27.06452391698258,27.06269979197532,0,1,1789187032.297939,0.0,4,0.007530116476118565,-17.618480682373047
4.283375048544258,27.131811457977165,0.0,0.0,0.9449791312217712,,0.002734542009420693,404,30229,0.15831977128982544,0.7120169401168823,-0.1695406287908554,0.8008202314376831,0.03279952332377434,0.625,2,237,27.131794666987844,27.130262666963972,0,1,1789187032.365209,0.0,4,0.007698078639805317,-17.618478775024414
7.129417033866048,27.201159957970958,0.0,0.0,0.9448665976524353,,0.005652541993185878,405,30328,0.15831977128982544,0.7127964496612549,-0.16960762441158295,0.8008139133453369,0.03279952332377434,0.625,2,238,27.201150457956828,27.19968312495621,0,1,1789187032.434565,0.0,4,0.00833457987755537,-17.618478775024414
5.442625028081238,27.265758416964673,0.0,0.0,0.9450415968894958,,0.004313834011554718,406,30378,0.15831977128982544,0.7132324576377869,-0.16964294016361237,0.8008049130439758,0.03279952332377434,0.625,2,239,27.265745291952044,27.264629666984547,0,1,1789187032.49916,0.0,4,0.007898513227701187,-17.618478775024414
8.69849999435246,27.334901207999792,0.0,0.0,0.9459865689277649,,0.007376792025752366,407,30428,0.15832288563251495,0.7135958671569824,-0.1696702241897583,0.8007924556732178,0.033358585089445114,0.625,2,240,27.334889041958377,27.33357962500304,0,1,1789187032.568303,0.0,4,0.007966697216033936,-17.618478775024414
11.197959014680237,27.404307749995496,0.0,0.0,0.9457728266716003,,0.00989708403358236,408,30529,0.16240793466567993,0.7144116759300232,-0.16973720490932465,0.8007655739784241,0.03428973630070686,0.625,2,241,27.404297542001586,27.40300691698212,0,1,1789187032.6377118,0.0,4,0.007534424774348736,-17.618480682373047
7.355250010732561,27.465186124958564,0.0,0.0,0.9447816014289856,,0.006144375016447157,409,30579,0.16239751875400543,0.7148256897926331,-0.16976973414421082,0.8007611632347107,0.035342905670404434,0.625,2,242,27.4651738749817,27.463975374994334,0,1,1789187032.698588,0.0,4,0.006790398620069027,-17.6157169342041
11.069917003624141,27.534216332947835,0.0,0.0,0.9453518390655518,,0.009867375018075109,410,30628,0.16239942610263824,0.71522456407547,-0.16980406641960144,0.8007586598396301,0.03533407300710678,0.625,2,243,27.534195499960333,27.533013832988217,0,1,1789187032.76761,0.0,4,0.0062624020501971245,-17.61260414123535
10.904374998062849,27.60115316696465,0.0,0.0,0.9358848333358765,,0.00995645800139755,411,30678,0.16294865310192108,0.7156323194503784,-0.1698412150144577,0.8007541298866272,0.0353250689804554,0.625,2,244,27.601140082988422,27.60020537499804,0,1,1789187032.8345542,0.0,4,0.006207975093275309,-17.609426498413086
11.57541701104492,27.668641124968417,0.0,0.0,0.9265023469924927,,0.01064804196357727,412,30778,0.1634710133075714,0.7164033651351929,-0.16991429030895233,0.8007279634475708,0.03531660884618759,0.625,2,245,27.668628541985527,27.667713874951005,0,1,1789187032.9020422,0.0,4,0.00780476676300168,-17.606460571289062
13.652416004333645,27.73714562499663,0.0,0.0,0.9261242151260376,,0.012344665999989957,413,30829,0.1634710133075714,0.7167993783950806,-0.1699572503566742,0.8007152676582336,0.03531660884618759,0.625,2,246,27.737132416979875,27.73583795799641,0,1,1789187032.970546,0.0,4,0.008535416796803474,-17.606460571289062
12.267749989405274,27.802532124973368,0.0,0.0,0.9249638319015503,,0.011292917013633996,414,30879,0.1621442586183548,0.7171531915664673,-0.16999639570713043,0.8007109761238098,0.035316601395606995,0.625,2,247,27.80251824995503,27.80155737500172,0,1,1789187033.0359318,0.0,4,0.008260593749582767,-17.606460571289062
14.356459025293589,27.87142804195173,0.0,0.0,0.9259671568870544,,0.013455500011332333,415,30980,0.15596811473369598,0.7179451584815979,-0.17009282112121582,0.8007065653800964,0.029485849663615227,0.625,2,248,27.871417874994222,27.870527207967825,0,1,1789187033.104831,0.0,4,0.008138131350278854,-17.60645294189453
14.880666974931955,27.93856566696195,0.0,0.0,0.9232432842254639,,0.013578041980508715,416,31029,0.1559939831495285,0.718315064907074,-0.1701408326625824,0.800696849822998,0.02872958593070507,0.625,2,249,27.938552832987625,27.93726312497165,0,1,1789187033.1719658,0.0,4,0.008036178536713123,-17.60645294189453
19.474083033856004,28.010095666977577,0.0,0.0,0.9313524961471558,,0.018570250016637146,417,31128,0.1588449478149414,0.7190181612968445,-0.1702338308095932,0.8006711602210999,0.02872958593070507,0.625,2,250,28.010082457971293,28.009191916964483,0,1,1789187033.243496,0.0,4,0.008122045546770096,-17.60645294189453
25.766167032998055,28.08306608296698,0.0,0.0,0.9301380515098572,,0.024175417027436197,418,31178,0.15761347115039825,0.7194101810455322,-0.17028746008872986,0.8006657958030701,0.028729582205414772,0.625,2,251,28.083041041973047,28.081475624989253,0,1,1789187033.3164558,0.0,4,0.006868060678243637,-17.60645294189453
4.973875009454787,28.128751916985493,0.0,0.0,0.9347818493843079,,0.0038442499935626984,419,31229,0.15345101058483124,0.7197884917259216,-0.17034146189689636,0.8006642460823059,0.028729578480124474,0.625,2,252,28.12874145800015,28.127622374973726,0,1,1789187033.362154,0.0,4,0.006289467215538025,-17.60645294189453
8.098624995909631,28.198498166981153,0.0,0.0,0.9332900643348694,,0.007228666043374687,420,31279,0.15186262130737305,0.720130980014801,-0.17039063572883606,0.800662636756897,0.028729582205414772,0.625,2,253,28.19848879199708,28.197628333000466,0,1,1789187033.431901,0.0,4,0.005296699702739716,-17.60645294189453
9.63812496047467,28.266673457983416,0.0,0.0,0.9306933283805847,,0.008624374982900918,421,31379,0.15672887861728668,0.7208511233329773,-0.17049956321716309,0.800644040107727,0.02482212521135807,0.625,2,254,28.26666241697967,28.26565983297769,0,1,1789187033.500075,0.0,4,0.005469638854265213,-17.6064510345459
17.233666963875294,28.341073791962117,0.0,0.0,0.9312462210655212,,0.015978208975866437,422,31429,0.15743498504161835,0.7212564945220947,-0.17056381702423096,0.8006290197372437,0.024923833087086678,0.625,2,255,28.34106162498938,28.339818416978233,0,1,1789187033.574474,0.0,4,0.004998703952878714,-17.598438262939453
15.342624974437058,28.406082791974768,0.0,0.0,0.9284966588020325,,0.01415858295513317,423,31528,0.15202714502811432,0.7219617366790771,-0.17067305743694305,0.8006210327148438,0.025011058896780014,0.625,2,256,28.40606820798712,28.40489883295959,0,1,1789187033.639481,0.0,4,0.005410028155893087,-17.588390350341797
15.639666002243757,28.472621708002407,0.0,0.0,0.9311657547950745,,0.01414645800832659,424,31579,0.1518167406320572,0.722296416759491,-0.17072148621082306,0.8006200194358826,0.025011057034134865,0.625,2,257,28.472609957971144,28.471128624980338,0,1,1789187033.706023,0.0,4,0.006021065637469292,-17.588390350341797
14.552125008776784,28.53811279195361,0.0,0.0,0.9342731833457947,,0.013141458970494568,425,31628,0.15403279662132263,0.7227195501327515,-0.17078785598278046,0.8006151914596558,0.025011058896780014,0.625,2,258,28.53809954196913,28.536702166951727,0,1,1789187033.771512,0.0,4,0.004034748766571283,-17.58839225769043
14.774958021007478,28.605056457978208,0.0,0.0,0.9313640594482422,,0.01362491596955806,426,31679,0.15841645002365112,0.7231000065803528,-0.1708453744649887,0.8006027936935425,0.025011062622070312,0.625,2,259,28.60504412499722,28.60390645795269,0,1,1789187033.8384562,0.0,4,0.005865124519914389,-17.58839225769043
15.505625051446259,28.672528625000268,0.0,0.0,0.9284665584564209,,0.014618000015616417,427,31779,0.1580898016691208,0.7237581014633179,-0.17093437910079956,0.8005843162536621,0.025016136467456818,0.625,2,260,28.672516541962977,28.671641082968563,0,1,1789187033.9059289,0.0,4,0.0050048851408064365,-17.590229034423828
21.208124991972,28.744958791998215,0.0,0.0,0.9285385012626648,,0.01992674998473376,428,31830,0.15461033582687378,0.7241490483283997,-0.17098620533943176,0.8005813360214233,0.025025632232427597,0.625,2,261,28.744946582999546,28.743677541962825,0,1,1789187033.978358,0.0,4,0.004999425262212753,-17.593708038330078
20.4851669841446,28.810840582998935,0.0,0.0,0.9318149089813232,,0.019363250001333654,429,31928,0.15295852720737457,0.7248678803443909,-0.17106993496418,0.8005794286727905,0.02504105493426323,0.625,2,262,28.81083024997497,28.809718707983848,0,1,1789187034.044242,0.0,4,0.0051361690275371075,-17.594100952148438
25.52487497450784,28.882721374975517,0.0,0.0,0.9308180809020996,,0.024252207949757576,430,31978,0.15295743942260742,0.725189208984375,-0.1710997074842453,0.8005710244178772,0.025208977982401848,0.625,2,263,28.882696541957557,28.88144895795267,0,1,1789187034.116111,0.0,4,0.004192274063825607,-17.596540451049805
3.673667029943317,28.927443791995756,0.0,0.0,0.929073691368103,,0.0021696669864468277,431,32028,0.1547175794839859,0.7256068587303162,-0.1711389422416687,0.8005566000938416,0.02901032380759716,0.625,2,264,28.92742374999216,28.925939874956384,0,1,1789187034.160835,0.0,4,0.003739620093256235,-17.598953247070312
8.925499976612628,28.999431416974403,0.0,0.0,0.9296647906303406,,0.00781566696241498,432,32082,0.15471823513507843,0.7259901165962219,-0.1711704134941101,0.8005470037460327,0.03230621665716171,0.625,2,265,28.999417707964312,28.99832166696433,0,1,1789187034.2328289,0.0,4,0.003391790436580777,-17.598949432373047
8.43420799355954,29.065397791971918,0.0,0.0,0.9266223907470703,,0.007155290979426354,433,32178,0.15471825003623962,0.7266320586204529,-0.17121823132038116,0.8005449175834656,0.032562121748924255,0.625,2,266,29.06538649997674,29.06411895796191,0,1,1789187034.298798,0.0,4,0.004243479110300541,-17.598949432373047
9.039208001922816,29.132829791982658,0.0,0.0,0.9236934781074524,,0.007658165995962918,434,32228,0.1525123119354248,0.7270268201828003,-0.17124757170677185,0.8005444407463074,0.03256211802363396,0.625,2,267,29.132817874953616,29.13144895795267,0,1,1789187034.366229,0.0,4,0.00421892199665308,-17.598949432373047
16.69437496457249,29.207304166979156,0.0,0.0,0.9238921403884888,,0.014984791981987655,435,32278,0.15251469612121582,0.7273986339569092,-0.17127543687820435,0.8005369901657104,0.03256211429834366,0.625,2,268,29.20729016698897,29.205594624974765,0,1,1789187034.440702,0.0,4,0.005065109580755234,-17.598949432373047
18.135791993699968,29.27519095799653,0.0,0.0,0.9214046597480774,,0.01713904197094962,436,32379,0.15251639485359192,0.7280859351158142,-0.17131729423999786,0.8005151152610779,0.034597717225551605,0.625,2,269,29.27517891698517,29.274194291967433,0,1,1789187034.50859,0.0,4,0.005458039231598377,-17.596006393432617
16.649708035402,29.34052441699896,0.0,0.0,0.922754168510437,,0.01573362498311326,437,32429,0.1535758376121521,0.7284681797027588,-0.17134040594100952,0.800510823726654,0.03487255051732063,0.625,2,270,29.34051249996992,29.339608416950796,0,1,1789187034.573923,0.0,4,0.005091619212180376,-17.592832565307617
14.195417053997517,29.404419749975204,0.0,0.0,0.9350394010543823,,0.013166625052690506,438,32479,0.15357714891433716,0.7288326621055603,-0.1713654100894928,0.8005106449127197,0.03486371412873268,0.625,2,271,29.404408791975584,29.40339099999983,0,1,1789187034.6378188,0.0,4,0.003478389699012041,-17.589536666870117
4.422000027261674,29.46167854196392,0.0,0.0,0.9328786134719849,,0.0033383750123903155,439,32528,0.15357767045497894,0.7291797399520874,-0.17138917744159698,0.8005120754241943,0.03486138954758644,0.625,2,272,29.4616659169551,29.46059495798545,0,1,1789187034.6950772,0.0,4,0.0033167500514537096,-17.588668823242188
1.1029589804820716,29.525282332964707,0.0,0.0,0.9324606657028198,,4.579202504828572e-05,440,32628,0.14990268647670746,0.7298684120178223,-0.17143630981445312,0.8004973530769348,0.03486138582229614,0.625,2,273,29.52527054195525,29.524225250002928,0,1,1789187034.758681,0.0,4,0.002965576946735382,-17.588666915893555
20.65587497781962,29.611265791987535,0.0,0.0,0.930530846118927,,0.019789916987065226,441,32728,0.14991483092308044,0.7305730581283569,-0.17149358987808228,0.8004786968231201,0.03486138582229614,0.625,2,274,29.611254999996163,29.610400041972753,0,1,1789187034.844665,0.0,4,0.003174292389303446,-17.588666915893555
5.3696249960921705,29.662465000001248,0.0,0.0,0.9302502870559692,,0.004193375003524125,442,32779,0.14991483092308044,0.7309449911117554,-0.17152786254882812,0.8004783987998962,0.03439793735742569,0.625,2,275,29.662453999975696,29.661288832954597,0,1,1789187034.8958652,0.0,4,0.0029791274573653936,-17.588666915893555
9.985084005165845,29.733861957967747,0.0,0.0,0.9357941746711731,,0.008630375028587878,443,32829,0.14991484582424164,0.7313212752342224,-0.17156146466732025,0.800480306148529,0.03197358176112175,0.625,2,276,29.733848417003173,29.732507332984824,0,1,1789187034.967259,0.0,4,0.0029468019492924213,-17.588665008544922
11.164249968715012,29.80175712495111,0.0,0.0,0.9392482042312622,,0.010087458009365946,444,32879,0.15107461810112,0.7316640019416809,-0.17159216105937958,0.8004775643348694,0.03197325021028519,0.625,2,277,29.801743332995102,29.80068033299176,0,1,1789187035.0351539,0.0,4,0.002614934230223298,-17.588665008544922
8.739540993701667,29.866030374949332,0.0,0.0,0.9401957392692566,,0.007326500024646521,445,32980,0.1533748358488083,0.7323681116104126,-0.17165903747081757,0.8004571795463562,0.03197325021028519,0.625,2,278,29.866018917004112,29.8646174169844,0,1,1789187035.0994291,0.0,4,0.0013060843339189887,-17.588666915893555
13.374958012718707,29.93727933295304,0.0,0.0,0.941493809223175,,0.012039292021654546,446,33029,0.1533748358488083,0.7327327728271484,-0.17169278860092163,0.8004485964775085,0.03197325021028519,0.625,2,279,29.937267749977764,29.93594379199203,0,1,1789187035.170678,0.0,4,0.002102889120578766,-17.588666915893555
17.087541986256838,30.0076347499853,0.0,0.0,0.9432584643363953,,0.016090542019810528,447,33079,0.1533748358488083,0.7330731153488159,-0.17172549664974213,0.8004471659660339,0.03197325021028519,0.625,2,280,30.00762324995594,30.006637791986577,0,1,1789187035.241033,0.0,4,0.0028095596935600042,-17.588666915893555
13.427124998997897,30.07071045797784,0.0,0.0,0.9462359547615051,,0.012269332946743816,448,33178,0.15401600301265717,0.7337589263916016,-0.17179280519485474,0.8004510402679443,0.03197325021028519,0.625,2,281,30.070699249976315,30.069552707951516,0,1,1789187035.304109,0.0,4,0.0020729603711515665,-17.588665008544922
12.490875029470772,30.136259707971476,0.0,0.0,0.9473820924758911,,0.011101417010650039,449,33229,0.15237179398536682,0.7341270446777344,-0.1718258112668991,0.8004428744316101,0.030652614310383797,0.625,2,282,30.13624795799842,30.134870291978586,0,1,1789187035.369658,0.0,4,0.0012727322755381465,-17.588645935058594
9.528333030175418,30.200057666981593,0.0,0.0,0.9468408823013306,,0.008152624999638647,450,33282,0.14832593500614166,0.7344326972961426,-0.17185232043266296,0.8004337549209595,0.0306449793279171,0.625,2,283,30.200046166952234,30.19868204195518,0,1,1789187035.4334562,0.0,4,0.001125833485275507,-17.586231231689453
9.7762499935925,30.266921832982916,0.0,0.0,0.9497963190078735,,0.008548707992304116,451,33379,0.14642544090747833,0.7351230382919312,-0.17191308736801147,0.8004193305969238,0.030633658170700073,0.625,2,284,30.26691183296498,30.26569433294935,0,1,1789187035.500321,0.0,4,0.0018630300182849169,-17.581811904907227
12.48099998338148,30.33637454197742,0.0,0.0,0.9505952000617981,,0.011111792002338916,452,33429,0.14873312413692474,0.7354835867881775,-0.17194020748138428,0.8004206418991089,0.030633660033345222,0.625,2,285,30.336356707965024,30.335005417000502,0,1,1789187035.5697658,0.0,4,0.002071351744234562,-17.581811904907227
16.948541975580156,30.40768120798748,0.0,0.0,0.9520370364189148,,0.015697124996222556,453,33482,0.1503928005695343,0.7358300685882568,-0.17196491360664368,0.8004223108291626,0.030633660033345222,0.625,2,286,30.407667999970727,30.406429832975846,0,1,1789187035.641077,0.0,4,0.0013995302142575383,-17.581811904907227
17.404375015757978,30.474872999999207,0.0,0.0,0.9523992538452148,,0.016243417048826814,454,33579,0.1503928005695343,0.736490786075592,-0.17200717329978943,0.8004103899002075,0.03066354990005493,0.625,2,287,30.474860707996413,30.473712167004123,0,1,1789187035.70827,0.0,4,0.0018812519265338778,-17.581811904907227
25.381750019732863,30.54946295794798,0.0,0.0,0.9508362412452698,,0.024035457987338305,455,33631,0.1503928005695343,0.7368495464324951,-0.17202414572238922,0.8003999590873718,0.03362603858113289,0.625,2,288,30.54945295798825,30.54811674996745,0,1,1789187035.7828622,0.0,4,0.0022481540217995644,-17.581815719604492
9.827083034906536,30.600614207971375,0.0,0.0,0.9415590763092041,,0.007313125010114163,456,33678,0.1503928005695343,0.7371683120727539,-0.17204023897647858,0.8003945350646973,0.03503888472914696,0.625,2,289,30.60060391697334,30.598100291972514,0,1,1789187035.834013,0.0,4,0.0011265496723353863,-17.581815719604492
17.80583302024752,30.675593749969266,0.0,0.0,0.9391642808914185,,0.016302167030517012,457,33778,0.14651355147361755,0.7378291487693787,-0.1720699518918991,0.8003976345062256,0.03503886237740517,0.625,2,290,30.675583374977577,30.67409016698366,0,1,1789187035.908992,0.0,4,-0.003564262529835105,-17.58181381225586
2.6414580061100423,30.727576832985505,0.0,0.0,0.9411365389823914,,0.0006820830167271197,458,33834,0.146512970328331,0.7382028102874756,-0.17208445072174072,0.8003945350646973,0.03503886237740517,0.625,2,291,30.727565874985885,30.725617499963846,0,1,1789187035.9609752,0.0,4,-0.0034500337205827236,-17.58181381225586
9.339624957647175,30.801359416975174,0.0,0.0,0.9415677785873413,,0.006103458988945931,459,33878,0.146512970328331,0.7384951710700989,-0.17209631204605103,0.8003872632980347,0.03503886237740517,0.625,2,292,30.801346833002754,30.798123291984666,0,1,1789187036.034755,0.0,4,-0.0031387319322675467,-17.58181381225586
16.122792032547295,30.875290583004244,0.0,0.0,0.9492293000221252,,0.014936499996110797,460,33979,0.1465137004852295,0.7391882538795471,-0.1721249669790268,0.8003695607185364,0.03627939149737358,0.625,2,293,30.87528024998028,30.874104374961462,0,1,1789187036.1086888,0.0,4,-0.005339928902685642,-17.580644607543945
23.40962499147281,30.9497786249849,0.0,0.0,0.9529045224189758,,0.02174329198896885,461,34029,0.14651566743850708,0.7395357489585876,-0.17213943600654602,0.8003696203231812,0.03665944188833237,0.625,2,294,30.949766082980204,30.948112374986522,0,1,1789187036.183174,0.0,4,-0.0050149536691606045,-17.577594757080078
4.809749952983111,30.998078332981095,0.0,0.0,0.9550762176513672,,0.0036080419667996466,462,34078,0.1465163230895996,0.73987877368927,-0.17215663194656372,0.800372838973999,0.036656808108091354,0.625,2,295,30.998063541948795,30.996876666962635,0,1,1789187036.231472,0.0,4,-0.006234589032828808,-17.576568603515625
2.4068750208243728,31.062061582983006,0.0,0.0,0.9566810727119446,,0.0011779580381698906,463,34128,0.1465163230895996,0.7401900887489319,-0.17217153310775757,0.8003723621368408,0.036656808108091354,0.625,2,296,31.062047499988694,31.060832749994006,0,1,1789187036.295456,0.0,4,-0.005962027236819267,-17.576568603515625
5.565500003285706,31.13144766696496,0.0,0.0,0.958361804485321,,0.004266457981429994,464,34229,0.1465163230895996,0.7408592700958252,-0.17220725119113922,0.8003549575805664,0.036656808108091354,0.625,2,297,31.131435707968194,31.13014874997316,0,1,1789187036.364844,0.0,4,-0.004870949778705835,-17.576568603515625
2.328125003259629,31.194076582964044,0.0,0.0,0.9631341099739075,,0.0011282089981250465,465,34278,0.1465163230895996,0.7412045001983643,-0.1722307801246643,0.8003453016281128,0.03626867011189461,0.625,2,298,31.194065874966327,31.192876791988965,0,1,1789187036.427474,0.0,4,-0.003142093075439334,-17.576566696166992
2.2275830269791186,31.260951791948173,0.0,0.0,0.9659937024116516,,0.0011456250213086605,466,34328,0.14528052508831024,0.7415071725845337,-0.17225010693073273,0.8003446459770203,0.03360637277364731,0.625,2,299,31.260939291969407,31.259869874978904,0,1,1789187036.494347,0.0,4,-0.003098663641139865,-17.57076644897461
3.7663750117644668,31.328834916988853,0.0,0.0,0.9657996296882629,,0.0025858330191113055,467,34428,0.14400582015514374,0.7421813011169434,-0.1722957342863083,0.8003487586975098,0.03354021534323692,0.625,2,300,31.32882279198384,31.327654458000325,0,1,1789187036.562231,0.0,4,-0.0034535150043666363,-17.564767837524414
24.706207972485572,31.415894374949858,0.0,0.0,0.9646494388580322,,0.02358479198301211,468,34479,0.14400582015514374,0.7425175905227661,-0.17232008278369904,0.8003440499305725,0.03354021534323692,0.625,2,301,31.415881957975216,31.41477304196451,0,1,1789187036.64929,0.0,4,-0.0035954751074314117,-17.564767837524414
16.235959017649293,31.47369674994843,0.0,0.0,0.964893639087677,,0.014810334017965943,469,34578,0.1464300900697708,0.7431492805480957,-0.1723683923482895,0.8003250360488892,0.033544380217790604,0.625,2,302,31.473670874955133,31.472271292004734,0,1,1789187036.7070808,0.0,4,-0.0030331118032336235,-17.56640625
20.03474999219179,31.544033207988832,0.0,0.0,0.9625842571258545,,0.018581332988105714,470,34628,0.14793546497821808,0.7434675097465515,-0.17239165306091309,0.8003217577934265,0.03355224430561066,0.625,2,303,31.544022832997143,31.54257983295247,0,1,1789187036.77743,0.0,4,-0.005059223156422377,-17.5694580078125
24.2344579892233,31.615048666950315,0.0,0.0,0.957872211933136,,0.022906625003088266,471,34678,0.14793364703655243,0.7437804341316223,-0.1724122166633606,0.8003237843513489,0.03219533711671829,0.625,2,304,31.615036249975674,31.613720916968305,0,1,1789187036.848444,0.0,4,-0.006697756238281727,-17.572509765625
7.408957986626774,31.665180124982726,0.0,0.0,0.9545997381210327,,0.0061582499765791,472,34729,0.14453370869159698,0.7440996766090393,-0.17243391275405884,0.800327718257904,0.032177262008190155,0.625,2,305,31.665168416977394,31.663929499976803,0,1,1789187036.8985758,0.0,4,-0.006784228142350912,-17.57001495361328
8.02600005408749,31.73210833297344,0.0,0.0,0.955900251865387,,0.006819500005804002,473,34828,0.13964642584323883,0.744692325592041,-0.17246434092521667,0.800316333770752,0.03218027576804161,0.625,2,306,31.732090916950256,31.73090195795521,0,1,1789187036.9654982,0.0,4,-0.006718704476952553,-17.57122039794922
9.387792029883713,31.800061416986864,0.0,0.0,0.9562623500823975,,0.008010542020201683,474,34878,0.13964642584323883,0.745003879070282,-0.17247751355171204,0.8003064393997192,0.03218027576804161,0.625,2,307,31.800048624980263,31.798684249981306,0,1,1789187037.0334551,0.0,4,-0.006986468099057674,-17.57122039794922
16.090999997686595,31.873492999991868,0.0,0.0,0.9582527875900269,,0.01484383299248293,475,34928,0.14080120623111725,0.7453191876411438,-0.1724897027015686,0.8003010749816895,0.03218027576804161,0.625,2,308,31.873480666952673,31.872245874954388,0,1,1789187037.1068869,0.0,4,-0.00788805540651083,-17.57122039794922
16.83245797175914,31.94093908299692,0.0,0.0,0.9571406841278076,,0.0157292079529725,476,35028,0.14079870283603668,0.7459019422531128,-0.17249757051467896,0.8003051280975342,0.03218027576804161,0.625,2,309,31.94092462497065,31.93983595794998,0,1,1789187037.174331,0.0,4,-0.008536898531019688,-17.57122039794922
17.528666008729488,32.00821362499846,0.0,0.0,0.956199049949646,,0.01578479097224772,477,35078,0.14079870283603668,0.7462202310562134,-0.17249725759029388,0.8003052473068237,0.033877551555633545,0.625,2,310,32.00820262497291,32.006469832966104,0,1,1789187037.2416089,0.0,4,-0.008008967153728008,-17.57122230529785
22.150082979351282,32.07951720798155,0.0,0.0,0.9543870687484741,,0.021046874986495823,478,35178,0.13766904175281525,0.7468290328979492,-0.17248950898647308,0.8002878427505493,0.0401800312101841,0.625,2,311,32.07950729195727,32.078414124960545,0,1,1789187037.312914,0.0,4,-0.0073799630627036095,-17.571226119995117
25.07283299928531,32.14941666700179,0.0,0.0,0.9544256925582886,,0.02375912497518584,479,35228,0.13766905665397644,0.7471416592597961,-0.17248347401618958,0.8002815246582031,0.04021210968494415,0.625,2,312,32.14940666698385,32.14810299995588,0,1,1789187037.382813,0.0,4,-0.007112955674529076,-17.571226119995117
7.565875013824552,32.199159332958516,0.0,0.0,0.9545663595199585,,0.006489542021881789,480,35279,0.13766905665397644,0.7474440336227417,-0.17247706651687622,0.8002822995185852,0.04021210968494415,0.625,2,313,32.199150041968096,32.198083041992504,0,1,1789187037.432556,0.0,4,-0.006962709594517946,-17.571226119995117
7.998374989256263,32.2653028749628,0.0,0.0,0.9544649124145508,,0.006572499987669289,481,35329,0.13712337613105774,0.7477538585662842,-0.17246904969215393,0.8002861738204956,0.03916181996464729,0.625,2,314,32.26529045798816,32.26387712499127,0,1,1789187037.498697,0.0,4,-0.007289351429790258,-17.571226119995117
8.453209011349827,32.332511999993585,0.0,0.0,0.9544035792350769,,0.007445292023476213,482,35428,0.13666187226772308,0.7483139038085938,-0.17245008051395416,0.8002825975418091,0.039162490516901016,0.625,2,315,32.33250074996613,32.33150425000349,0,1,1789187037.565907,0.0,4,-0.006814100313931704,-17.571224212646484
11.835667013656348,32.40291124995565,0.0,0.0,0.9577582478523254,,0.01079949998529628,483,35479,0.13666187226772308,0.7486664056777954,-0.172437384724617,0.800272524356842,0.03963017463684082,0.625,2,316,32.402900041954126,32.40187512495322,0,1,1789187037.6363058,0.0,4,-0.005963855888694525,-17.571224212646484
9.453500038944185,32.46688883297611,0.0,0.0,0.9633882641792297,,0.008374833036214113,484,35528,0.13666188716888428,0.748980700969696,-0.17242491245269775,0.8002637624740601,0.04253331944346428,0.625,2,317,32.46687912498601,32.46581020799931,0,1,1789187037.700285,0.0,4,-0.006062190048396587,-17.571226119995117
15.702915959991515,32.53971275000367,0.0,0.0,0.964310348033905,,0.014802082965616137,485,35629,0.13765567541122437,0.7495718002319336,-0.17239859700202942,0.8002656698226929,0.04252006486058235,0.625,2,318,32.53970074997051,32.538811999955215,0,1,1789187037.773107,0.0,4,-0.004652184434235096,-17.571226119995117
20.824207982514054,32.61168483295478,0.0,0.0,0.9653366804122925,,0.01979079097509384,486,35679,0.13956250250339508,0.7499171495437622,-0.17238415777683258,0.8002692461013794,0.04252006113529205,0.625,2,319,32.61167349998141,32.61065145797329,0,1,1789187037.845079,0.0,4,-0.005520475097000599,-17.571226119995117
3.3691670396365225,32.661275332968216,0.0,0.0,0.9663770794868469,,0.002424334001261741,487,35729,0.1395624727010727,0.7502264380455017,-0.1723712533712387,0.8002667427062988,0.04252006113529205,0.625,2,320,32.66126349999104,32.66033054195577,0,1,1789187037.894669,0.0,4,-0.004954484291374683,-17.571226119995117
11.194332968443632,32.7360708329943,0.0,0.0,0.969804048538208,,0.01013924996368587,488,35828,0.14156493544578552,0.7508568167686462,-0.17234550416469574,0.800249457359314,0.044211406260728836,0.625,2,321,32.73605912498897,32.73501579195727,0,1,1789187037.969465,0.0,4,-0.0068487622775137424,-17.56797981262207
12.363291985820979,32.804501832986716,0.0,0.0,0.9712361097335815,,0.011129833990707994,489,35878,0.14156873524188995,0.751181960105896,-0.17233289778232574,0.8002471923828125,0.04419217258691788,0.625,2,322,32.80449187499471,32.80326841695933,0,1,1789187038.0378969,0.0,4,-0.0064880698919296265,-17.564807891845703
19.788082980085164,32.878961791982874,0.0,0.0,0.9728676676750183,,0.018731457996182144,490,35979,0.13961248099803925,0.7517940998077393,-0.1723126471042633,0.8002546429634094,0.0441892147064209,0.625,2,323,32.87895341694821,32.877905207977165,0,1,1789187038.1123588,0.0,4,-0.006616623606532812,-17.56361198425293
18.716084014158696,32.94467399996938,0.0,0.0,0.9716108441352844,,0.017702542012557387,491,36030,0.139085054397583,0.7521224617958069,-0.17230471968650818,0.8002538681030273,0.0441892147064209,0.625,2,324,32.94466233300045,32.94366049999371,0,1,1789187038.178068,0.0,4,-0.00722243869677186,-17.56361198425293
2.5217090151272714,32.994636707997415,0.0,0.0,0.9727993011474609,,0.0015692919841967523,492,36079,0.139085054397583,0.7524496912956238,-0.17229844629764557,0.8002459406852722,0.0441892147064209,0.625,2,325,32.994624082988594,32.99368437496014,0,1,1789187038.228029,0.0,4,-0.007473492994904518,-17.56361198425293
6.622832966968417,33.06586129195057,0.0,0.0,0.9755708575248718,,0.005506624991539866,493,36130,0.13964681327342987,0.752764105796814,-0.17229492962360382,0.8002362847328186,0.04199862480163574,0.625,2,326,33.06584783300059,33.064745166979264,0,1,1789187038.299253,0.0,4,-0.007917948067188263,-17.56361198425293
8.301708032377064,33.133684832951985,0.0,0.0,0.9767192602157593,,0.007218333019409329,494,36229,0.1423826813697815,0.753368079662323,-0.17228929698467255,0.800234317779541,0.04149888828396797,0.625,2,327,33.13366562494775,33.13260158296907,0,1,1789187038.36707,0.0,4,-0.00788153987377882,-17.56361198425293
10.141249978914857,33.201830874953885,0.0,0.0,0.9783036112785339,,0.008919749991036952,495,36278,0.1423826813697815,0.7536953687667847,-0.1722857654094696,0.8002387881278992,0.04071768745779991,0.625,2,328,33.20182024996029,33.20060945797013,0,1,1789187038.435225,0.0,4,-0.008559432812035084,-17.56361198425293
13.550250034313649,33.2711066249758,0.0,0.0,0.9799067378044128,,0.012083208013791591,496,36330,0.1423826962709427,0.754013180732727,-0.1722821742296219,0.8002399206161499,0.040396593511104584,0.625,2,329,33.27109554200433,33.26963962498121,0,1,1789187038.5045,0.0,4,-0.008177102543413639,-17.56361198425293
16.519917000550777,33.34057062497595,0.0,0.0,0.977375328540802,,0.01560758298728615,497,36428,0.1423826962709427,0.7546103000640869,-0.17227409780025482,0.8002265095710754,0.040396593511104584,0.625,2,330,33.340558082971256,33.33965833298862,0,1,1789187038.573963,0.0,4,-0.009671124629676342,-17.56361198425293
24.590292014181614,33.415414791961666,0.0,0.0,0.975145697593689,,0.02352354198228568,498,36478,0.1423826962709427,0.7549372315406799,-0.17226754128932953,0.800219714641571,0.040396593511104584,0.625,2,331,33.415403291990515,33.414348166959826,0,1,1789187038.648808,0.0,4,-0.01077230740338564,-17.56361198425293
19.363290979526937,33.47708349995082,0.0,0.0,0.978202760219574,,0.018173250020481646,499,36528,0.14131848514080048,0.755246102809906,-0.17226001620292664,0.8002205491065979,0.040396589785814285,0.625,2,332,33.477068416948896,33.4758935419959,0,1,1789187038.710473,0.0,4,-0.01081527303904295,-17.563610076904297
24.703834031242877,33.54890954197617,0.0,0.0,0.9794116616249084,,0.023358542006462812,500,36629,0.14131803810596466,0.7558557391166687,-0.17223896086215973,0.8002280592918396,0.040396589785814285,0.625,2,333,33.54888316697907,33.547564499953296,0,1,1789187038.7822888,0.0,4,-0.011882004328072071,-17.563610076904297
4.822500050067902,33.59581733297091,0.0,0.0,0.9790714979171753,,0.003653000050690025,501,36679,0.14131803810596466,0.7561939358711243,-0.17222429811954498,0.8002244830131531,0.04041526839137077,0.625,2,334,33.5958054579678,33.59464795800159,0,1,1789187038.82921,0.0,4,-0.01188609842211008,-17.563610076904297
5.0399170140735805,33.66265804198338,0.0,0.0,0.9802417755126953,,0.0035713749821297824,502,36728,0.14270487427711487,0.7565093040466309,-0.1722094863653183,0.8002171516418457,0.04357888549566269,0.625,2,335,33.66264579194831,33.66118958295556,0,1,1789187038.89605,0.0,4,-0.013105710037052631,-17.563613891601562
6.80650002323091,33.730798374977894,0.0,0.0,0.9799189567565918,,0.005748916009906679,503,36828,0.1445036679506302,0.7571333050727844,-0.17217618227005005,0.8002073764801025,0.0445975624024868,0.625,2,336,33.7307877499843,33.7297408329905,0,1,1789187038.964192,0.0,4,-0.012524470686912537,-17.560029983520508
6.611416989471763,33.79759937495692,0.0,0.0,0.9817201495170593,,0.0050637919921427965,504,36879,0.14319483935832977,0.7574816942214966,-0.17215484380722046,0.8002119660377502,0.0444866381585598,0.625,2,337,33.79758591699647,33.79605179198552,0,1,1789187039.0309901,0.0,4,-0.012919768691062927,-17.553373336791992
13.306332984939218,33.87092508299975,0.0,0.0,0.985546350479126,,0.01214362500468269,505,36929,0.14030161499977112,0.7577662467956543,-0.1721370965242386,0.8002157807350159,0.04438601806759834,0.625,2,338,33.87091254198458,33.869762416987214,0,1,1789187039.104316,0.0,4,-0.01071538683027029,-17.547395706176758
16.52395899873227,33.94067545799771,0.0,0.0,0.9856309294700623,,0.015618041972629726,506,37028,0.14031828939914703,0.7583970427513123,-0.17210039496421814,0.800209641456604,0.046376556158065796,0.625,2,339,33.940663791960105,33.939769624965265,0,1,1789187039.174067,0.0,4,-0.010669786483049393,-17.54739761352539
25.186375016346574,34.0161178749986,0.0,0.0,0.9850554466247559,,0.023882208042778075,507,37078,0.1428547352552414,0.7587268352508545,-0.1720821112394333,0.800201416015625,0.046376556158065796,0.625,2,340,34.016106624971144,34.014813749992754,0,1,1789187039.2495098,0.0,4,-0.011343537829816341,-17.547399520874023
2.339750004466623,34.059905499976594,0.0,0.0,0.9851817488670349,,0.0011907090083695948,508,37129,0.14406661689281464,0.7590405941009521,-0.17206652462482452,0.8001976609230042,0.04637734219431877,0.625,2,341,34.05989137495635,34.05875654198462,0,1,1789187039.2932951,0.0,4,-0.01210061740130186,-17.547710418701172
6.172875000629574,34.13028454198502,0.0,0.0,0.9852504134178162,,0.004785625031217933,509,37179,0.1440640240907669,0.7593594789505005,-0.17205150425434113,0.8002002239227295,0.046385347843170166,0.625,2,342,34.13026812497992,34.128897416987456,0,1,1789187039.363671,0.0,4,-0.011806497350335121,-17.55089569091797
4.812125000171363,34.19569770799717,0.0,0.0,0.9813840389251709,,0.003834332979749888,510,37279,0.14404037594795227,0.7599957585334778,-0.17202402651309967,0.8002068400382996,0.04609173163771629,0.625,2,343,34.19568362500286,34.1947199999704,0,1,1789187039.429087,0.0,4,-0.013056954368948936,-17.55699920654297
5.191374977584928,34.26273595797829,0.0,0.0,0.9814413785934448,,0.00409633299568668,511,37328,0.14216507971286774,0.7602773308753967,-0.17201237380504608,0.8002020120620728,0.044144514948129654,0.625,2,344,34.262724125001114,34.26164099999005,0,1,1789187039.496127,0.0,4,-0.013211885467171669,-17.55968475341797
9.442375041544437,34.3335785419913,0.0,0.0,0.980822741985321,,0.008276500040665269,512,37429,0.1421634703874588,0.7609164118766785,-0.17198726534843445,0.8001870512962341,0.04415178298950195,0.625,2,345,34.33356845797971,34.332412749994546,0,1,1789187039.5669708,0.0,4,-0.013355690985918045,-17.562707901000977
15.928541019093245,34.40675366698997,0.0,0.0,0.9808217883110046,,0.014693916018586606,513,37479,0.1421634703874588,0.7612478733062744,-0.17197272181510925,0.8001894950866699,0.043439242988824844,0.625,2,346,34.406741666956805,34.40551908296766,0,1,1789187039.6401448,0.0,4,-0.013219241052865982,-17.562707901000977
16.46412501577288,34.474047249997966,0.0,0.0,0.9851055145263672,,0.015482290997169912,514,37528,0.1421634703874588,0.7615275979042053,-0.17195868492126465,0.8001930713653564,0.043439220637083054,0.625,2,347,34.474035374994855,34.47306545794709,0,1,1789187039.707438,0.0,4,-0.01272598560899496,-17.562707901000977
18.29662499949336,34.542489457991906,0.0,0.0,0.9859289526939392,,0.017401833028998226,515,37628,0.1421634703874588,0.7621544599533081,-0.17192718386650085,0.800193190574646,0.043439220637083054,0.625,2,348,34.542472999950405,34.541594707989134,0,1,1789187039.775875,0.0,4,-0.011888659559190273,-17.562707901000977
19.09904199419543,34.61008133296855,0.0,0.0,0.9872885942459106,,0.017855208949185908,516,37679,0.14216488599777222,0.7624924182891846,-0.17190681397914886,0.8001852035522461,0.043434660881757736,0.625,2,349,34.610067582980264,34.60883754194947,0,1,1789187039.84347,0.0,4,-0.010880221612751484,-17.560869216918945
15.945082996040583,34.673668166971765,0.0,0.0,0.9869751930236816,,0.015003499982412905,517,37729,0.14216744899749756,0.7628227472305298,-0.1718861609697342,0.8001772165298462,0.04342617094516754,0.625,2,350,34.67365641699871,34.67272666696226,0,1,1789187039.907059,0.0,4,-0.011507553979754448,-17.557451248168945
23.53079098975286,34.74807383294683,0.0,0.0,0.9882777333259583,,0.022254290990531445,518,37828,0.14315934479236603,0.7634345889091492,-0.17184199392795563,0.800182044506073,0.04739488288760185,0.625,2,351,34.74805429199478,34.74679758294951,0,1,1789187039.981457,0.0,4,-0.01155968476086855,-17.55238151550293
7.746791990939528,34.79975395795191,0.0,0.0,0.9886292219161987,,0.005882458994165063,519,37879,0.14564628899097443,0.7637801170349121,-0.17181538045406342,0.8001864552497864,0.04739242419600487,0.625,2,352,34.79974254197441,34.79788979195291,0,1,1789187040.0331452,0.0,4,-0.012152331881225109,-17.552392959594727
9.314541995991021,34.867720249982085,0.0,0.0,0.9894018769264221,,0.008240916999056935,520,37929,0.14432325959205627,0.7641000151634216,-0.17179028689861298,0.8001848459243774,0.04795011878013611,0.625,2,353,34.86770666699158,34.866646749957,0,1,1789187040.101109,0.0,4,-0.011416678316891193,-17.54658317565918
11.303291015792638,34.93654462497216,0.0,0.0,0.9890494346618652,,0.009982165996916592,521,38028,0.1447012722492218,0.7647147178649902,-0.17174115777015686,0.8001703023910522,0.04848924279212952,0.625,2,354,34.936533291998785,34.935223582957406,0,1,1789187040.169935,0.0,4,-0.011619909666478634,-17.54084014892578
16.431334021035582,35.007483749999665,0.0,0.0,0.9891335368156433,,0.015349874971434474,522,38081,0.14470037817955017,0.7650590538978577,-0.1717129349708557,0.8001678586006165,0.04849184677004814,0.625,2,355,35.00747112499084,35.00640245794784,0,1,1789187040.2408729,0.0,4,-0.01254621334373951,-17.5418701171875
16.533916990738362,35.07421925000381,0.0,0.0,0.9891156554222107,,0.015373874979559332,523,38129,0.14469769597053528,0.7653751969337463,-0.17168806493282318,0.8001710772514343,0.049279794096946716,0.625,2,356,35.074209124955814,35.07305924996035,0,1,1789187040.307611,0.0,4,-0.012171998620033264,-17.5450439453125
13.382541947066784,35.13901358295698,0.0,0.0,0.98841792345047,,0.012332166952546686,524,38228,0.14563174545764923,0.7659735083580017,-0.17164282500743866,0.8001790642738342,0.049326762557029724,0.625,2,357,35.13900099997409,35.13796329195611,0,1,1789187040.372403,0.0,4,-0.011403270065784454,-17.551090240478516
18.339333008043468,35.210441207978874,0.0,0.0,0.9881844520568848,,0.017022874963004142,525,38278,0.14562898874282837,0.7662962675094604,-0.17161941528320312,0.8001731634140015,0.04933483526110649,0.625,2,358,35.21042891696561,35.209124791959766,0,1,1789187040.44383,0.0,4,-0.012528414838016033,-17.55426788330078
16.227959014941007,35.27417470799992,0.0,0.0,0.9880983233451843,,0.014666542003396899,526,38330,0.14542004466056824,0.7665774822235107,-0.17160050570964813,0.8001663088798523,0.04934166371822357,0.625,2,359,35.27416249999078,35.27261337498203,0,1,1789187040.507564,0.0,4,-0.012241533026099205,-17.55695343017578
18.934124964289367,35.343574541970156,0.0,0.0,0.9880309700965881,,0.017502375005278736,527,38429,0.13899196684360504,0.7671847939491272,-0.17156550288200378,0.8001599907875061,0.04566756263375282,0.625,2,360,35.34356479195412,35.34214283298934,0,1,1789187040.5769658,0.0,4,-0.012009121477603912,-17.55982780456543
20.527084008790553,35.41192924999632,0.0,0.0,0.9883140325546265,,0.019193959014955908,528,38481,0.1380189210176468,0.7675011157989502,-0.1715487241744995,0.8001648187637329,0.045228563249111176,0.625,2,361,35.41191649995744,35.41059616697021,0,1,1789187040.6453178,0.0,4,-0.011962134391069412,-17.559825897216797
13.178666995372623,35.47103270795196,0.0,0.0,0.9888060092926025,,0.011839749990031123,529,38528,0.13842058181762695,0.7677732110023499,-0.17153553664684296,0.8001689314842224,0.045228563249111176,0.625,2,362,35.47102008300135,35.46969383297255,0,1,1789187040.704421,0.0,4,-0.012374097481369972,-17.559825897216797
11.691916966810822,35.53596445795847,0.0,0.0,0.9893651008605957,,0.01042674999916926,530,38629,0.14073386788368225,0.7683630585670471,-0.17150762677192688,0.800159752368927,0.04405706748366356,0.625,2,363,35.53595495800255,35.534699374984484,0,1,1789187040.769356,0.0,4,-0.01294718962162733,-17.557836532592773
15.045916952658445,35.6062230829848,0.0,0.0,0.9897609353065491,,0.013933541951701045,531,38679,0.14073626697063446,0.7686729431152344,-0.17149187624454498,0.8001517653465271,0.04339605197310448,0.625,2,364,35.60621124994941,35.605110749951564,0,1,1789187040.839612,0.0,4,-0.012905578128993511,-17.55472755432129
20.695250015705824,35.67874141695211,0.0,0.0,0.9903774857521057,,0.019809417019132525,532,38730,0.1393764466047287,0.7689767479896545,-0.171476349234581,0.8001502752304077,0.0433875173330307,0.625,2,365,35.67872929194709,35.677855791989714,0,1,1789187040.91213,0.0,4,-0.012606524862349033,-17.551244735717773
4.7137499786913395,35.72977279196493,0.0,0.0,0.9903146624565125,,0.0037032499676570296,533,38778,0.13859671354293823,0.7692444324493408,-0.171460822224617,0.8001543879508972,0.04338071495294571,0.625,2,366,35.72975958295865,35.72876237495802,0,1,1789187040.96316,0.0,4,-0.012180767022073269,-17.548433303833008
4.70008299453184,35.79704583296552,0.0,0.0,0.9901149272918701,,0.0037657920038327575,534,38878,0.13828644156455994,0.769830584526062,-0.17142383754253387,0.8001576662063599,0.04338004067540169,0.625,2,367,35.79703424999025,35.79611166700488,0,1,1789187041.030435,0.0,4,-0.01239518541842699,-17.54815673828125
3.9783749962225556,35.862142666999716,0.0,0.0,0.9889299273490906,,0.0025418329751119018,535,38928,0.13651421666145325,0.7701023817062378,-0.17140492796897888,0.800152063369751,0.04338004067540169,0.625,2,368,35.862127999949735,35.860706249950454,0,1,1789187041.0955288,0.0,4,-0.011629611253738403,-17.54815673828125
2.5255410000681877,35.92704199999571,0.0,0.0,0.989098072052002,,0.001208874979056418,536,38978,0.13651354610919952,0.7704060077667236,-0.17138394713401794,0.8001433610916138,0.04338004067540169,0.625,2,369,35.927022041985765,35.92572541697882,0,1,1789187041.1604218,0.0,4,-0.01186898909509182,-17.54815673828125
1.2766250292770565,35.99262649996672,0.0,0.0,0.9889891743659973,,0.00020050001330673695,537,39078,0.13737055659294128,0.7710134387016296,-0.1713380068540573,0.8001424670219421,0.04523860290646553,0.625,2,370,35.9926155419671,35.99155041697668,0,1,1789187041.226016,0.0,4,-0.012545038014650345,-17.54815673828125
2.890709030907601,36.060907874954864,0.0,0.0,0.9893374443054199,,0.0015710840234532952,538,39129,0.14017438888549805,0.7713178992271423,-0.17131474614143372,0.8001480102539062,0.04675828665494919,0.625,2,371,36.06088870798703,36.05958829197334,0,1,1789187041.2942889,0.0,4,-0.012426425702869892,-17.54815673828125
6.181792006827891,36.130720791989006,0.0,0.0,0.9895612597465515,,0.005108042038045824,539,39180,0.1401718556880951,0.771611750125885,-0.17129193246364594,0.8001499772071838,0.04675828292965889,0.625,2,372,36.130708749988116,36.12964716699207,0,1,1789187041.364109,0.0,4,-0.01271758321672678,-17.54815673828125
9.665958990808576,36.20087845798116,0.0,0.0,0.9896990656852722,,0.00848949997453019,540,39278,0.1401718556880951,0.7721847891807556,-0.17124733328819275,0.800138533115387,0.04675828292965889,0.625,2,373,36.20086966699455,36.19970208295854,0,1,1789187041.434269,0.0,4,-0.012403815984725952,-17.54815673828125
13.031416980084032,36.2709990000003,0.0,0.0,0.9899448156356812,,0.011684749973937869,541,39328,0.1401718556880951,0.7725051045417786,-0.17122383415699005,0.8001322150230408,0.04675828292965889,0.625,2,374,36.27098558295984,36.269652457966004,0,1,1789187041.504385,0.0,4,-0.012533382512629032,-17.54815673828125
11.168333003297448,36.33570791699458,0.0,0.0,0.9897207617759705,,0.010108540998771787,542,39378,0.14015527069568634,0.7727808952331543,-0.17120307683944702,0.8001342415809631,0.04675828292965889,0.625,2,375,36.33569645800162,36.33464820799418,0,1,1789187041.5690958,0.0,4,-0.012243886478245258,-17.54815673828125
13.770707999356091,36.40484708297299,0.0,0.0,0.9897648096084595,,0.012619499990250915,543,39479,0.1391339898109436,0.7734047770500183,-0.17115914821624756,0.8001429438591003,0.04675828292965889,0.625,2,376,36.40483658295125,36.403696041961666,0,1,1789187041.6382358,0.0,4,-0.012655194848775864,-17.54815673828125
13.529541029129177,36.471515082987025,0.0,0.0,0.9897326827049255,,0.012653916026465595,544,39529,0.1391339898109436,0.7736746072769165,-0.17113952338695526,0.8001388311386108,0.04675828292965889,0.625,2,377,36.47150379198138,36.470639707986265,0,1,1789187041.704903,0.0,4,-0.012470507062971592,-17.54815673828125
18.191208015196025,36.542733582959045,0.0,0.0,0.9895467162132263,,0.017068332992494106,545,39629,0.14274729788303375,0.7742839455604553,-0.17109666764736176,0.800125241279602,0.04675828292965889,0.625,2,378,36.54272316698916,36.541610749962274,0,1,1789187041.7761228,0.0,4,-0.012565488927066326,-17.548160552978516
20.279666990973055,36.61150654195808,0.0,0.0,0.9900346398353577,,0.019400416989810765,546,39679,0.1455518752336502,0.7745959162712097,-0.171072855591774,0.8001260161399841,0.04675828292965889,0.625,2,379,36.61149558296893,36.61062737496104,0,1,1789187041.844895,0.0,4,-0.013006716035306454,-17.548160552978516
24.635165988001972,36.68260162498336,0.0,0.0,0.9900105595588684,,0.023471249965950847,547,39728,0.14552779495716095,0.7749109864234924,-0.17104706168174744,0.8001310229301453,0.04675828292965889,0.625,2,380,36.682588708004914,36.681437791965436,0,1,1789187041.915988,0.0,4,-0.01285950094461441,-17.548160552978516
1.2410000199452043,36.725852707982995,0.0,0.0,0.9901066422462463,,9.920803131535649e-05,548,39780,0.14451651275157928,0.7752053737640381,-0.17102107405662537,0.800136148929596,0.04675828292965889,0.625,2,381,36.72584016696783,36.72471099998802,0,1,1789187041.959239,0.0,4,-0.012400930747389793,-17.548160552978516
1.6601249808445573,36.79295358300442,0.0,0.0,0.989953875541687,,0.0004171250038780272,549,39879,0.14199772477149963,0.7758459448814392,-0.1709573119878769,0.8001264333724976,0.04691968485713005,0.625,2,382,36.79294295795262,36.7917107079993,0,1,1789187042.026342,0.0,4,-0.01273165363818407,-17.548160552978516
2.462417003698647,36.86050170799717,0.0,0.0,0.9897322058677673,,0.0011853750329464674,550,39930,0.14262433350086212,0.776152491569519,-0.17092381417751312,0.8001190423965454,0.0499764122068882,0.625,2,383,36.860487332975026,36.859224707994144,0,1,1789187042.093886,0.0,4,-0.01276277843862772,-17.54816436767578
2.425834012683481,36.92706245795125,0.0,0.0,0.9901178479194641,,0.0013512499863281846,551,39981,0.1450965702533722,0.7764720320701599,-0.17088761925697327,0.8001182079315186,0.05217501521110535,0.625,2,384,36.927050832950044,36.92598795797676,0,1,1789187042.160449,0.0,4,-0.012335139326751232,-17.54817008972168
7.7122910297475755,36.9990176249994,0.0,0.0,0.9903066158294678,,0.006351082993205637,552,40078,0.1450968086719513,0.7770581245422363,-0.17081798613071442,0.8001267910003662,0.05217551067471504,0.625,2,385,36.99900595797226,36.99765649996698,0,1,1789187042.232405,0.0,4,-0.012306226417422295,-17.54817008972168
15.705958008766174,37.07393149996642,0.0,0.0,0.9899865984916687,,0.014831040985882282,553,40129,0.14484108984470367,0.7773855328559875,-0.17077741026878357,0.8001272678375244,0.05217551067471504,0.625,2,386,37.0739205419668,37.07305670797359,0,1,1789187042.307319,0.0,4,-0.012762589380145073,-17.54817008972168
23.76200002618134,37.1490107079735,0.0,0.0,0.9899699091911316,,0.022641749994363636,554,40230,0.1426398605108261,0.7779951691627502,-0.17069880664348602,0.8001145124435425,0.052175506949424744,0.625,2,387,37.14900045795366,37.147890499967616,0,1,1789187042.382399,0.0,4,-0.012314355932176113,-17.548168182373047
3.2934999908320606,37.19542024994735,0.0,0.0,0.9897003173828125,,0.002424500009510666,555,40279,0.1426398605108261,0.7783269286155701,-0.17065457999706268,0.8001116514205933,0.052175506949424744,0.625,2,388,37.19540787499864,37.19455137499608,0,1,1789187042.4288058,0.0,4,-0.011840155348181725,-17.548168182373047
12.52024999121204,37.27172245795373,0.0,0.0,0.9895330667495728,,0.01125279103871435,556,40328,0.14496292173862457,0.7786353826522827,-0.17061243951320648,0.8001152276992798,0.05248447507619858,0.625,2,389,37.271711082954425,37.270455082994886,0,1,1789187042.505109,0.0,4,-0.012177739292383194,-17.54817008972168
17.953041999135166,37.34405220794724,0.0,0.0,0.9898383617401123,,0.01660154201090336,557,40428,0.14499522745609283,0.7792708277702332,-0.17052292823791504,0.8001241683959961,0.05553164333105087,0.625,2,390,37.3440353749902,37.34270074998494,0,1,1789187042.577433,0.0,4,-0.012207349762320518,-17.548171997070312
21.38699998613447,37.41429412498837,0.0,0.0,0.9902129769325256,,0.02032520796637982,558,40479,0.14624878764152527,0.779566764831543,-0.17048092186450958,0.8001194000244141,0.05553165078163147,0.625,2,391,37.414280832977965,37.4132324999664,0,1,1789187042.647679,0.0,4,-0.012344561517238617,-17.548171997070312
15.33599995309487,37.47518454195233,0.0,0.0,0.9905560612678528,,0.01404683297732845,559,40529,0.14623159170150757,0.7799021601676941,-0.17043288052082062,0.8001119494438171,0.05680333822965622,0.625,2,392,37.475171500002034,37.47389545798069,0,1,1789187042.708569,0.0,4,-0.011571299284696579,-17.548171997070312
14.699666993692517,37.540447624982335,0.0,0.0,0.990872323513031,,0.013562208041548729,560,40578,0.14623160660266876,0.7801972031593323,-0.1703907698392868,0.8001067042350769,0.05680331960320473,0.625,2,393,37.540434875001665,37.539310207997914,0,1,1789187042.773833,0.0,4,-0.011747014708817005,-17.548171997070312
14.534667017869651,37.60708395799156,0.0,0.0,0.9911921620368958,,0.013516042032279074,561,40678,0.14623160660266876,0.7808135747909546,-0.17030294239521027,0.8001120686531067,0.05680331960320473,0.625,2,394,37.607073374965694,37.60606550000375,0,1,1789187042.840471,0.0,4,-0.011702844873070717,-17.548171997070312
15.684957965277135,37.674338957993314,0.0,0.0,0.9912694692611694,,0.014704625005833805,562,40728,0.14623160660266876,0.781135618686676,-0.17025721073150635,0.8001172542572021,0.05680331960320473,0.625,2,395,37.67432433296926,37.673358667001594,0,1,1789187042.907722,0.0,4,-0.01191130094230175,-17.548171997070312
11.126500030513853,37.73567099997308,0.0,0.0,0.9912370443344116,,0.010104749992024153,563,40778,0.14623160660266876,0.7814355492591858,-0.17021484673023224,0.8001156449317932,0.05680331960320473,0.625,2,396,37.73565958294785,37.73464929196052,0,1,1789187042.969057,0.0,4,-0.01180698350071907,-17.548171997070312
15.1616670191288,37.80695050000213,0.0,0.0,0.9916378855705261,,0.013823374989442527,564,40879,0.14233192801475525,0.7819976806640625,-0.17013569176197052,0.8001030087471008,0.054869797080755234,0.625,2,397,37.806939792004414,37.805612374970224,0,1,1789187043.0403368,0.0,4,-0.011153663508594036,-17.543933868408203
13.268957962282002,37.87143995799124,0.0,0.0,0.9916048049926758,,0.01249366597039625,565,40929,0.1390654593706131,0.782319188117981,-0.1700904369354248,0.8001024127006531,0.054879624396562576,0.625,2,398,37.87142899999162,37.87066470796708,0,1,1789187043.1048262,0.0,4,-0.010491776280105114,-17.54181480407715
9.968957980163395,37.93469479196938,0.0,0.0,0.9916089177131653,,0.008932665979955345,566,40979,0.13906152546405792,0.7826202511787415,-0.17004798352718353,0.8001077175140381,0.053724825382232666,0.625,2,399,37.93468204198871,37.933658582973294,0,1,1789187043.1680791,0.0,4,-0.010507027618587017,-17.54181480407715
10.99104096647352,38.002430374966934,0.0,0.0,0.9915336966514587,,0.009436041000299156,567,41079,0.1377793252468109,0.7832036018371582,-0.16996271908283234,0.8001127243041992,0.053493376821279526,0.625,2,400,38.00241991697112,38.000875458004884,0,1,1789187043.235817,0.0,4,-0.010201371274888515,-17.53607749938965
11.993916996289045,38.070081916986965,0.0,0.0,0.9916681051254272,,0.01080808398546651,568,41129,0.13909561932086945,0.7835050225257874,-0.16991619765758514,0.8001057505607605,0.05300545319914818,0.625,2,401,38.07006808294682,38.06889616698027,0,1,1789187043.303465,0.0,4,-0.010453968308866024,-17.53607749938965
13.558916980400681,38.13832445797743,0.0,0.0,0.9903945326805115,,0.01236095797503367,569,41179,0.13985691964626312,0.783791720867157,-0.16986964643001556,0.8000984191894531,0.05300489813089371,0.625,2,402,38.138311166956555,38.13712658296572,0,1,1789187043.371708,0.0,4,-0.009482686407864094,-17.53607749938965
15.371250046882778,38.206702832947485,0.0,0.0,0.9920252561569214,,0.01433058304246515,570,41281,0.13985691964626312,0.7843517065048218,-0.1697692722082138,0.8001024723052979,0.05300489813089371,0.625,2,403,38.20669249998173,38.20566224999493,0,1,1789187043.440089,0.0,4,-0.009371289983391762,-17.53607749938965
17.83866703044623,38.27592279197415,0.0,0.0,0.9920780062675476,,0.016578792012296617,571,41328,0.13985691964626312,0.7846120595932007,-0.16971899569034576,0.8001070618629456,0.05376889556646347,0.625,2,404,38.27590887498809,38.27466299996013,0,1,1789187043.509305,0.0,4,-0.009220828302204609,-17.53607749938965
16.45962498150766,38.341177957947366,0.0,0.0,0.9913758635520935,,0.014751374954357743,572,41379,0.13870714604854584,0.7849031090736389,-0.16965827345848083,0.8001096248626709,0.05715465545654297,0.625,2,405,38.341153666959144,38.33946999994805,0,1,1789187043.574552,0.0,4,-0.009484702721238136,-17.537837982177734
22.20133296214044,38.41361320798751,0.0,0.0,0.9916648268699646,,0.02124375000130385,573,41478,0.1331084817647934,0.7854410409927368,-0.16954192519187927,0.8000966310501099,0.057172808796167374,0.625,2,406,38.41359929199098,38.4126556669944,0,1,1789187043.646996,0.0,4,-0.00923262257128954,-17.543813705444336
20.592582994140685,38.47866595798405,0.0,0.0,0.9920176267623901,,0.019298958010040224,574,41529,0.13313034176826477,0.7857369780540466,-0.1694764792919159,0.8000937104225159,0.057173289358615875,0.625,2,407,38.47865358297713,38.47737237496767,0,1,1789187043.71205,0.0,4,-0.008748010732233524,-17.544021606445312
1.1099999537691474,38.52569395798491,0.0,0.0,0.9924144148826599,,3.6207959055900574e-05,575,41579,0.13313034176826477,0.7860115170478821,-0.16941392421722412,0.8000974655151367,0.057173289358615875,0.625,2,408,38.52568216697546,38.52462020795792,0,1,1789187043.7590778,0.0,4,-0.00688170874491334,-17.544021606445312
3.7062090123072267,38.595114499970805,0.0,0.0,0.9914455413818359,,0.0024377499939873815,576,41679,0.13313034176826477,0.7865114808082581,-0.16929909586906433,0.8001050353050232,0.057173289358615875,0.625,2,409,38.595100832986645,38.593846082978416,0,1,1789187043.828497,0.0,4,-0.00727840606123209,-17.544021606445312
7.699832960497588,38.666029374988284,0.0,0.0,0.9915575981140137,,0.00636420794762671,577,41728,0.13313034176826477,0.7868172526359558,-0.16922585666179657,0.8001012802124023,0.05919964984059334,0.625,2,410,38.66601604199968,38.66469387494726,0,1,1789187043.899412,0.0,4,-0.007558646611869335,-17.544021606445312
15.614458010531962,38.74051279196283,0.0,0.0,0.991744339466095,,0.014790708024520427,578,41779,0.13313034176826477,0.7871043682098389,-0.16915614902973175,0.8000940084457397,0.059198908507823944,0.625,2,411,38.740495582984295,38.73968912498094,0,1,1789187043.973891,0.0,4,-0.007857746444642544,-17.544021606445312
17.99387502251193,38.80960520799272,0.0,0.0,0.9920870661735535,,0.01703458302654326,579,41879,0.1305643916130066,0.7876487970352173,-0.16902652382850647,0.8000928163528442,0.05945603549480438,0.625,2,412,38.809594582999125,38.80864608299453,0,1,1789187044.04299,0.0,4,-0.0072848559357225895,-17.538179397583008
22.594916983507574,38.88092262495775,0.0,0.0,0.9920063614845276,,0.021353374992031604,580,41928,0.13056442141532898,0.7879151701927185,-0.1689661741256714,0.8000972867012024,0.06027499586343765,0.625,2,413,38.88091233297018,38.87968120799633,0,1,1789187044.114308,0.0,4,-0.007646140642464161,-17.53818130493164
24.952333013061434,38.94973150000442,0.0,0.0,0.9917020201683044,,0.023943583015352488,581,41980,0.13031598925590515,0.7882018089294434,-0.1689014583826065,0.800101637840271,0.06007048487663269,0.625,2,414,38.9497174579883,38.94872295798268,0,1,1789187044.1831129,0.0,4,-0.007395750377327204,-17.532445907592773
8.434333023615181,39.00012720795348,0.0,0.0,0.991762638092041,,0.0073865000158548355,582,42080,0.1344102919101715,0.7887301445007324,-0.16878779232501984,0.8000929355621338,0.06007048487663269,0.625,2,415,39.000117791991215,38.999079416971654,0,1,1789187044.2335129,0.0,4,-0.007832644507288933,-17.532447814941406
7.1364170289598405,39.065825124969706,0.0,0.0,0.9916852712631226,,0.005999208020512015,583,42128,0.13441026210784912,0.788998007774353,-0.16873277723789215,0.8000866770744324,0.06007048487663269,0.625,2,416,39.06581358297262,39.06468795798719,0,1,1789187044.2992089,0.0,4,-0.00740082748234272,-17.532447814941406
12.412708019837737,39.13743279199116,0.0,0.0,0.9916371703147888,,0.01129837497137487,584,42179,0.13440880179405212,0.7892739176750183,-0.1686783730983734,0.8000871539115906,0.06007371470332146,0.625,2,417,39.13741916697472,39.136318624950945,0,1,1789187044.3708138,0.0,4,-0.007132344413548708,-17.533817291259766
15.785457973834127,39.207241208001506,0.0,0.0,0.9918396472930908,,0.014846540987491608,585,42278,0.13323922455310822,0.7897890210151672,-0.16858398914337158,0.8000983595848083,0.05661040544509888,0.625,2,418,39.20723212498706,39.20630233298289,0,1,1789187044.4406269,0.0,4,-0.006932249758392572,-17.539987564086914
17.322124971542507,39.275762417004444,0.0,0.0,0.9915620684623718,,0.01581750001059845,586,42330,0.13047999143600464,0.7900682687759399,-0.16853578388690948,0.8000959157943726,0.05280885100364685,0.625,2,419,39.275751624954864,39.27425787498942,0,1,1789187044.509147,0.0,4,-0.007208256982266903,-17.542448043823242
19.928624969907105,39.34481199999573,0.0,0.0,0.9915116429328918,,0.0188202079734765,587,42379,0.1304919421672821,0.7903077602386475,-0.1684953272342682,0.8000905513763428,0.052511703222990036,0.625,2,420,39.344797874975484,39.34370362496702,0,1,1789187044.578193,0.0,4,-0.00677829934284091,-17.54244613647461
25.4237920162268,39.416982333001215,0.0,0.0,0.9914393424987793,,0.024052167020272464,588,42479,0.1304919421672821,0.7908157706260681,-0.1684132069349289,0.8000837564468384,0.05251169949769974,0.625,2,421,39.416971166967414,39.415610749972984,0,1,1789187044.650366,0.0,4,-0.006599521730095148,-17.54244613647461
19.814375031273812,39.478167166991625,0.0,0.0,0.991280734539032,,0.01834562502335757,589,42529,0.129789799451828,0.7910915613174438,-0.16837166249752045,0.8000897169113159,0.05251169577240944,0.625,2,422,39.47814204200404,39.47669858299196,0,1,1789187044.711539,0.0,4,-0.00590401841327548,-17.54244613647461
2.325250010471791,39.5270697499509,0.0,0.0,0.9909785985946655,,0.0009697920177131891,590,42578,0.129286527633667,0.7913313508033752,-0.16833750903606415,0.8000946640968323,0.05251169949769974,0.625,2,423,39.52705516695278,39.52571449999232,0,1,1789187044.7604501,0.0,4,-0.006189227569848299,-17.54244613647461
7.425166026223451,39.598878041957505,0.0,0.0,0.99064701795578,,0.006391416012775153,591,42628,0.129286527633667,0.7915760278701782,-0.16830472648143768,0.8000948429107666,0.05251169949769974,0.625,2,424,39.59886604198255,39.59784433298046,0,1,1789187044.832261,0.0,4,-0.005543492268770933,-17.54244613647461
16.178541991394013,39.67440241697477,0.0,0.0,0.9907763600349426,,0.014742792001925409,592,42729,0.13060057163238525,0.7921375632286072,-0.1682361513376236,0.8000826835632324,0.048224546015262604,0.625,2,425,39.67438974999823,39.672966874961276,0,1,1789187044.907784,0.0,4,-0.006843624636530876,-17.542444229125977
19.95579100912437,39.74485737498617,0.0,0.0,0.9911233186721802,,0.018503125000279397,593,42781,0.13414061069488525,0.7924169301986694,-0.16820459067821503,0.8000813722610474,0.0482245534658432,0.625,2,426,39.74484429199947,39.74340479198145,0,1,1789187044.9782379,0.0,4,-0.0066438945941627026,-17.54244613647461
20.839584001805633,39.812551874958444,0.0,0.0,0.9907652139663696,,0.019936333992518485,594,42878,0.13459351658821106,0.7928969264030457,-0.1681506335735321,0.800091028213501,0.0482245571911335,0.625,2,427,39.81254174996866,39.81164866697509,0,1,1789187045.045936,0.0,4,-0.006054291035979986,-17.54244613647461
23.549332981929183,39.8819691669778,0.0,0.0,0.9906863570213318,,0.022304666985291988,595,42928,0.13459351658821106,0.7931742668151855,-0.16811993718147278,0.8000917434692383,0.04822451248764992,0.625,2,428,39.881957999954466,39.88072466698941,0,1,1789187045.1153522,0.0,4,-0.005942745134234428,-17.54242706298828
7.785124995280057,39.93271054199431,0.0,0.0,0.9898542761802673,,0.00641716702375561,596,42980,0.13459600508213043,0.7934311032295227,-0.16809184849262238,0.8000872135162354,0.04821750521659851,0.625,2,429,39.93269741698168,39.93134262500098,0,1,1789187045.166091,0.0,4,-0.006585999857634306,-17.539443969726562
8.573208993766457,40.00009558297461,0.0,0.0,0.9898906946182251,,0.007369333994574845,597,43029,0.13285310566425323,0.7936913371086121,-0.16806389391422272,0.8000799417495728,0.048212092369794846,0.625,2,430,40.000082916987594,39.99889179196907,0,1,1789187045.233477,0.0,4,-0.007344110403209925,-17.53713035583496
10.348165989853442,40.068912582995836,0.0,0.0,0.9899807572364807,,0.009128124976996332,598,43128,0.13285379111766815,0.794219970703125,-0.16800707578659058,0.8000813722610474,0.046128056943416595,0.625,2,431,40.06890024995664,40.06769266695483,0,1,1789187045.302294,0.0,4,-0.006918102502822876,-17.537128448486328
6.699667021166533,40.131539916968904,0.0,0.0,0.9899790287017822,,0.005759459047112614,599,43179,0.13285379111766815,0.7945042848587036,-0.16797640919685364,0.8000887036323547,0.046127937734127045,0.625,2,432,40.131515666958876,40.130599791998975,0,1,1789187045.3649092,0.0,4,-0.006907382048666477,-17.537128448486328
7.4469580431468785,40.19888941699173,0.0,0.0,0.9889352917671204,,0.006559250003192574,600,43229,0.13285379111766815,0.7947592735290527,-0.1679476648569107,0.8000891208648682,0.046127937734127045,0.625,2,433,40.198879749979824,40.19800187496003,0,1,1789187045.432273,0.0,4,-0.00634442362934351,-17.537128448486328
7.67737504793331,40.26599591696868,0.0,0.0,0.9895794987678528,,0.006400833022780716,601,43329,0.13506808876991272,0.7953118681907654,-0.16788305342197418,0.8000785112380981,0.0472756028175354,0.625,2,434,40.26598433300387,40.26471949997358,0,1,1789187045.499378,0.0,4,-0.006706287618726492,-17.53713035583496
12.379374995362014,40.337751832965296,0.0,0.0,0.9894876480102539,,0.01122674997895956,602,43379,0.1384860724210739,0.7955920696258545,-0.16784967482089996,0.800074577331543,0.04922471567988396,0.625,2,435,40.33773912495235,40.336599249974824,0,1,1789187045.571132,0.0,4,-0.006575510837137699,-17.537134170532227
14.68087499961257,40.40711224998813,0.0,0.0,0.9889923334121704,,0.013616541982628405,603,43480,0.13869473338127136,0.7961393594741821,-0.16778448224067688,0.800085186958313,0.0502854585647583,0.625,2,436,40.40710241696797,40.40604799997527,0,1,1789187045.640496,0.0,4,-0.007079187780618668,-17.537134170532227
18.437875027302653,40.47791158297332,0.0,0.0,0.9884766340255737,,0.017160458024591208,604,43529,0.13869474828243256,0.7964019179344177,-0.1677538901567459,0.8000869750976562,0.050468847155570984,0.625,2,437,40.477901082951576,40.47663420799654,0,1,1789187045.711294,0.0,4,-0.005304815713316202,-17.537134170532227
19.693125039339066,40.544725791958626,0.0,0.0,0.9885128736495972,,0.018459417042322457,605,43578,0.13786399364471436,0.7966700792312622,-0.16772408783435822,0.8000838160514832,0.050468847155570984,0.625,2,438,40.54471204197034,40.54349212499801,0,1,1789187045.778105,0.0,4,-0.004740061704069376,-17.537134170532227
24.212417018134147,40.61572683299892,0.0,0.0,0.9887461066246033,,0.023164209036622196,606,43678,0.13701461255550385,0.7972174286842346,-0.1676686406135559,0.8000710010528564,0.050468847155570984,0.625,2,439,40.61571333295433,40.61467866698513,0,1,1789187045.8491058,0.0,4,-0.004983763676136732,-17.537134170532227
25.96204198198393,40.684260249952786,0.0,0.0,0.9886665344238281,,0.024306416977196932,607,43728,0.13701461255550385,0.797505795955658,-0.16764196753501892,0.8000733852386475,0.05030744522809982,0.625,2,440,40.684245124983136,40.68260466697393,0,1,1789187045.9176378,0.0,4,-0.00479778042063117,-17.537134170532227
4.283916961867362,40.72918008296983,0.0,0.0,0.9880473613739014,,0.0028080829652026296,608,43779,0.13701458275318146,0.7977766990661621,-0.16761848330497742,0.8000791072845459,0.047183871269226074,0.625,2,441,40.72916633298155,40.72770433296682,0,1,1789187045.962559,0.0,4,-0.004174570087343454,-17.53713035583496
5.014249996747822,40.796667207963765,0.2,0.0,0.9879555702209473,,0.0035177500103600323,609,43829,0.13701458275318146,0.7980279922485352,-0.1675969362258911,0.8000826239585876,0.045246999710798264,0.375,1,442,40.796653541969135,40.79517079197103,0,1,1789187046.030046,0.0,4,-0.0035570766776800156,-17.537128448486328
6.563999981153756,40.865031541965436,0.0,0.0,0.9941564798355103,,0.005388333986047655,610,43928,-0.14417274296283722,0.7986065745353699,-0.16755637526512146,0.8000738024711609,0.04676339775323868,0.625,2,443,40.86502037500031,40.86385604197858,0,1,1789187046.098413,0.0,4,0.0039752875454723835,-17.53690528869629
13.6446250253357,40.93923883297248,0.2,0.0,0.9920944571495056,,0.012371333024930209,611,43979,-1.8195890188217163,0.7990179657936096,-0.16757263243198395,0.8000604510307312,0.04796368256211281,0.375,1,444,40.939226582995616,40.937965582998004,0,1,1789187046.172619,0.0,4,0.005994514096528292,-17.535507202148438
16.55208400916308,41.0092209999566,0.0,0.0,0.9909918308258057,,0.014828042010776699,612,44078,-0.9081756472587585,0.8016341328620911,-0.1681155264377594,0.7999058961868286,0.0479455292224884,0.625,2,445,41.009212582954206,41.00749699998414,0,1,1789187046.242605,0.0,4,0.001670686062425375,-17.536272048950195
22.88904198212549,41.08291795797413,0.0,0.0,0.9686329960823059,,0.021331833966542035,613,44128,-1.4472259283065796,0.8033173680305481,-0.16852547228336334,0.7997779250144958,0.05027889087796211,0.625,2,446,41.08290604199283,41.08136091695633,0,1,1789187046.316298,0.0,4,-0.0010803823824971914,-17.535810470581055
2.264208043925464,41.129402999999,0.0,0.0,0.9667260646820068,,0.0011903330450877547,614,44185,-2.139270782470703,0.8051720261573792,-0.1689767837524414,0.7996206879615784,0.05735939368605614,0.625,2,447,41.12939054198796,41.12832920800429,0,1,1789187046.362783,0.0,4,0.005348226986825466,-17.535184860229492
4.778709029778838,41.199172291962896,0.2,0.0,0.9703435301780701,,0.0036675420124083757,615,44231,-0.7422451972961426,0.8070539832115173,-0.16945849359035492,0.7994788885116577,0.06027984619140625,0.375,1,448,41.199158624978736,41.19806124997558,0,1,1789187046.43255,0.0,4,0.0010602707043290138,-17.536636352539062
13.443042000290006,41.27493804198457,0.2,0.0,0.983932614326477,,0.01224474998889491,616,44328,1.006113052368164,0.810921311378479,-0.17050230503082275,0.7992082834243774,0.05724310502409935,0.375,1,449,41.27492712496314,41.2737398329773,0,1,1789187046.508319,0.0,4,0.010192928835749626,-17.538501739501953
12.385708978399634,41.34111166698858,0.2,0.0,0.9869549870491028,,0.010938166989944875,617,44380,-1.7568612098693848,0.8121283054351807,-0.17080780863761902,0.7991431355476379,0.05369805544614792,0.375,1,450,41.34109724999871,41.339664249971975,0,1,1789187046.574489,0.0,4,0.006748519372195005,-17.53582000732422
16.242082987446338,41.41215645795455,0.0,0.0,0.9832164645195007,,0.014856708003208041,618,44479,-3.12351655960083,0.8160387277603149,-0.17177675664424896,0.7990139126777649,0.038460273295640945,0.625,2,451,41.41214645799482,41.410771124996245,0,1,1789187046.645538,0.0,4,0.0075169638730585575,-17.53453254699707
6.181292003020644,41.469576541974675,0.2,0.0,0.9862598180770874,,0.0048155420226976275,619,44532,-2.1363728046417236,0.8197334408760071,-0.17276817560195923,0.7989269495010376,0.03624536469578743,0.375,1,452,41.469565582985524,41.468210874998476,0,1,1789187046.7029572,0.0,4,0.010167122818529606,-17.529420852661133
8.503124990966171,41.53797895798925,0.0,0.0,0.9748573899269104,,0.0073951659724116325,620,44579,-1.4092243909835815,0.8239802718162537,-0.17395800352096558,0.7988597750663757,0.05015164613723755,0.625,2,453,41.53796179196797,41.53687108296435,0,1,1789187046.771353,0.0,4,0.004128701519221067,-17.529970169067383
10.920917033217847,41.6078062079614,0.0,0.0,0.9746969938278198,,0.009801417007111013,621,44629,-1.1189594268798828,0.8281092643737793,-0.1751229614019394,0.7988277673721313,0.06327417492866516,0.625,2,454,41.607793082948774,41.60668674996123,0,1,1789187046.841184,0.0,4,0.0062399678863584995,-17.53023910522461
18.154542020056397,41.68247779196827,0.2,0.0,0.9614714980125427,,0.017015792021993548,622,44729,-0.41720855236053467,0.8349806070327759,-0.17704521119594574,0.7988553047180176,0.060757238417863846,0.375,1,455,41.68246687494684,41.68133912497433,0,1,1789187046.915858,0.0,4,0.0033921957947313786,-17.53099822998047
23.05095799965784,41.75501679198351,0.2,0.0,0.9762978553771973,,0.021960082987789065,623,44780,1.749343752861023,0.8389095067977905,-0.1781795471906662,0.7989007234573364,0.05560152977705002,0.375,1,456,41.75500391697278,41.75392595794983,0,1,1789187046.988395,0.0,4,0.016726920381188393,-17.5273380279541
3.540750010870397,41.80252433300484,0.2,0.0,0.9637964963912964,,0.0023079999955371022,624,44828,1.7215737104415894,0.8422797918319702,-0.17917229235172272,0.798957109451294,0.05561051890254021,0.375,1,457,41.802511457994115,41.80129162495723,0,1,1789187047.035902,0.0,4,0.0025844539050012827,-17.527313232421875
7.25229101954028,41.873804249975365,0.2,0.0,0.9726303219795227,,0.006155916023999453,625,44929,-3.0075268745422363,0.8480305671691895,-0.18078210949897766,0.7990407347679138,0.04567881301045418,0.375,1,458,41.87378866696963,41.87270795798395,0,1,1789187047.107179,0.0,4,0.014169296249747276,-17.52396583557129
14.73991700913757,41.948407166986726,0.0,0.0,0.985988438129425,,0.013715500012040138,626,44979,-2.0772957801818848,0.8525533080101013,-0.18204475939273834,0.7990239262580872,0.03142428398132324,0.625,2,459,41.948396166961174,41.94738287496148,0,1,1789187047.1817868,0.0,4,0.008251317776739597,-17.527847290039062
19.796084030531347,42.02060370799154,0.0,0.0,0.9934080839157104,,0.018575292022433132,627,45078,-1.7112846374511719,0.8617147207260132,-0.18464870750904083,0.799009382724762,0.04731755703687668,0.625,2,460,42.020593416993506,42.0193829999771,0,1,1789187047.253984,0.0,4,0.012009897269308567,-17.533662796020508
4.360708000604063,42.07251633296255,0.2,0.0,0.9883922934532166,,0.0024695000029169023,628,45129,-0.7746414542198181,0.8668685555458069,-0.18610915541648865,0.7990235686302185,0.05906786024570465,0.375,1,461,42.07250470796134,42.07062524999492,0,1,1789187047.3058949,0.0,4,-0.008326455019414425,-17.537656784057617
5.131958983838558,42.140352624992374,0.2,0.0,0.9581533074378967,,0.003922417003195733,629,45178,1.6369284391403198,0.8719806671142578,-0.18759557604789734,0.7990570068359375,0.058620963245630264,0.375,1,462,42.14033687498886,42.139143124979455,0,1,1789187047.373727,0.0,4,0.00877232663333416,-17.540178298950195
5.949000013060868,42.20823487499729,0.2,0.0,0.9681633710861206,,0.004387041029985994,630,45230,1.7590099573135376,0.8765407800674438,-0.18894876539707184,0.7991040349006653,0.054477229714393616,0.375,1,463,42.20822445797967,42.20667295798194,0,1,1789187047.4416142,0.0,4,0.011980455368757248,-17.54032325744629
4.694584000390023,42.27373716695001,0.2,0.0,0.980488657951355,,0.0036092919763177633,631,45328,-2.824693202972412,0.8843300938606262,-0.19119948148727417,0.7991877198219299,0.04769587516784668,0.375,1,464,42.2737264999887,42.272651999956,0,1,1789187047.507117,0.0,4,0.02190254256129265,-17.53614044189453
12.593083025421947,42.3482066669967,0.2,0.0,0.9703613519668579,,0.010812415974214673,632,45378,-2.0514841079711914,0.8884410262107849,-0.19234280288219452,0.7991834282875061,0.040125586092472076,0.375,1,465,42.34819708298892,42.34642608294962,0,1,1789187047.5815868,0.0,4,0.01577756181359291,-17.53672218322754
19.524583010934293,42.42125283298083,0.2,0.0,0.9901735782623291,,0.01836600003298372,633,45478,-1.6467751264572144,0.9002063274383545,-0.19575196504592896,0.7991796135902405,0.04658550024032593,0.375,1,466,42.421242207987234,42.420094417000655,0,1,1789187047.6546319,0.0,4,0.01860649883747101,-17.531204223632812
2.428041014354676,42.46979324996937,0.0,0.0,0.9843840599060059,,0.0013587080175057054,634,45528,-2.4066998958587646,0.9060337543487549,-0.19742579758167267,0.7992157936096191,0.05718150734901428,0.625,2,467,42.46978279197356,42.468723999976646,0,1,1789187047.7031732,0.0,4,0.02092605084180832,-17.528602600097656
3.4040409955196083,42.53710437496193,0.2,0.0,0.9404870271682739,,0.0024339579977095127,635,45579,-1.7061139345169067,0.9130828380584717,-0.19947609305381775,0.7992694973945618,0.058281321078538895,0.375,1,468,42.53709254198475,42.53613437496824,0,1,1789187047.7704818,0.0,4,0.014162576757371426,-17.52911949157715
8.490374952089041,42.60925387497991,0.0,0.0,0.9916229844093323,,0.006939041952136904,636,45678,1.873267412185669,0.9247334003448486,-0.20289775729179382,0.7994307279586792,0.056441545486450195,0.625,2,469,42.60924324998632,42.60770266695181,0,1,1789187047.842633,0.0,4,-0.0006222726078704,-17.532638549804688
10.40529104648158,42.678196499997284,0.2,0.0,0.9717018604278564,,0.00912562501616776,637,45729,0.6930608153343201,0.9299894571304321,-0.2044661045074463,0.7995317578315735,0.06138065457344055,0.375,1,470,42.678184249962214,42.676916916971095,0,1,1789187047.9115741,0.0,4,0.014808623120188713,-17.531404495239258
14.461709011811763,42.749274499947205,0.0,0.0,0.9770140051841736,,0.013165834010578692,638,45779,0.019005607813596725,0.9351400136947632,-0.2059853971004486,0.7996106147766113,0.05942036956548691,0.625,2,471,42.74926249997225,42.7479786669719,0,1,1789187047.982652,0.0,4,0.0335044339299202,-17.530681610107422
13.686958001926541,42.81556829198962,0.0,0.0,0.9861483573913574,,0.012358625011984259,639,45879,0.814423143863678,0.944794237613678,-0.20882368087768555,0.7996390461921692,0.03421356528997421,0.625,2,472,42.81555895798374,42.8142400420038,0,1,1789187048.048948,0.0,4,0.025353411212563515,-17.531564712524414
11.977999994996935,42.88092233298812,0.0,0.0,0.9731314182281494,,0.010950708005111665,640,45928,0.12382516264915466,0.9495634436607361,-0.21019457280635834,0.7996188402175903,0.033805157989263535,0.625,2,473,42.880910332954954,42.87989508296596,0,1,1789187048.1142988,0.0,4,0.010583769530057907,-17.531164169311523
17.64395902864635,42.952555208001286,0.0,0.0,0.9932307004928589,,0.01619791699340567,641,45978,1.275627851486206,0.9542005658149719,-0.2115161269903183,0.7996028661727905,0.036755893379449844,0.625,2,474,42.95253762498032,42.9511092499597,0,1,1789187048.185927,0.0,4,0.004600965417921543,-17.531879425048828
23.69708300102502,43.02501420798944,0.0,0.0,0.9962756633758545,,0.02229791699210182,642,46078,2.2922451496124268,0.9628310203552246,-0.21401193737983704,0.7996142506599426,0.03730224817991257,0.625,2,475,43.02500429196516,43.02361516695237,0,1,1789187048.258393,0.0,4,0.003412002231925726,-17.53253936767578
5.60066697653383,43.07415491697611,0.0,0.0,0.9835792183876038,,0.004423333972226828,643,46128,1.3652223348617554,0.9665992259979248,-0.21508345007896423,0.7996560335159302,0.03728300333023071,0.625,2,476,43.07414495799458,43.07297766697593,0,1,1789187048.307534,0.0,4,0.016269847750663757,-17.531936645507812
5.166042014025152,43.1403691250016,0.0,0.0,0.9904751181602478,,0.0036629580426961184,644,46179,1.5246455669403076,0.9700679779052734,-0.2160552740097046,0.7997213006019592,0.03643472492694855,0.625,2,477,43.14035545795923,43.13886608299799,0,1,1789187048.373745,0.0,4,0.00821129884570837,-17.526269912719727
9.540083992760628,43.210957125003915,0.0,0.0,0.9909521341323853,,0.008276583976112306,645,46278,1.7071481943130493,0.9759252667427063,-0.2176879197359085,0.7998890280723572,0.03210841119289398,0.625,2,478,43.21094662498217,43.20969366695499,0,1,1789187048.4443352,0.0,4,0.009122835472226143,-17.520572662353516
19.33129201643169,43.287919666967355,0.0,0.0,0.9875251054763794,,0.015956084011122584,646,46328,1.096022605895996,0.9787126779556274,-0.2184460610151291,0.7999929785728455,0.03356722742319107,0.625,2,479,43.287907833000645,43.28454454196617,0,1,1789187048.5212958,0.0,4,0.0156244533136487,-17.514528274536133
26.76933299517259,43.36245879199123,0.0,0.0,0.9902764558792114,,0.024670499959029257,647,46429,1.1847599744796753,0.9836273789405823,-0.2197597324848175,0.8002163171768188,0.036268450319767,0.625,2,480,43.36244825000176,43.36036004195921,0,1,1789187048.5958369,0.0,4,0.010554253123700619,-17.517969131469727
9.946207981556654,43.41292449994944,0.0,0.0,0.9920197129249573,,0.008466041996143758,648,46478,1.1606500148773193,0.9856171011924744,-0.22028909623622894,0.8003175258636475,0.03632296249270439,0.625,2,481,43.4129151669913,43.41144441696815,0,1,1789187048.646303,0.0,4,0.011328602209687233,-17.520580291748047
25.02920903498307,43.49497366696596,0.0,0.0,0.98804771900177,,0.023863667040131986,649,46528,0.8773603439331055,0.9877363443374634,-0.22084663808345795,0.8004350662231445,0.03641609847545624,0.625,2,482,43.49495849997038,43.493808250001166,0,1,1789187048.7283468,0.0,4,0.017603471875190735,-17.52583885192871
4.884290974587202,43.540901125001255,0.0,0.0,0.9839982986450195,,0.0036271249991841614,650,46579,0.7028312683105469,0.9896867871284485,-0.22135303914546967,0.8005543947219849,0.03907441347837448,0.625,2,483,43.540888166986406,43.53964404197177,0,1,1789187048.774276,0.0,4,0.020785948261618614,-17.531435012817383
14.052707992959768,43.616938291990664,0.0,0.0,0.9888949394226074,,0.012762165977619588,651,46678,0.813879132270813,0.9932412505149841,-0.22226959466934204,0.8007839322090149,0.039903268218040466,0.625,2,484,43.616926832997706,43.61564783297945,0,1,1789187048.850315,0.0,4,0.021693984046578407,-17.53778648376465
15.100124990567565,43.68491799995536,0.0,0.0,0.9798957109451294,,0.013852665957529098,652,46728,0.7133837342262268,0.994749903678894,-0.2226434051990509,0.8008754253387451,0.040755730122327805,0.625,2,485,43.684906999988016,43.68367058294825,0,1,1789187048.9182951,0.0,4,0.02444269508123398,-17.537853240966797
15.896124998107553,43.75279291695915,0.0,0.0,0.9744754433631897,,0.014804165984969586,653,46778,0.5810589790344238,0.9961941838264465,-0.22300337255001068,0.8009706735610962,0.04075464978814125,0.625,2,486,43.7527799999807,43.75170108297607,0,1,1789187048.9861681,0.0,4,0.02680106647312641,-17.537755966186523
20.989124954212457,43.824942166975234,0.0,0.0,0.9779098033905029,,0.0196898749563843,654,46878,0.606687068939209,0.9989017844200134,-0.22366850078105927,0.8011355996131897,0.04075484350323677,0.625,2,487,43.82492745795753,43.82364304194925,0,1,1789187049.058315,0.0,4,0.024210583418607712,-17.53777313232422
3.959125024266541,43.87305979197845,0.0,0.0,0.9726552963256836,,0.0027850830228999257,655,46931,0.5613346099853516,1.0002243518829346,-0.22398211061954498,0.8012092113494873,0.039056356996297836,0.625,2,488,43.873047457949724,43.87188583298121,0,1,1789187049.106435,0.0,4,0.02553516998887062,-17.53750991821289
6.181291013490409,43.94152187497821,0.0,0.0,0.9673362970352173,,0.0049149999977089465,656,46978,0.4891892373561859,1.0012222528457642,-0.22421856224536896,0.8012629151344299,0.03804328292608261,0.625,2,489,43.94150899996748,43.94025566696655,0,1,1789187049.1748962,0.0,4,0.025353342294692993,-17.53468894958496
7.450458011589944,44.00962779199472,0.0,0.0,0.9679930210113525,,0.006476750015281141,657,47028,0.45891228318214417,1.002351999282837,-0.22448429465293884,0.8013174533843994,0.038015201687812805,0.625,2,490,44.00961412495235,44.0086541249766,0,1,1789187049.243001,0.0,4,0.02613675780594349,-17.531248092651367
8.564084011595696,44.07729433296481,0.0,0.0,0.9678114056587219,,0.00738766702124849,658,47129,0.44808104634284973,1.0043058395385742,-0.2249218374490738,0.8013901114463806,0.03744718059897423,0.625,2,491,44.07728391699493,44.07611799996812,0,1,1789187049.310671,0.0,4,0.024234335869550705,-17.528467178344727
13.069708016701043,44.149136832973454,0.2,0.0,0.969050943851471,,0.011624125007074326,659,47179,0.39683839678764343,1.0052369832992554,-0.2251284271478653,0.8014105558395386,0.03709520027041435,0.375,1,492,44.14912595797796,44.14769129198976,0,1,1789187049.3825128,0.0,4,0.025181667879223824,-17.52843475341797
13.540541986003518,44.21703370800242,0.2,0.0,0.9548366069793701,,0.012148584006354213,660,47279,0.1544472575187683,1.0068190097808838,-0.22545987367630005,0.801421582698822,0.037094440311193466,0.375,1,493,44.2170102079981,44.215642041992396,0,1,1789187049.450399,0.0,4,0.018566129729151726,-17.528278350830078
15.921792015433311,44.28663758299081,0.0,0.0,0.9703931212425232,,0.01490887498948723,661,47328,-1.5870953798294067,1.0077600479125977,-0.22566567361354828,0.8014050126075745,0.03710850328207016,0.625,2,494,44.28662637498928,44.285624749958515,0,1,1789187049.520013,0.0,4,0.05263775959610939,-17.52715301513672
20.410874974913895,44.35841024998808,0.0,0.0,0.9790456295013428,,0.019144582969602197,662,47378,-3.527097225189209,1.009164571762085,-0.22598983347415924,0.8013612031936646,0.03716469556093216,0.625,2,495,44.35839299997315,44.357143999950495,0,1,1789187049.5917802,0.0,4,0.021719597280025482,-17.52589225769043
2.7165000210516155,44.40720854199026,0.2,0.0,0.9581466317176819,,0.0011454999912530184,663,47428,-3.1485648155212402,1.0116738080978394,-0.22662603855133057,0.8012630939483643,0.03715037554502487,0.375,1,496,44.407197541964706,44.405637624964584,0,1,1789187049.640584,0.0,4,0.019731365144252777,-17.526142120361328
2.810249978210777,44.472975124954246,0.0,0.0,0.9799211621284485,,0.00150433398084715,664,47529,0.9567497372627258,1.017458200454712,-0.22818845510482788,0.8010335564613342,0.05526812747120857,0.625,2,497,44.47296004195232,44.47166929196101,0,1,1789187049.706347,0.0,4,0.0126181123778224,-17.529088973999023
9.102875017561018,44.54596533300355,0.0,0.0,0.9726991653442383,,0.008055790967773646,665,47583,-1.4618717432022095,1.0198426246643066,-0.22885386645793915,0.8008941411972046,0.06441017985343933,0.625,2,498,44.545953541994095,44.54491833294742,0,1,1789187049.77934,0.0,4,0.05713384225964546,-17.526491165161133
7.778958999551833,44.61172133299988,0.0,0.0,0.9818779230117798,,0.006765208963770419,666,47632,-2.222602128982544,1.0223393440246582,-0.22952614724636078,0.8007011413574219,0.06089060753583908,0.625,2,499,44.61170879198471,44.61070766695775,0,1,1789187049.845095,0.0,4,0.010678389109671116,-17.528226852416992
7.570874993689358,44.677266041981056,0.0,0.0,0.9802783131599426,,0.006487209000624716,667,47732,2.652519464492798,1.0274550914764404,-0.23093117773532867,0.8002222180366516,0.04655059427022934,0.625,2,500,44.677252541994676,44.676182416966185,0,1,1789187049.910639,0.0,4,0.018447477370500565,-17.53679084777832
7.304917031433433,44.74415616696933,0.2,0.0,0.9786233901977539,,0.006153542024549097,668,47778,1.483508825302124,1.0292508602142334,-0.2314355969429016,0.7999503016471863,0.05350362882018089,0.375,1,501,44.7441425829893,44.743004916992504,0,1,1789187049.977529,0.0,4,0.012153854593634605,-17.535751342773438
9.415792010258883,44.81331654195674,0.2,0.0,0.9671828746795654,,0.007974250009283423,669,47833,-0.0011268461821600795,1.0305997133255005,-0.2317691147327423,0.7997212409973145,0.05434437468647957,0.375,1,502,44.813303332950454,44.81187508295989,0,1,1789187050.046689,0.0,4,0.013761484064161777,-17.534334182739258
8.59962496906519,44.878106832969934,0.2,0.0,0.9947538375854492,,0.007387707999441773,670,47929,-0.7448163628578186,1.033830165863037,-0.23256725072860718,0.7993965148925781,0.02940491959452629,0.375,1,503,44.87809495796682,44.87689508299809,0,1,1789187050.1114812,0.0,4,0.02238473668694496,-17.533964157104492
10.936667036730796,44.94780649995664,0.0,0.0,0.9645202159881592,,0.009871125046629459,671,47987,-2.984873056411743,1.03632390499115,-0.23318888247013092,0.7992677688598633,0.03340783342719078,0.625,2,504,44.94779299997026,44.946741082996596,0,1,1789187050.1811788,0.0,4,0.03438928350806236,-17.53278923034668
,,,,,after-land,,,54829,,1.1019943952560425,-0.24563582241535187,0.019892493262887,,,,,52.02840633300366,,,,,,,,
